CustomerID,TotalRevenue,TotalOrders,TotalItems,AvgOrderValue,FirstPurchase,LastPurchase,CustomerLifespanDays,RevenueBracket,FreqBracket
12346,77183.6,1,74215,77183.6,2011-01-18 10:01:00,2011-01-18 10:01:00,0,£10k+,1 order
12347,4310.0,7,2458,23.681318681318682,2010-12-07 14:57:00,2011-12-07 15:52:00,365,£1k-5k,5-9 orders
12348,1797.24,4,2341,57.97548387096774,2010-12-16 19:09:00,2011-09-25 13:13:00,282,£1k-5k,3-4 orders
12349,1757.55,1,631,24.076027397260273,2011-11-21 09:51:00,2011-11-21 09:51:00,0,£1k-5k,1 order
12350,334.4,1,197,19.670588235294115,2011-02-02 16:01:00,2011-02-02 16:01:00,0,£100-500,1 order
12352,2506.04,8,536,29.482823529411764,2011-02-16 12:33:00,2011-11-03 14:37:00,260,£1k-5k,5-9 orders
12353,89.0,1,20,22.25,2011-05-19 17:47:00,2011-05-19 17:47:00,0,£0-100,1 order
12354,1079.4,1,530,18.610344827586207,2011-04-21 13:11:00,2011-04-21 13:11:00,0,£1k-5k,1 order
12355,459.4,1,240,35.33846153846154,2011-05-09 13:49:00,2011-05-09 13:49:00,0,£100-500,1 order
12356,2811.43,3,1591,47.65135593220339,2011-01-18 09:50:00,2011-11-17 08:40:00,302,£1k-5k,3-4 orders
12357,6207.67,1,2708,47.38679389312977,2011-11-06 16:07:00,2011-11-06 16:07:00,0,£5k-10k,1 order
12358,1168.06,2,248,61.47684210526315,2011-07-12 10:04:00,2011-12-08 10:26:00,149,£1k-5k,2 orders
12359,6372.58,4,1622,25.695887096774193,2011-01-12 12:43:00,2011-10-13 12:47:00,274,£5k-10k,3-4 orders
12360,2662.06,3,1165,20.63612403100775,2011-05-23 09:43:00,2011-10-18 15:22:00,148,£1k-5k,3-4 orders
12361,189.9,1,91,18.990000000000002,2011-02-25 13:51:00,2011-02-25 13:51:00,0,£100-500,1 order
12362,5226.23,10,2229,19.647481203007516,2011-02-17 10:30:00,2011-12-06 15:40:00,292,£5k-10k,10-19 orders
12363,552.0,2,408,24.0,2011-04-11 13:29:00,2011-08-22 10:18:00,132,£500-1k,2 orders
12364,1313.1,4,1506,15.448235294117646,2011-08-19 15:24:00,2011-12-02 10:22:00,104,£1k-5k,3-4 orders
12365,641.38,2,174,29.153636363636362,2011-02-21 13:51:00,2011-02-21 14:04:00,0,£500-1k,2 orders
12367,168.9,1,173,15.354545454545455,2011-12-05 16:48:00,2011-12-05 16:48:00,0,£100-500,1 order
12370,3545.69,4,2353,21.231676646706585,2010-12-14 12:58:00,2011-10-19 14:51:00,309,£1k-5k,3-4 orders
12371,1887.96,2,591,29.96761904761905,2011-10-11 10:43:00,2011-10-26 10:16:00,14,£1k-5k,2 orders
12372,1298.04,3,794,24.962307692307693,2011-02-16 12:46:00,2011-09-29 12:12:00,224,£1k-5k,3-4 orders
12373,364.6,1,197,26.042857142857144,2011-02-01 13:10:00,2011-02-01 13:10:00,0,£100-500,1 order
12374,742.9300000000001,1,342,22.513030303030305,2011-11-14 15:37:00,2011-11-14 15:37:00,0,£500-1k,1 order
12375,457.5,2,178,26.91176470588235,2011-09-02 14:23:00,2011-11-29 10:36:00,87,£100-500,2 orders
12377,1628.12,2,944,21.144415584415583,2010-12-20 09:37:00,2011-01-28 15:45:00,39,£1k-5k,2 orders
12378,4008.62,1,2529,18.30420091324201,2011-08-02 10:34:00,2011-08-02 10:34:00,0,£1k-5k,1 order
12379,852.24,2,407,21.306,2011-06-22 16:32:00,2011-09-19 10:09:00,88,£500-1k,2 orders
12380,2724.81,4,1127,26.200096153846154,2011-06-07 09:49:00,2011-11-18 11:27:00,164,£1k-5k,3-4 orders
12381,1845.31,5,808,21.21045977011494,2011-08-12 09:57:00,2011-12-05 12:44:00,115,£1k-5k,5-9 orders
12383,1850.56,5,1532,18.69252525252525,2010-12-22 14:28:00,2011-06-08 08:02:00,167,£1k-5k,5-9 orders
12384,585.27,2,126,21.676666666666666,2011-08-10 11:23:00,2011-11-11 08:39:00,92,£500-1k,2 orders
12386,401.9,2,354,40.19,2010-12-08 09:53:00,2011-01-06 12:37:00,29,£100-500,2 orders
12388,2780.66,6,1462,27.8066,2011-01-17 11:12:00,2011-11-24 12:30:00,311,£1k-5k,5-9 orders
12390,549.84,1,353,17.1825,2011-09-21 09:33:00,2011-09-21 09:33:00,0,£500-1k,1 order
12391,460.89,1,300,4.6089,2011-11-18 12:07:00,2011-11-18 12:07:00,0,£100-500,1 order
12393,1582.6000000000001,4,816,24.728125000000002,2011-01-11 09:47:00,2011-09-28 15:41:00,260,£1k-5k,3-4 orders
12394,1272.48,2,819,47.12888888888889,2011-05-06 14:01:00,2011-10-07 08:08:00,153,£1k-5k,2 orders
12395,3018.63,12,2118,19.350192307692307,2010-12-03 16:35:00,2011-11-20 15:21:00,351,£1k-5k,10-19 orders
12397,2409.9,2,1263,19.126190476190477,2011-07-27 14:21:00,2011-11-04 09:52:00,99,£1k-5k,2 orders
12398,1635.6599999999999,1,1394,19.24305882352941,2011-10-25 10:27:00,2011-10-25 10:27:00,0,£1k-5k,1 order
12399,1108.65,4,1178,18.790677966101697,2011-03-23 09:42:00,2011-08-12 13:15:00,142,£1k-5k,3-4 orders
12401,84.3,1,11,16.86,2011-02-09 13:50:00,2011-02-09 13:50:00,0,£0-100,1 order
12402,225.6,1,94,20.509090909090908,2011-01-20 13:49:00,2011-01-20 13:49:00,0,£100-500,1 order
12403,427.7,1,96,85.53999999999999,2011-10-21 10:51:00,2011-10-21 10:51:00,0,£100-500,1 order
12405,1710.39,1,857,31.67388888888889,2011-07-14 08:52:00,2011-07-14 08:52:00,0,£1k-5k,1 order
12406,3415.3,2,1818,32.52666666666667,2011-06-09 10:23:00,2011-11-17 19:22:00,161,£1k-5k,2 orders
12407,1708.1200000000001,5,1416,22.183376623376624,2011-03-20 13:21:00,2011-10-21 10:11:00,214,£1k-5k,5-9 orders
12408,2888.55,5,1409,27.51,2011-03-24 14:46:00,2011-11-07 12:27:00,227,£1k-5k,5-9 orders
12409,11072.67,3,5551,101.58412844036697,2011-06-10 12:19:00,2011-09-22 10:38:00,103,£10k+,3-4 orders
12410,693.3299999999999,2,211,26.666538461538458,2011-02-04 10:38:00,2011-02-04 10:39:00,0,£500-1k,2 orders
12412,1226.88,3,829,20.112786885245903,2011-06-23 13:51:00,2011-09-26 10:16:00,94,£1k-5k,3-4 orders
12413,758.1,3,286,19.95,2011-01-06 16:12:00,2011-10-04 09:00:00,270,£500-1k,3-4 orders
12414,562.41,3,300,31.244999999999997,2011-02-02 14:51:00,2011-05-06 14:51:00,93,£500-1k,3-4 orders
12415,124914.53,21,77374,174.95032212885152,2011-01-06 11:12:00,2011-11-15 14:22:00,313,£10k+,20+ orders
12417,3649.1,9,1552,19.005729166666665,2010-12-17 11:51:00,2011-12-06 14:52:00,354,£1k-5k,5-9 orders
12418,668.58,1,407,19.664117647058823,2011-08-19 11:08:00,2011-08-19 11:08:00,0,£500-1k,1 order
12420,600.39,1,345,20.70310344827586,2011-10-07 08:55:00,2011-10-07 08:55:00,0,£500-1k,1 order
12421,807.04,4,484,17.93422222222222,2011-01-24 15:09:00,2011-11-24 09:07:00,303,£500-1k,3-4 orders
12422,803.5600000000001,3,370,20.604102564102565,2011-01-19 09:13:00,2011-09-05 09:48:00,229,£500-1k,3-4 orders
12423,1859.31,8,1339,14.87448,2010-12-21 10:54:00,2011-12-09 10:10:00,352,£1k-5k,5-9 orders
12424,1760.96,2,740,58.69866666666667,2011-06-30 12:06:00,2011-06-30 12:06:00,0,£1k-5k,2 orders
12425,777.2,1,496,21.58888888888889,2011-09-22 17:31:00,2011-09-22 17:31:00,0,£500-1k,1 order
12426,582.73,1,258,19.424333333333333,2011-05-29 12:26:00,2011-05-29 12:26:00,0,£500-1k,1 order
12427,825.8,3,533,26.638709677419353,2010-12-03 10:44:00,2011-11-18 08:56:00,349,£500-1k,3-4 orders
12428,7956.46,9,3536,27.062789115646257,2011-03-01 09:33:00,2011-11-14 08:22:00,257,£5k-10k,5-9 orders
12429,3750.4,4,1557,38.66391752577319,2010-12-09 12:05:00,2011-11-30 17:22:00,356,£1k-5k,3-4 orders
12430,256.4,1,117,23.30909090909091,2011-10-27 15:09:00,2011-10-27 15:09:00,0,£100-500,1 order
12431,6487.45,15,2906,27.606170212765957,2010-12-01 10:03:00,2011-11-04 11:55:00,338,£5k-10k,10-19 orders
12432,5059.32,5,1801,46.845555555555556,2011-06-20 13:27:00,2011-10-28 11:43:00,129,£5k-10k,5-9 orders
12433,13375.87,7,11071,31.847309523809525,2010-12-01 13:24:00,2011-12-09 10:02:00,372,£10k+,5-9 orders
12434,806.14,2,394,16.122799999999998,2011-03-24 13:05:00,2011-09-16 12:38:00,175,£500-1k,2 orders
12435,7829.89,2,2055,217.49694444444447,2011-03-17 07:40:00,2011-09-21 09:06:00,188,£5k-10k,2 orders
12436,509.01,1,211,31.813125,2011-09-01 12:09:00,2011-09-01 12:09:00,0,£500-1k,1 order
12437,4951.41,18,2922,24.88145728643216,2011-01-12 14:13:00,2011-12-08 11:35:00,329,£1k-5k,10-19 orders
12438,2906.85,2,1180,29.66173469387755,2011-07-22 13:29:00,2011-11-25 13:28:00,125,£1k-5k,2 orders
12441,173.55,1,121,15.77727272727273,2010-12-08 10:45:00,2010-12-08 10:45:00,0,£100-500,1 order
12442,172.06,1,182,14.338333333333333,2011-12-06 14:22:00,2011-12-06 14:22:00,0,£100-500,1 order
12444,5005.46,5,1153,28.440113636363638,2011-06-21 14:00:00,2011-11-18 13:23:00,149,£5k-10k,5-9 orders
12445,133.4,1,62,33.35,2011-11-17 18:43:00,2011-11-17 18:43:00,0,£100-500,1 order
12446,1002.3100000000001,1,351,17.584385964912283,2011-10-13 12:50:00,2011-10-13 12:50:00,0,£1k-5k,1 order
12447,476.49,1,190,18.326538461538462,2011-04-10 13:25:00,2011-04-10 13:25:00,0,£100-500,1 order
12448,449.45,1,243,20.429545454545455,2011-10-26 13:46:00,2011-10-26 13:46:00,0,£100-500,1 order
12449,4067.29,4,1553,21.294712041884818,2011-06-05 15:37:00,2011-11-17 13:46:00,164,£1k-5k,3-4 orders
12450,197.88,2,128,24.735,2011-06-19 14:36:00,2011-07-06 14:41:00,17,£100-500,2 orders
12451,9035.52,5,6575,25.524067796610172,2011-01-19 09:05:00,2011-11-29 08:40:00,313,£5k-10k,5-9 orders
12452,430.57,2,185,19.571363636363635,2011-11-23 08:05:00,2011-11-23 10:28:00,0,£100-500,2 orders
12453,707.09,1,473,16.443953488372095,2011-07-28 14:08:00,2011-07-28 14:08:00,0,£500-1k,1 order
12454,3528.34,1,1006,235.22266666666667,2011-10-14 17:13:00,2011-10-14 17:13:00,0,£1k-5k,1 order
12455,2466.86,6,2089,27.409555555555556,2011-02-16 09:56:00,2011-09-27 15:31:00,223,£1k-5k,5-9 orders
12456,3181.04,3,1633,25.44832,2011-03-30 09:12:00,2011-10-26 14:41:00,210,£1k-5k,3-4 orders
12457,2363.23,7,843,38.11661290322581,2011-04-14 18:57:00,2011-10-04 13:13:00,172,£1k-5k,5-9 orders
12458,947.4,2,506,24.931578947368422,2011-02-28 10:55:00,2011-09-29 15:25:00,213,£500-1k,2 orders
12461,826.88,2,287,23.62514285714286,2011-07-08 10:23:00,2011-09-06 16:57:00,60,£500-1k,2 orders
12462,1189.59,2,536,19.186935483870965,2011-02-09 14:44:00,2011-11-21 09:11:00,284,£1k-5k,2 orders
12463,1344.78,4,776,16.202168674698793,2011-04-12 12:47:00,2011-10-17 13:44:00,188,£1k-5k,3-4 orders
12464,1212.05,8,112,41.79482758620689,2011-02-03 13:30:00,2011-11-29 13:33:00,299,£1k-5k,5-9 orders
12465,742.1899999999999,2,479,15.79127659574468,2011-06-23 13:37:00,2011-11-22 16:34:00,152,£500-1k,2 orders
12468,729.5400000000001,2,366,19.19842105263158,2011-01-27 13:29:00,2011-06-05 11:36:00,128,£500-1k,2 orders
12471,19824.05,30,8212,43.09576086956522,2010-12-10 09:35:00,2011-12-07 15:43:00,362,£10k+,20+ orders
12472,6572.11,7,4148,19.386755162241887,2010-12-05 14:19:00,2011-11-07 14:01:00,336,£5k-10k,5-9 orders
12473,3938.5499999999997,5,2439,23.443749999999998,2011-06-01 10:15:00,2011-11-10 13:46:00,162,£1k-5k,5-9 orders
12474,7375.79,18,4847,17.395731132075472,2011-01-14 10:06:00,2011-11-22 14:39:00,312,£5k-10k,10-19 orders
12475,723.38,1,535,20.093888888888888,2011-10-17 10:10:00,2011-10-17 10:10:00,0,£500-1k,1 order
12476,6816.42,11,2408,29.255021459227468,2010-12-13 14:39:00,2011-11-24 12:40:00,345,£5k-10k,10-19 orders
12477,13219.74,6,3653,44.065799999999996,2011-02-11 12:45:00,2011-11-17 09:51:00,278,£10k+,5-9 orders
12478,680.99,1,236,18.91638888888889,2011-12-06 09:56:00,2011-12-06 09:56:00,0,£500-1k,1 order
12479,527.2,1,385,17.006451612903227,2011-11-28 13:26:00,2011-11-28 13:26:00,0,£500-1k,1 order
12480,3281.63,4,1707,21.309285714285714,2011-01-07 15:27:00,2011-11-11 14:52:00,307,£1k-5k,3-4 orders
12481,5596.32,10,3304,25.789493087557602,2010-12-09 10:13:00,2011-11-17 08:29:00,342,£5k-10k,10-19 orders
12483,2484.98,8,1110,33.133066666666664,2011-01-04 14:20:00,2011-11-22 17:02:00,322,£1k-5k,5-9 orders
12484,4541.72,6,2191,13.126358381502891,2011-01-07 14:04:00,2011-11-07 11:37:00,303,£1k-5k,5-9 orders
12488,1298.66,3,529,23.612000000000002,2011-09-25 10:34:00,2011-11-30 08:50:00,65,£1k-5k,3-4 orders
12489,334.93,1,105,22.328666666666667,2011-01-07 13:13:00,2011-01-07 13:13:00,0,£100-500,1 order
12490,5417.93,10,3064,22.114,2011-01-14 09:13:00,2011-12-04 16:07:00,324,£5k-10k,10-19 orders
12491,460.40000000000003,1,260,17.70769230769231,2011-11-01 12:18:00,2011-11-01 12:18:00,0,£100-500,1 order
12492,263.21000000000004,2,192,13.160500000000003,2011-08-26 14:51:00,2011-10-07 15:15:00,42,£100-500,2 orders
12493,433.74,2,207,19.715454545454545,2011-05-26 14:53:00,2011-06-27 10:17:00,31,£100-500,2 orders
12494,1246.1000000000001,7,707,16.183116883116885,2010-12-09 11:31:00,2011-11-24 09:34:00,349,£1k-5k,5-9 orders
12497,1043.1,1,1236,74.50714285714285,2011-09-19 12:29:00,2011-09-19 12:29:00,0,£1k-5k,1 order
12498,403.70000000000005,3,159,17.55217391304348,2011-10-13 09:30:00,2011-11-18 12:53:00,36,£100-500,3-4 orders
12500,4257.82,11,2678,69.80032786885245,2011-01-10 09:48:00,2011-11-16 16:20:00,310,£1k-5k,10-19 orders
12501,2169.39,1,1783,14.559664429530201,2011-01-07 12:28:00,2011-01-07 12:28:00,0,£1k-5k,1 order
12502,3723.87,5,820,25.332448979591835,2011-02-03 10:41:00,2011-09-05 11:52:00,214,£1k-5k,5-9 orders
12504,482.04999999999995,2,90,53.5611111111111,2011-11-09 14:56:00,2011-11-21 16:02:00,12,£100-500,2 orders
12506,73.5,1,23,3.1956521739130435,2011-04-21 08:54:00,2011-04-21 08:54:00,0,£0-100,1 order
12507,1304.81,3,894,62.13380952380952,2011-02-14 09:24:00,2011-07-28 17:09:00,164,£1k-5k,3-4 orders
12508,398.27,2,272,5.772028985507246,2011-11-10 16:27:00,2011-11-13 15:37:00,2,£100-500,2 orders
12509,176.5,1,55,25.214285714285715,2011-02-28 14:45:00,2011-02-28 14:45:00,0,£100-500,1 order
12510,982.5699999999999,2,353,29.774848484848484,2011-01-18 14:04:00,2011-07-20 10:15:00,182,£500-1k,2 orders
12512,138.03,2,99,4.059705882352941,2011-10-04 14:53:00,2011-10-04 14:55:00,0,£100-500,2 orders
12513,612.29,1,462,17.494,2011-08-19 10:51:00,2011-08-19 10:51:00,0,£500-1k,1 order
12514,1017.68,1,440,19.954509803921567,2011-03-17 16:38:00,2011-03-17 16:38:00,0,£1k-5k,1 order
12515,383.7,1,131,23.98125,2010-12-21 15:43:00,2010-12-21 15:43:00,0,£100-500,1 order
12516,1312.06,2,875,50.46384615384615,2011-06-12 11:37:00,2011-09-23 09:13:00,102,£1k-5k,2 orders
12517,2502.84,5,1371,8.812816901408452,2011-06-02 15:13:00,2011-11-11 14:04:00,161,£1k-5k,5-9 orders
12518,2056.89,5,1318,16.58782258064516,2011-08-21 13:18:00,2011-12-09 10:13:00,109,£1k-5k,5-9 orders
12519,340.84,1,183,18.935555555555553,2011-10-07 09:26:00,2011-10-07 09:26:00,0,£100-500,1 order
12520,2634.26,5,1439,17.330657894736845,2011-03-11 11:35:00,2011-09-21 15:23:00,194,£1k-5k,5-9 orders
12521,599.68,1,309,15.781052631578946,2011-07-20 10:51:00,2011-07-20 10:51:00,0,£500-1k,1 order
12522,192.72,2,194,16.06,2011-10-19 14:41:00,2011-10-31 15:30:00,12,£100-500,2 orders
12523,1789.77,11,865,16.884622641509434,2011-01-12 09:43:00,2011-11-20 12:55:00,312,£1k-5k,10-19 orders
12524,4485.72,8,3699,31.150833333333335,2011-01-10 10:35:00,2011-11-30 15:31:00,324,£1k-5k,5-9 orders
12526,1316.66,3,632,18.54450704225352,2011-09-06 14:19:00,2011-12-09 12:09:00,93,£1k-5k,3-4 orders
12527,348.71000000000004,3,234,19.37277777777778,2011-01-18 12:05:00,2011-09-19 11:55:00,243,£100-500,3-4 orders
12528,1933.48,6,756,21.01608695652174,2011-01-31 09:05:00,2011-11-30 14:40:00,303,£1k-5k,5-9 orders
12530,1662.28,4,913,25.186060606060607,2011-01-07 10:04:00,2011-10-11 12:34:00,277,£1k-5k,3-4 orders
12531,125.22,1,45,7.365882352941177,2011-11-25 11:12:00,2011-11-25 11:12:00,0,£100-500,1 order
12532,349.83000000000004,1,153,21.864375000000003,2011-11-09 13:47:00,2011-11-09 13:47:00,0,£100-500,1 order
12534,1089.18,1,651,17.28857142857143,2011-08-01 10:26:00,2011-08-01 10:26:00,0,£1k-5k,1 order
12535,716.35,2,219,21.069117647058825,2011-06-06 12:47:00,2011-09-09 08:48:00,94,£500-1k,2 orders
12536,12601.830000000002,3,2803,48.282873563218395,2011-10-11 14:52:00,2011-10-27 14:20:00,15,£10k+,3-4 orders
12538,363.95,1,191,17.33095238095238,2011-11-10 17:16:00,2011-11-10 17:16:00,0,£100-500,1 order
12539,5568.35,4,2067,20.396886446886448,2011-01-10 09:11:00,2011-11-17 13:30:00,311,£5k-10k,3-4 orders
12540,13400.24,17,6685,28.03397489539749,2010-12-13 09:39:00,2011-11-20 11:31:00,342,£10k+,10-19 orders
12541,981.18,3,680,18.868846153846153,2011-03-04 09:32:00,2011-11-10 10:40:00,251,£500-1k,3-4 orders
12544,372.7,1,136,19.61578947368421,2011-11-03 16:15:00,2011-11-03 16:15:00,0,£100-500,1 order
12545,1000.39,2,523,20.0078,2011-03-25 12:04:00,2011-09-25 13:39:00,184,£1k-5k,2 orders
12546,1161.5,2,633,16.833333333333332,2011-09-23 09:44:00,2011-10-24 12:09:00,31,£1k-5k,2 orders
12547,207.79999999999998,2,134,25.974999999999998,2011-03-04 12:46:00,2011-05-26 12:38:00,82,£100-500,2 orders
12548,95.19999999999999,1,49,19.04,2011-06-26 15:35:00,2011-06-26 15:35:00,0,£0-100,1 order
12550,964.83,1,569,16.92684210526316,2011-09-21 14:35:00,2011-09-21 14:35:00,0,£500-1k,1 order
12551,168.0,1,100,16.8,2010-12-17 11:23:00,2010-12-17 11:23:00,0,£100-500,1 order
12552,437.82,2,88,21.891,2011-10-31 12:11:00,2011-11-01 10:02:00,0,£100-500,2 orders
12553,3692.28,10,1965,19.33130890052356,2011-01-14 10:42:00,2011-12-01 16:38:00,321,£1k-5k,10-19 orders
12556,603.71,2,358,4.989338842975207,2011-07-11 13:35:00,2011-10-20 13:06:00,100,£500-1k,2 orders
12557,11990.960000000001,5,4384,363.36242424242425,2010-12-03 12:20:00,2011-11-23 16:59:00,355,£10k+,5-9 orders
12558,269.96,1,196,24.54181818181818,2011-12-02 10:41:00,2011-12-02 10:41:00,0,£100-500,1 order
12559,561.71,2,283,26.74809523809524,2011-01-24 10:12:00,2011-02-02 09:49:00,8,£500-1k,2 orders
12560,2134.01,3,1110,20.323904761904764,2011-07-19 15:55:00,2011-12-04 13:54:00,137,£1k-5k,3-4 orders
12561,238.85,1,177,14.928125,2011-02-10 11:39:00,2011-02-10 11:39:00,0,£100-500,1 order
12562,3781.7400000000002,7,1779,22.510357142857146,2011-05-25 12:44:00,2011-12-01 17:20:00,190,£1k-5k,5-9 orders
12564,456.9,1,133,21.757142857142856,2011-03-23 14:55:00,2011-03-23 14:55:00,0,£100-500,1 order
12565,145.92,1,80,16.21333333333333,2011-02-24 10:34:00,2011-02-24 10:34:00,0,£100-500,1 order
12566,351.65,1,265,18.507894736842104,2011-09-14 14:30:00,2011-09-14 14:30:00,0,£100-500,1 order
12567,9401.28,10,4305,21.079103139013455,2010-12-05 11:57:00,2011-11-17 11:02:00,346,£5k-10k,10-19 orders
12569,4124.69,32,1801,21.939840425531912,2011-04-01 13:47:00,2011-12-07 16:24:00,250,£1k-5k,20+ orders
12571,519.61,2,523,15.28264705882353,2011-08-10 12:35:00,2011-10-31 10:19:00,81,£500-1k,2 orders
12572,1020.42,2,452,17.006999999999998,2011-10-19 08:20:00,2011-12-01 09:20:00,43,£1k-5k,2 orders
12573,160.54000000000002,1,84,5.733571428571429,2011-04-26 15:52:00,2011-04-26 15:52:00,0,£100-500,1 order
12574,218.45,1,61,19.85909090909091,2011-01-28 09:20:00,2011-01-28 09:20:00,0,£100-500,1 order
12576,1315.83,5,967,14.952613636363635,2011-02-08 11:31:00,2011-11-04 10:11:00,268,£1k-5k,5-9 orders
12577,657.8,3,472,4.474829931972788,2010-12-15 16:21:00,2011-11-04 13:24:00,323,£500-1k,3-4 orders
12578,2794.51,2,1196,24.51324561403509,2011-01-13 15:34:00,2011-11-18 13:30:00,308,£1k-5k,2 orders
12579,440.42,1,285,15.18689655172414,2011-09-22 17:15:00,2011-09-22 17:15:00,0,£100-500,1 order
12580,415.7,1,238,17.320833333333333,2011-04-07 10:24:00,2011-04-07 10:24:00,0,£100-500,1 order
12581,197.71,1,161,13.180666666666667,2011-10-31 08:56:00,2011-10-31 08:56:00,0,£100-500,1 order
12582,511.36,2,300,23.243636363636366,2011-02-24 11:42:00,2011-04-15 08:45:00,49,£500-1k,2 orders
12583,7281.38,15,5060,29.47927125506073,2010-12-01 08:45:00,2011-12-07 08:07:00,370,£5k-10k,10-19 orders
12584,2338.15,9,416,24.355729166666666,2011-03-04 15:15:00,2011-12-06 09:35:00,276,£1k-5k,5-9 orders
12585,2040.1,2,1279,23.44942528735632,2010-12-23 12:58:00,2011-04-19 13:39:00,117,£1k-5k,2 orders
12586,196.94000000000003,1,79,17.903636363636366,2011-11-22 16:24:00,2011-11-22 16:24:00,0,£100-500,1 order
12587,144.0,1,51,36.0,2011-12-02 12:47:00,2011-12-02 12:47:00,0,£100-500,1 order
12588,214.89999999999998,1,53,21.49,2011-10-31 15:01:00,2011-10-31 15:01:00,0,£100-500,1 order
12589,646.68,2,306,18.47657142857143,2011-07-18 12:05:00,2011-11-11 10:19:00,115,£500-1k,2 orders
12590,9864.26,2,4283,145.06264705882353,2011-05-12 14:46:00,2011-05-12 14:52:00,0,£5k-10k,2 orders
12591,452.84999999999997,1,228,17.41730769230769,2011-01-26 14:35:00,2011-01-26 14:35:00,0,£100-500,1 order
12592,437.6,2,290,24.311111111111114,2011-05-10 13:44:00,2011-09-08 15:04:00,121,£100-500,2 orders
12593,418.09999999999997,3,206,19.909523809523808,2011-05-05 09:29:00,2011-08-23 12:43:00,110,£100-500,3-4 orders
12594,3338.2200000000003,10,1777,28.290000000000003,2011-01-21 09:52:00,2011-11-02 12:20:00,285,£1k-5k,10-19 orders
12596,618.27,2,474,22.898888888888887,2011-04-11 13:22:00,2011-10-19 13:02:00,190,£500-1k,2 orders
12597,3811.22,4,2236,18.50106796116505,2011-03-16 14:00:00,2011-11-20 13:33:00,248,£1k-5k,3-4 orders
12598,3023.08,8,1964,22.902121212121212,2011-02-28 11:58:00,2011-11-30 12:18:00,275,£1k-5k,5-9 orders
12599,1032.58,7,956,16.654516129032256,2011-02-08 13:28:00,2011-11-10 13:34:00,275,£1k-5k,5-9 orders
12600,2599.04,10,774,40.61,2010-12-03 12:57:00,2011-11-11 10:29:00,342,£1k-5k,10-19 orders
12601,577.0600000000001,5,245,20.609285714285715,2011-01-11 10:38:00,2011-06-03 10:17:00,142,£500-1k,5-9 orders
12602,153.12,1,162,12.76,2011-10-12 11:22:00,2011-10-12 11:22:00,0,£100-500,1 order
12603,739.1999999999999,1,63,369.59999999999997,2011-11-18 10:42:00,2011-11-18 10:42:00,0,£500-1k,1 order
12604,254.18,2,201,15.88625,2011-03-23 12:06:00,2011-09-21 14:08:00,182,£100-500,2 orders
12607,1579.51,1,1228,15.63871287128713,2011-10-10 16:06:00,2011-10-10 16:06:00,0,£1k-5k,1 order
12609,1126.85,3,648,18.78083333333333,2011-01-25 15:13:00,2011-09-22 16:34:00,240,£1k-5k,3-4 orders
12610,2099.54,5,1049,19.80698113207547,2011-08-05 13:52:00,2011-11-17 09:34:00,103,£1k-5k,5-9 orders
12611,1193.32,1,846,18.35876923076923,2011-10-18 13:12:00,2011-10-18 13:12:00,0,£1k-5k,1 order
12612,704.0400000000001,1,262,37.054736842105264,2011-09-26 15:35:00,2011-09-26 15:35:00,0,£500-1k,1 order
12613,3344.38,5,1644,21.858692810457516,2011-03-22 15:42:00,2011-10-13 14:59:00,204,£1k-5k,5-9 orders
12614,315.6,1,76,15.780000000000001,2011-03-07 10:22:00,2011-03-07 10:22:00,0,£100-500,1 order
12615,2291.19,4,1376,21.820857142857143,2011-06-24 13:35:00,2011-12-07 15:02:00,166,£1k-5k,3-4 orders
12616,713.3,2,284,22.290625,2011-02-15 14:17:00,2011-09-05 15:17:00,202,£500-1k,2 orders
12617,355.53,1,213,8.465,2011-11-10 14:39:00,2011-11-10 14:39:00,0,£100-500,1 order
12618,177.31,1,96,16.11909090909091,2011-11-18 11:10:00,2011-11-18 11:10:00,0,£100-500,1 order
12619,3641.24,9,3378,40.45822222222222,2011-03-31 13:10:00,2011-11-23 14:52:00,237,£1k-5k,5-9 orders
12620,1339.41,3,1181,14.558804347826088,2011-05-19 12:10:00,2011-11-25 10:20:00,189,£1k-5k,3-4 orders
12621,13689.67,20,7440,29.31406852248394,2010-12-09 10:16:00,2011-12-08 11:25:00,364,£10k+,20+ orders
12622,180.1,1,69,16.37272727272727,2011-04-21 16:39:00,2011-04-21 16:39:00,0,£100-500,1 order
12623,305.1,1,191,16.950000000000003,2011-03-08 13:50:00,2011-03-08 13:50:00,0,£100-500,1 order
12624,641.13,2,355,16.87184210526316,2011-06-15 12:34:00,2011-08-25 15:04:00,71,£500-1k,2 orders
12625,2683.82,2,1612,31.207209302325584,2011-01-24 13:27:00,2011-05-12 09:54:00,107,£1k-5k,2 orders
12626,6620.48,9,3453,22.51863945578231,2011-01-17 11:01:00,2011-11-16 16:06:00,303,£5k-10k,5-9 orders
12627,4478.53,7,2752,19.47186956521739,2011-07-22 13:59:00,2011-11-29 12:07:00,129,£1k-5k,5-9 orders
12628,786.46,3,448,19.181951219512197,2011-10-06 09:28:00,2011-12-05 13:15:00,60,£500-1k,3-4 orders
12630,1270.88,2,548,19.8575,2011-10-27 10:41:00,2011-11-30 10:48:00,34,£1k-5k,2 orders
12631,640.5,1,236,20.661290322580644,2011-10-13 13:53:00,2011-10-13 13:53:00,0,£500-1k,1 order
12633,2163.98,4,1162,21.425544554455445,2011-02-25 08:44:00,2011-10-12 11:40:00,229,£1k-5k,3-4 orders
12635,1689.18,2,1172,16.724554455445546,2011-07-08 08:43:00,2011-09-11 11:04:00,65,£1k-5k,2 orders
12637,6021.9,8,3002,15.440769230769229,2011-01-20 10:47:00,2011-10-03 13:46:00,256,£5k-10k,5-9 orders
12638,671.69,1,577,17.222820512820515,2011-11-06 13:11:00,2011-11-06 13:11:00,0,£500-1k,1 order
12639,486.1,1,201,22.095454545454547,2011-04-15 12:48:00,2011-04-15 12:48:00,0,£100-500,1 order
12640,1174.58,3,311,22.16188679245283,2011-09-19 12:01:00,2011-11-16 11:52:00,57,£1k-5k,3-4 orders
12641,185.9,1,72,18.59,2011-08-16 13:26:00,2011-08-16 13:26:00,0,£100-500,1 order
12642,1013.26,3,552,21.558723404255318,2011-08-24 09:23:00,2011-11-14 15:03:00,82,£1k-5k,3-4 orders
12643,3344.64,6,1808,139.35999999999999,2011-01-11 11:48:00,2011-08-03 12:56:00,204,£1k-5k,5-9 orders
12644,477.91,1,325,15.416451612903227,2011-08-02 10:33:00,2011-08-02 10:33:00,0,£100-500,1 order
12645,1775.18,4,1084,24.31753424657534,2011-01-27 13:08:00,2011-11-06 12:38:00,282,£1k-5k,3-4 orders
12646,1346.97,2,897,29.932666666666666,2011-10-21 12:52:00,2011-12-05 10:14:00,44,£1k-5k,2 orders
12647,3722.82,12,1431,30.76710743801653,2010-12-05 14:02:00,2011-11-17 12:56:00,346,£1k-5k,10-19 orders
12648,318.05,1,160,15.145238095238096,2011-07-08 11:55:00,2011-07-08 11:55:00,0,£100-500,1 order
12649,623.51,3,586,20.113225806451613,2011-05-11 14:37:00,2011-08-24 14:41:00,105,£500-1k,3-4 orders
12650,314.44,1,254,15.722,2011-12-06 16:34:00,2011-12-06 16:34:00,0,£100-500,1 order
12651,114.0,1,78,12.666666666666666,2011-01-09 12:46:00,2011-01-09 12:46:00,0,£100-500,1 order
12652,919.98,1,505,19.16625,2011-01-12 15:00:00,2011-01-12 15:00:00,0,£500-1k,1 order
12653,2209.85,2,919,51.391860465116274,2011-02-16 10:53:00,2011-07-14 10:41:00,147,£1k-5k,2 orders
12654,601.98,5,264,15.841578947368422,2011-02-17 13:16:00,2011-11-29 10:10:00,284,£500-1k,5-9 orders
12656,4051.17,5,1723,32.152142857142856,2011-04-20 09:20:00,2011-11-22 13:42:00,216,£1k-5k,5-9 orders
12657,1643.18,4,1044,34.961276595744685,2011-09-22 11:40:00,2011-11-28 15:47:00,67,£1k-5k,3-4 orders
12658,686.05,1,320,19.056944444444444,2011-11-21 10:22:00,2011-11-21 10:22:00,0,£500-1k,1 order
12659,91.68,1,105,18.336000000000002,2011-11-10 11:53:00,2011-11-10 11:53:00,0,£0-100,1 order
12660,245.1,1,127,18.853846153846153,2011-11-28 13:26:00,2011-11-28 13:26:00,0,£100-500,1 order
12662,3849.78,11,2058,16.73817391304348,2010-12-01 13:04:00,2011-12-09 11:59:00,372,£1k-5k,10-19 orders
12664,4881.88,9,1203,131.94270270270272,2011-01-21 11:42:00,2011-12-01 17:07:00,314,£1k-5k,5-9 orders
12665,63.0,1,37,21.0,2011-01-19 08:34:00,2011-01-19 08:34:00,0,£0-100,1 order
12667,620.13,1,395,18.791818181818183,2011-10-12 17:00:00,2011-10-12 17:00:00,0,£500-1k,1 order
12668,3807.15,4,1634,23.64689440993789,2010-12-19 12:46:00,2011-11-28 10:56:00,343,£1k-5k,3-4 orders
12669,2744.0299999999997,3,1115,27.168613861386135,2011-03-28 10:15:00,2011-07-12 09:54:00,105,£1k-5k,3-4 orders
12670,2996.05,5,1397,32.56576086956522,2011-04-21 10:16:00,2011-11-29 15:23:00,222,£1k-5k,5-9 orders
12672,225.89999999999998,1,78,22.589999999999996,2011-01-14 09:20:00,2011-01-14 09:20:00,0,£100-500,1 order
12673,610.52,2,351,14.536190476190475,2011-01-17 11:46:00,2011-12-04 13:55:00,321,£500-1k,2 orders
12674,1970.6,4,1133,23.742168674698792,2011-05-16 09:10:00,2011-11-01 12:12:00,169,£1k-5k,3-4 orders
12676,1331.39,6,670,29.586444444444446,2011-02-01 15:41:00,2011-11-15 12:25:00,286,£1k-5k,5-9 orders
12678,17628.46,12,10923,106.83915151515151,2010-12-21 11:00:00,2011-10-28 13:04:00,311,£10k+,10-19 orders
12679,1113.02,4,554,23.187916666666666,2011-03-01 12:26:00,2011-10-12 12:30:00,225,£1k-5k,3-4 orders
12680,862.81,4,443,16.592499999999998,2011-08-18 15:44:00,2011-12-09 12:50:00,112,£500-1k,3-4 orders
12681,13787.54,22,7536,21.610564263322885,2010-12-07 10:08:00,2011-11-25 11:33:00,353,£10k+,20+ orders
12682,12288.22,31,5575,23.406133333333333,2010-12-03 13:59:00,2011-12-06 10:00:00,367,£10k+,20+ orders
12683,8476.57,15,4987,24.641191860465117,2010-12-09 10:37:00,2011-12-05 16:31:00,361,£5k-10k,10-19 orders
12684,2283.63,7,1985,21.748857142857144,2011-05-10 12:55:00,2011-12-02 09:53:00,205,£1k-5k,5-9 orders
12685,2863.08,6,1523,18.236178343949042,2011-09-07 10:28:00,2011-11-11 13:46:00,65,£1k-5k,5-9 orders
12686,89.14,1,107,12.734285714285715,2010-12-03 09:51:00,2010-12-03 09:51:00,0,£0-100,1 order
12688,4873.8099999999995,1,3028,28.501812865497072,2011-08-18 08:49:00,2011-08-18 08:49:00,0,£1k-5k,1 order
12689,1247.61,2,628,17.327916666666667,2011-08-04 10:04:00,2011-11-14 08:31:00,101,£1k-5k,2 orders
12690,389.01,1,106,24.313125,2011-05-18 09:09:00,2011-05-18 09:09:00,0,£100-500,1 order
12691,1035.8,6,394,32.36875,2010-12-17 14:46:00,2011-11-11 16:49:00,329,£1k-5k,5-9 orders
12693,855.91,4,255,21.946410256410257,2011-01-24 12:58:00,2011-08-04 17:51:00,192,£500-1k,3-4 orders
12694,869.67,2,509,23.504594594594593,2011-06-09 17:48:00,2011-09-30 13:06:00,112,£500-1k,2 orders
12695,582.1,4,220,21.55925925925926,2011-05-13 13:15:00,2011-12-02 13:22:00,203,£500-1k,3-4 orders
12697,957.59,3,508,23.355853658536585,2011-06-23 15:44:00,2011-11-11 08:47:00,140,£500-1k,3-4 orders
12700,4939.99,4,2967,18.432798507462685,2011-05-08 16:10:00,2011-12-02 10:47:00,207,£1k-5k,3-4 orders
12701,797.71,2,678,15.051132075471699,2011-04-11 13:02:00,2011-09-21 10:47:00,162,£500-1k,2 orders
12702,219.0,1,53,18.25,2011-11-20 10:36:00,2011-11-20 10:36:00,0,£100-500,1 order
12703,283.55,1,164,13.502380952380953,2011-09-29 17:52:00,2011-09-29 17:52:00,0,£100-500,1 order
12704,2340.84,8,1006,26.600454545454546,2011-06-23 10:20:00,2011-12-02 13:15:00,162,£1k-5k,5-9 orders
12705,6868.29,9,3997,20.56374251497006,2010-12-17 15:58:00,2011-11-24 13:17:00,341,£5k-10k,5-9 orders
12707,603.42,1,256,18.285454545454545,2011-02-21 08:38:00,2011-02-21 08:38:00,0,£500-1k,1 order
12708,2712.91,10,1307,17.27968152866242,2010-12-06 10:43:00,2011-11-10 09:52:00,338,£1k-5k,10-19 orders
12709,9736.52,15,3936,46.81019230769231,2010-12-08 09:49:00,2011-11-24 15:38:00,351,£5k-10k,10-19 orders
12710,1149.02,3,851,14.922337662337663,2011-05-22 14:05:00,2011-09-04 12:00:00,104,£1k-5k,3-4 orders
12712,4396.13,13,1062,33.053609022556394,2010-12-03 14:30:00,2011-11-11 08:19:00,342,£1k-5k,10-19 orders
12713,848.55,1,508,22.330263157894734,2011-12-09 12:16:00,2011-12-09 12:16:00,0,£500-1k,1 order
12714,4708.86,5,3069,18.18092664092664,2011-02-18 10:53:00,2011-11-30 15:43:00,285,£1k-5k,5-9 orders
12715,353.86,1,197,16.85047619047619,2011-08-25 15:22:00,2011-08-25 15:22:00,0,£100-500,1 order
12716,1053.49,2,708,15.267971014492753,2011-07-29 13:28:00,2011-12-06 08:55:00,129,£1k-5k,2 orders
12717,1030.98,2,506,18.74509090909091,2011-04-08 10:32:00,2011-07-11 14:47:00,94,£1k-5k,2 orders
12718,238.25,1,203,12.539473684210526,2011-09-29 16:38:00,2011-09-29 16:38:00,0,£100-500,1 order
12719,644.95,2,374,16.53717948717949,2011-10-05 14:50:00,2011-12-04 13:45:00,59,£500-1k,2 orders
12720,5781.73,25,4672,16.332570621468925,2010-12-05 15:21:00,2011-12-07 08:03:00,366,£5k-10k,20+ orders
12721,2656.13,6,1959,16.497701863354038,2010-12-20 11:38:00,2011-11-08 12:13:00,323,£1k-5k,5-9 orders
12722,997.63,4,566,18.82320754716981,2011-07-12 11:55:00,2011-09-15 14:50:00,65,£500-1k,3-4 orders
12723,725.07,5,434,10.508260869565218,2011-10-05 15:52:00,2011-12-06 10:19:00,61,£500-1k,5-9 orders
12724,1031.41,4,445,19.460566037735852,2011-01-11 15:00:00,2011-12-04 16:02:00,327,£1k-5k,3-4 orders
12725,427.8,1,164,17.825,2010-12-03 15:45:00,2010-12-03 15:45:00,0,£100-500,1 order
12726,2609.1,7,3143,21.041129032258063,2010-12-17 12:56:00,2011-11-11 13:35:00,329,£1k-5k,5-9 orders
12727,3980.7,7,2098,28.638129496402875,2011-01-23 15:17:00,2011-11-29 11:46:00,309,£1k-5k,5-9 orders
12728,836.33,4,419,18.18108695652174,2011-01-11 13:31:00,2011-09-29 15:31:00,261,£500-1k,3-4 orders
12729,453.01,1,233,17.423461538461538,2011-08-18 11:40:00,2011-08-18 11:40:00,0,£100-500,1 order
12731,18895.91,12,8437,68.96317518248175,2010-12-10 10:56:00,2011-11-16 11:59:00,341,£10k+,10-19 orders
12732,236.26000000000002,1,111,19.688333333333336,2011-06-13 11:33:00,2011-06-13 11:33:00,0,£100-500,1 order
12733,383.95,1,137,17.452272727272728,2011-04-19 16:19:00,2011-04-19 16:19:00,0,£100-500,1 order
12734,110.39999999999999,1,88,27.599999999999998,2010-12-22 12:47:00,2010-12-22 12:47:00,0,£100-500,1 order
12735,779.5699999999999,2,368,18.12953488372093,2011-01-06 14:26:00,2011-01-28 13:37:00,21,£500-1k,2 orders
12736,234.0,1,173,58.5,2011-01-11 07:57:00,2011-01-11 07:57:00,0,£100-500,1 order
12738,155.35,1,148,14.122727272727273,2010-12-02 18:27:00,2010-12-02 18:27:00,0,£100-500,1 order
12739,1013.04,2,486,26.658947368421053,2011-09-01 17:45:00,2011-09-22 13:00:00,20,£1k-5k,2 orders
12740,427.6,1,342,15.837037037037037,2011-10-07 10:44:00,2011-10-07 10:44:00,0,£100-500,1 order
12743,546.43,2,319,4.077835820895522,2011-07-28 16:06:00,2011-07-28 16:21:00,0,£500-1k,2 orders
12744,21279.29,7,5241,95.85265765765766,2011-01-25 13:26:00,2011-10-19 11:18:00,266,£10k+,5-9 orders
12747,4196.01,11,1275,40.737961165048546,2010-12-05 15:38:00,2011-12-07 14:34:00,366,£1k-5k,10-19 orders
12748,33719.73,209,25747,7.338352557127313,2010-12-01 12:48:00,2011-12-09 12:20:00,372,£10k+,20+ orders
12749,4090.88,5,1471,20.55718592964824,2011-05-10 15:25:00,2011-12-06 09:56:00,209,£1k-5k,5-9 orders
12750,275.88,1,137,18.392,2011-08-03 09:13:00,2011-08-03 09:13:00,0,£100-500,1 order
12752,4366.78,1,2262,82.3920754716981,2011-09-19 13:32:00,2011-09-19 13:32:00,0,£1k-5k,1 order
12753,21429.39,6,11421,108.77862944162436,2010-12-12 11:44:00,2011-11-17 10:52:00,339,£10k+,5-9 orders
12754,3010.74,3,6481,47.78952380952381,2011-02-04 10:31:00,2011-04-18 09:00:00,72,£1k-5k,3-4 orders
12755,3811.95,2,1491,952.9875,2010-12-09 10:44:00,2011-03-04 12:42:00,85,£1k-5k,2 orders
12756,112.07999999999998,1,144,28.019999999999996,2011-09-14 09:31:00,2011-09-14 09:31:00,0,£100-500,1 order
12757,7857.1,13,2402,21.178167115902966,2011-05-12 19:01:00,2011-11-24 12:30:00,195,£5k-10k,10-19 orders
12758,2791.59,2,2135,28.779278350515465,2011-03-08 12:05:00,2011-08-15 10:22:00,159,£1k-5k,2 orders
12759,1531.44,3,902,16.12042105263158,2011-03-09 08:09:00,2011-10-18 14:49:00,223,£1k-5k,3-4 orders
12762,1898.52,2,1227,27.51478260869565,2011-11-14 14:23:00,2011-12-02 10:23:00,17,£1k-5k,2 orders
12763,494.08,2,316,27.448888888888888,2010-12-05 15:46:00,2011-07-24 14:12:00,230,£100-500,2 orders
12764,1693.88,1,386,37.64177777777778,2011-01-27 10:19:00,2011-01-27 10:19:00,0,£1k-5k,1 order
12766,6989.63,7,3646,22.547193548387096,2010-12-08 13:53:00,2011-12-06 08:46:00,362,£5k-10k,5-9 orders
12769,1143.6,1,356,35.7375,2011-04-15 10:25:00,2011-04-15 10:25:00,0,£1k-5k,1 order
12770,1351.45,1,743,112.62083333333334,2011-05-13 09:33:00,2011-05-13 09:33:00,0,£1k-5k,1 order
12772,892.47,1,556,16.226727272727274,2011-10-11 09:19:00,2011-10-11 09:19:00,0,£500-1k,1 order
12775,1386.04,5,877,21.00060606060606,2011-02-01 13:45:00,2011-11-22 16:33:00,294,£1k-5k,5-9 orders
12778,822.23,6,825,16.4446,2011-01-31 14:35:00,2011-11-20 11:30:00,292,£500-1k,5-9 orders
12779,3981.36,8,2024,26.72053691275168,2010-12-03 13:40:00,2011-11-02 11:43:00,333,£1k-5k,5-9 orders
12781,826.74,2,671,33.0696,2011-02-28 08:43:00,2011-10-07 10:37:00,221,£500-1k,2 orders
12782,2330.92,5,1086,22.630291262135923,2010-12-17 11:30:00,2011-12-05 09:16:00,352,£1k-5k,5-9 orders
12783,2225.91,6,624,26.49892857142857,2011-09-25 15:35:00,2011-12-07 15:56:00,73,£1k-5k,5-9 orders
12784,574.42,2,300,9.73593220338983,2011-11-24 12:53:00,2011-11-30 15:38:00,6,£500-1k,2 orders
12785,311.95,1,131,22.282142857142855,2010-12-10 13:48:00,2010-12-10 13:48:00,0,£100-500,1 order
12787,463.66,3,261,23.183,2011-05-31 09:36:00,2011-11-30 08:44:00,182,£100-500,3-4 orders
12789,91.85,1,4,22.9625,2011-10-05 13:34:00,2011-10-05 13:34:00,0,£0-100,1 order
12790,324.92,1,166,15.472380952380954,2011-05-31 14:14:00,2011-05-31 14:14:00,0,£100-500,1 order
12791,192.60000000000002,1,97,96.30000000000001,2010-12-01 11:27:00,2010-12-01 11:27:00,0,£100-500,1 order
12792,400.53999999999996,1,217,16.0216,2011-03-28 11:36:00,2011-03-28 11:36:00,0,£100-500,1 order
12793,545.48,2,295,22.728333333333335,2010-12-03 15:14:00,2011-01-09 12:12:00,36,£500-1k,2 orders
12794,860.41,2,592,19.12022222222222,2011-09-02 12:01:00,2011-10-17 14:54:00,45,£500-1k,2 orders
12795,430.48,1,68,30.74857142857143,2011-11-21 10:27:00,2011-11-21 10:27:00,0,£100-500,1 order
12797,254.03,1,118,19.540769230769232,2010-12-09 10:55:00,2010-12-09 10:55:00,0,£100-500,1 order
12798,6977.04,3,5256,872.13,2011-06-22 10:11:00,2011-11-29 15:52:00,160,£5k-10k,3-4 orders
12802,427.58,1,314,17.1032,2011-06-06 09:36:00,2011-06-06 09:36:00,0,£100-500,1 order
12808,483.65000000000003,3,188,17.273214285714285,2010-12-06 10:27:00,2011-11-03 10:05:00,331,£100-500,3-4 orders
12809,489.31,1,220,19.572400000000002,2011-06-15 10:51:00,2011-06-15 10:51:00,0,£100-500,1 order
12811,514.85,3,230,16.608064516129033,2011-02-28 15:39:00,2011-03-24 09:42:00,23,£500-1k,3-4 orders
12812,229.64000000000001,1,164,15.309333333333335,2011-10-26 09:54:00,2011-10-26 09:54:00,0,£100-500,1 order
12814,125.92,1,49,62.96,2011-08-30 12:11:00,2011-08-30 12:11:00,0,£100-500,1 order
12815,1063.46,2,379,22.6268085106383,2011-05-25 13:34:00,2011-07-15 10:21:00,50,£1k-5k,2 orders
12816,572.2,2,128,19.731034482758623,2011-06-16 13:24:00,2011-09-05 12:41:00,80,£500-1k,2 orders
12817,166.04,1,53,41.51,2011-03-03 16:28:00,2011-03-03 16:28:00,0,£100-500,1 order
12818,1542.08,1,929,110.14857142857143,2011-03-23 12:06:00,2011-03-23 12:06:00,0,£1k-5k,1 order
12820,942.34,4,722,15.97186440677966,2011-01-17 12:34:00,2011-12-06 15:12:00,323,£500-1k,3-4 orders
12821,92.72,1,70,15.453333333333333,2011-05-09 15:51:00,2011-05-09 15:51:00,0,£0-100,1 order
12822,948.88,2,550,20.62782608695652,2011-09-13 13:46:00,2011-09-30 10:04:00,16,£500-1k,2 orders
12823,1759.5,5,230,351.9,2011-02-16 12:15:00,2011-09-26 07:35:00,221,£1k-5k,5-9 orders
12824,397.12,1,232,15.8848,2011-10-11 12:49:00,2011-10-11 12:49:00,0,£100-500,1 order
12826,1474.72,7,1058,16.205714285714286,2010-12-09 15:21:00,2011-12-07 10:25:00,362,£1k-5k,5-9 orders
12827,430.15000000000003,3,197,17.206000000000003,2011-10-26 15:44:00,2011-12-04 12:17:00,38,£100-500,3-4 orders
12828,1018.71,6,494,18.19125,2011-08-01 16:16:00,2011-12-07 08:45:00,127,£1k-5k,5-9 orders
12829,293.0,2,376,26.636363636363637,2010-12-14 14:54:00,2011-01-07 11:13:00,23,£100-500,2 orders
12830,6814.64,6,9848,179.33263157894737,2011-06-21 10:53:00,2011-11-02 11:54:00,134,£5k-10k,5-9 orders
12831,215.05,1,135,23.894444444444446,2011-03-22 13:02:00,2011-03-22 13:02:00,0,£100-500,1 order
12832,383.03,2,195,14.186296296296295,2011-09-02 13:48:00,2011-11-07 13:30:00,65,£100-500,2 orders
12833,417.38,1,156,17.390833333333333,2011-07-17 13:46:00,2011-07-17 13:46:00,0,£100-500,1 order
12834,312.38,1,110,17.354444444444443,2011-03-02 09:49:00,2011-03-02 09:49:00,0,£100-500,1 order
12836,2612.86,4,1064,14.930628571428572,2011-02-01 11:19:00,2011-10-11 15:10:00,252,£1k-5k,3-4 orders
12837,134.1,1,24,11.174999999999999,2011-06-19 16:07:00,2011-06-19 16:07:00,0,£100-500,1 order
12838,683.13,2,359,5.55390243902439,2010-12-01 11:57:00,2011-11-06 12:20:00,340,£500-1k,2 orders
12839,5591.42,14,3807,17.80707006369427,2010-12-07 15:48:00,2011-12-07 12:33:00,364,£5k-10k,10-19 orders
12840,2726.77,4,1511,24.13070796460177,2011-04-27 12:21:00,2011-07-19 09:29:00,82,£1k-5k,3-4 orders
12841,4022.35,25,2757,9.577023809523808,2010-12-03 10:43:00,2011-12-05 11:13:00,367,£1k-5k,20+ orders
12842,1118.99,2,547,32.9114705882353,2011-02-04 12:36:00,2011-09-30 15:33:00,238,£1k-5k,2 orders
12843,1702.26,8,781,16.526796116504855,2011-03-20 14:38:00,2011-10-05 12:09:00,198,£1k-5k,5-9 orders
12844,325.96000000000004,2,125,6.268461538461539,2011-08-01 13:11:00,2011-11-10 13:31:00,101,£100-500,2 orders
12845,354.09,4,204,13.114444444444443,2011-02-22 14:10:00,2011-03-17 13:34:00,22,£100-500,3-4 orders
12847,871.54,1,909,9.577362637362636,2011-11-17 13:16:00,2011-11-17 13:16:00,0,£500-1k,1 order
12849,1050.8899999999999,2,623,20.6056862745098,2011-03-16 12:26:00,2011-11-08 13:41:00,237,£1k-5k,2 orders
12851,135.18,1,109,2.7036000000000002,2011-09-04 12:41:00,2011-09-04 12:41:00,0,£100-500,1 order
12852,311.55,1,149,18.326470588235296,2011-02-18 08:47:00,2011-02-18 08:47:00,0,£100-500,1 order
12853,1957.1000000000001,6,800,25.09102564102564,2011-01-28 10:28:00,2011-07-28 11:29:00,181,£1k-5k,5-9 orders
12854,1324.5,3,627,12.040909090909091,2011-01-25 13:35:00,2011-09-22 12:15:00,239,£1k-5k,3-4 orders
12855,38.1,1,30,12.700000000000001,2010-12-02 09:37:00,2010-12-02 09:37:00,0,£0-100,1 order
12856,2179.93,6,1079,6.942452229299363,2011-10-07 12:38:00,2011-12-02 10:52:00,55,£1k-5k,5-9 orders
12857,1106.4,2,343,24.05217391304348,2011-02-10 12:32:00,2011-05-13 10:20:00,91,£1k-5k,2 orders
12863,521.2,1,188,104.24000000000001,2011-10-18 14:15:00,2011-10-18 14:15:00,0,£500-1k,1 order
12864,147.12,1,216,49.04,2011-07-24 13:03:00,2011-07-24 13:03:00,0,£100-500,1 order
12865,1568.23,2,925,16.507684210526318,2011-08-08 10:11:00,2011-11-13 14:31:00,97,£1k-5k,2 orders
12866,559.12,1,171,21.504615384615384,2011-03-01 14:11:00,2011-03-01 14:11:00,0,£500-1k,1 order
12867,4036.82,7,4298,7.503382899628253,2010-12-14 16:39:00,2011-11-13 15:30:00,333,£1k-5k,5-9 orders
12868,1607.0600000000002,6,928,15.0192523364486,2010-12-01 12:50:00,2011-06-07 10:42:00,187,£1k-5k,5-9 orders
12871,380.64,2,200,34.60363636363636,2011-05-16 13:32:00,2011-09-16 15:07:00,123,£100-500,2 orders
12872,599.97,2,319,9.090454545454547,2010-12-09 14:44:00,2011-01-17 10:52:00,38,£500-1k,2 orders
12873,374.0,1,128,93.5,2011-03-02 14:58:00,2011-03-02 14:58:00,0,£100-500,1 order
12875,343.2300000000001,2,2019,171.61500000000004,2010-12-12 12:03:00,2011-07-19 15:30:00,219,£100-500,2 orders
12876,2218.02,2,1941,26.09435294117647,2011-05-27 13:34:00,2011-10-13 12:26:00,138,£1k-5k,2 orders
12877,1535.77,12,1178,9.972532467532467,2010-12-16 12:23:00,2011-12-06 10:30:00,354,£1k-5k,10-19 orders
12878,854.99,2,547,18.191276595744682,2011-03-18 14:02:00,2011-04-17 13:07:00,29,£500-1k,2 orders
12879,573.22,3,370,57.322,2011-09-09 12:11:00,2011-10-26 12:24:00,47,£500-1k,3-4 orders
12881,298.0,1,21,42.57142857142857,2011-03-09 11:44:00,2011-03-09 11:44:00,0,£100-500,1 order
12882,1463.04,2,246,112.54153846153847,2011-11-06 11:22:00,2011-11-30 16:18:00,24,£1k-5k,2 orders
12883,703.47,4,196,16.749285714285715,2011-09-11 15:18:00,2011-11-15 09:32:00,64,£500-1k,3-4 orders
12884,309.05,1,43,44.15,2011-09-12 13:10:00,2011-09-12 13:10:00,0,£100-500,1 order
12885,1175.22,3,655,16.552394366197184,2011-08-08 11:45:00,2011-10-07 13:40:00,60,£1k-5k,3-4 orders
12886,1378.4,2,770,16.809756097560978,2011-05-04 11:21:00,2011-10-03 10:09:00,151,£1k-5k,2 orders
12888,354.12,2,76,70.824,2011-03-29 14:31:00,2011-05-09 16:02:00,41,£100-500,2 orders
12890,380.46999999999997,1,259,4.639878048780488,2011-11-15 17:26:00,2011-11-15 17:26:00,0,£100-500,1 order
12891,331.0,3,950,110.33333333333333,2011-02-20 11:28:00,2011-06-07 12:31:00,107,£100-500,3-4 orders
12893,188.14,1,96,5.533529411764706,2011-11-09 12:34:00,2011-11-09 12:34:00,0,£100-500,1 order
12895,372.8,2,210,16.945454545454545,2011-09-14 08:35:00,2011-10-28 13:51:00,44,£100-500,2 orders
12897,216.5,2,110,54.125,2011-02-11 11:40:00,2011-05-19 12:13:00,97,£100-500,2 orders
12901,17654.54,28,23075,152.19431034482758,2011-03-14 10:41:00,2011-12-01 10:07:00,261,£10k+,20+ orders
12902,138.68,1,66,13.868,2011-03-20 12:06:00,2011-03-20 12:06:00,0,£100-500,1 order
12904,509.58,2,302,7.0775,2011-06-20 13:18:00,2011-11-21 14:34:00,154,£500-1k,2 orders
12906,2919.81,5,1749,46.34619047619047,2011-09-22 15:03:00,2011-11-28 09:55:00,66,£1k-5k,5-9 orders
12908,750.0,2,1200,375.0,2011-01-31 12:37:00,2011-06-16 15:39:00,136,£500-1k,2 orders
12909,2178.67,5,1280,23.941428571428574,2011-03-31 12:51:00,2011-10-31 12:43:00,213,£1k-5k,5-9 orders
12910,3075.04,8,1692,41.00053333333333,2011-04-12 10:01:00,2011-11-16 14:28:00,218,£1k-5k,5-9 orders
12912,1662.3,5,670,69.2625,2011-10-30 11:35:00,2011-12-07 08:55:00,37,£1k-5k,5-9 orders
12913,2483.63,5,1419,49.6726,2010-12-06 16:36:00,2011-12-05 12:11:00,363,£1k-5k,5-9 orders
12915,363.65,2,93,16.529545454545453,2010-12-02 12:33:00,2011-07-14 11:34:00,223,£100-500,2 orders
12916,3006.15,4,1119,28.094859813084113,2011-01-23 10:43:00,2011-07-24 10:35:00,181,£1k-5k,3-4 orders
12917,594.0,1,120,297.0,2011-08-03 16:42:00,2011-08-03 16:42:00,0,£500-1k,1 order
12919,1335.19,6,673,26.7038,2011-06-23 09:22:00,2011-12-01 13:47:00,161,£1k-5k,5-9 orders
12920,164.23,1,129,5.8653571428571425,2011-11-22 15:05:00,2011-11-22 15:05:00,0,£100-500,1 order
12921,16587.09,37,9526,23.037625,2010-12-01 15:06:00,2011-11-30 16:22:00,364,£10k+,20+ orders
12922,405.38,1,370,14.477857142857143,2011-07-01 15:35:00,2011-07-01 15:35:00,0,£100-500,1 order
12923,176.97,1,69,6.102413793103448,2011-10-06 16:20:00,2011-10-06 16:20:00,0,£100-500,1 order
12924,933.7,4,481,31.123333333333335,2011-01-16 11:49:00,2011-09-12 13:55:00,239,£500-1k,3-4 orders
12925,694.05,2,541,15.423333333333332,2011-09-26 11:05:00,2011-12-05 11:11:00,70,£500-1k,2 orders
12928,2062.7000000000003,5,1472,24.555952380952384,2010-12-15 15:45:00,2011-11-04 14:24:00,323,£1k-5k,5-9 orders
12929,117.85,1,37,14.73125,2011-02-01 12:08:00,2011-02-01 12:08:00,0,£100-500,1 order
12930,415.8,2,252,16.632,2011-06-21 13:25:00,2011-09-22 15:18:00,93,£100-500,2 orders
12931,42055.96,15,28004,512.8775609756098,2010-12-17 09:45:00,2011-11-18 12:39:00,336,£10k+,10-19 orders
12933,607.53,3,499,5.7314150943396225,2011-03-01 11:30:00,2011-11-15 16:38:00,259,£500-1k,3-4 orders
12935,2160.7,7,1853,16.749612403100773,2011-01-24 13:58:00,2011-12-07 17:25:00,317,£1k-5k,5-9 orders
12936,1063.9,4,559,17.15967741935484,2011-09-22 13:51:00,2011-11-22 17:32:00,61,£1k-5k,3-4 orders
12937,1504.27,4,1007,12.535583333333333,2011-03-17 14:19:00,2011-11-24 15:05:00,252,£1k-5k,3-4 orders
12938,114.14,1,140,12.682222222222222,2011-11-14 11:21:00,2011-11-14 11:21:00,0,£100-500,1 order
12939,11581.8,8,4876,246.42127659574467,2011-01-09 11:20:00,2011-10-06 14:33:00,270,£10k+,5-9 orders
12940,913.54,2,411,9.227676767676767,2011-09-13 10:16:00,2011-10-16 12:09:00,33,£500-1k,2 orders
12942,683.9,3,203,9.118666666666666,2010-12-09 09:34:00,2011-07-31 14:39:00,234,£500-1k,3-4 orders
12944,604.51,2,289,20.150333333333332,2010-12-20 10:41:00,2011-11-04 11:04:00,319,£500-1k,2 orders
12945,462.95,1,165,20.128260869565217,2011-02-24 14:15:00,2011-02-24 14:15:00,0,£100-500,1 order
12947,1603.99,6,1165,16.535979381443298,2010-12-01 16:21:00,2011-07-19 10:06:00,229,£1k-5k,5-9 orders
12948,2064.95,7,1080,17.801293103448273,2011-03-20 10:17:00,2011-11-23 17:10:00,248,£1k-5k,5-9 orders
12949,4167.22,8,2381,19.382418604651164,2011-04-01 13:20:00,2011-11-09 11:25:00,221,£1k-5k,5-9 orders
12950,1843.0,3,1380,80.1304347826087,2011-11-15 13:48:00,2011-12-07 13:17:00,21,£1k-5k,3-4 orders
12951,1064.07,6,503,16.89,2011-01-13 10:33:00,2011-12-01 12:14:00,322,£1k-5k,5-9 orders
12952,1387.79,4,653,17.566962025316457,2011-09-22 16:37:00,2011-12-04 10:35:00,72,£1k-5k,3-4 orders
12953,329.85,1,84,19.40294117647059,2011-11-30 09:24:00,2011-11-30 09:24:00,0,£100-500,1 order
12955,4757.16,11,3664,26.428666666666665,2011-03-17 09:03:00,2011-12-08 16:29:00,266,£1k-5k,10-19 orders
12956,108.07,1,34,5.687894736842105,2011-02-06 16:08:00,2011-02-06 16:08:00,0,£100-500,1 order
12957,4017.54,8,2549,16.880420168067225,2011-01-04 12:18:00,2011-11-30 09:53:00,329,£1k-5k,5-9 orders
12962,266.39,2,129,16.649375,2011-08-18 13:38:00,2011-12-02 15:55:00,106,£100-500,2 orders
12963,1856.63,8,881,19.54347368421053,2010-12-09 09:14:00,2011-12-01 12:55:00,357,£1k-5k,5-9 orders
12965,771.91,1,283,7.081743119266055,2011-09-11 15:31:00,2011-09-11 15:31:00,0,£500-1k,1 order
12966,160.18,1,75,16.018,2011-11-30 12:38:00,2011-11-30 12:38:00,0,£100-500,1 order
12967,1660.9,2,438,87.41578947368421,2010-12-03 09:49:00,2010-12-16 19:10:00,13,£1k-5k,2 orders
12968,135.95,1,73,27.189999999999998,2011-08-19 15:44:00,2011-08-19 15:44:00,0,£100-500,1 order
12970,452.24,4,310,2.9949668874172186,2011-01-21 14:04:00,2011-12-02 14:30:00,315,£100-500,3-4 orders
12971,11189.91,86,9289,36.68822950819672,2010-12-02 16:42:00,2011-12-06 12:20:00,368,£10k+,20+ orders
12974,144.8,1,24,18.1,2011-05-26 09:33:00,2011-05-26 09:33:00,0,£100-500,1 order
12976,738.6,1,561,33.57272727272727,2011-05-12 09:55:00,2011-05-12 09:55:00,0,£500-1k,1 order
12977,39.239999999999995,1,12,4.359999999999999,2011-07-06 16:40:00,2011-07-06 16:40:00,0,£0-100,1 order
12980,7374.900000000001,9,886,368.745,2010-12-16 11:36:00,2011-07-05 09:34:00,200,£5k-10k,5-9 orders
12981,372.21999999999997,2,242,18.610999999999997,2011-07-29 14:14:00,2011-11-10 12:00:00,103,£100-500,2 orders
12982,390.54,1,288,13.947857142857144,2011-04-11 11:51:00,2011-04-11 11:51:00,0,£100-500,1 order
12984,97.5,1,26,24.375,2011-11-21 12:37:00,2011-11-21 12:37:00,0,£0-100,1 order
12985,1239.38,2,1533,16.30763157894737,2011-11-11 12:44:00,2011-12-09 10:46:00,27,£1k-5k,2 orders
12987,558.7,2,219,19.95357142857143,2011-05-26 12:00:00,2011-09-27 12:03:00,124,£500-1k,2 orders
12988,535.32,1,136,5.818695652173914,2011-02-20 14:31:00,2011-02-20 14:31:00,0,£500-1k,1 order
12989,6924.110000000001,15,2943,108.18921875000001,2010-12-10 13:24:00,2011-12-06 15:28:00,361,£5k-10k,10-19 orders
12990,409.5,3,200,31.5,2011-02-02 15:39:00,2011-11-08 13:01:00,278,£100-500,3-4 orders
12991,503.76,2,405,16.25032258064516,2011-08-19 14:39:00,2011-11-16 15:34:00,89,£500-1k,2 orders
12993,414.76,4,240,15.361481481481482,2011-02-14 14:29:00,2011-11-16 15:49:00,275,£100-500,3-4 orders
12994,974.4200000000001,3,459,15.97409836065574,2011-03-16 08:31:00,2011-12-05 15:43:00,264,£500-1k,3-4 orders
12995,211.32,1,108,70.44,2011-09-15 15:44:00,2011-09-15 15:44:00,0,£100-500,1 order
12997,1226.89,4,664,20.794745762711866,2011-01-26 15:49:00,2011-11-17 15:47:00,294,£1k-5k,3-4 orders
12999,455.88,3,342,16.28142857142857,2011-04-08 10:26:00,2011-05-27 13:24:00,49,£100-500,3-4 orders
13000,534.85,3,379,17.253225806451614,2010-12-10 10:26:00,2011-08-25 10:43:00,258,£500-1k,3-4 orders
13001,9818.82,13,5505,28.964070796460177,2011-01-17 12:45:00,2011-12-05 14:51:00,322,£5k-10k,10-19 orders
13002,120.94999999999999,1,73,17.27857142857143,2011-01-25 15:18:00,2011-01-25 15:18:00,0,£100-500,1 order
13003,149.05,3,103,24.84166666666667,2011-05-09 08:23:00,2011-08-26 10:50:00,109,£100-500,3-4 orders
13004,5655.91,18,4822,13.999777227722772,2010-12-17 08:20:00,2011-11-28 11:27:00,346,£5k-10k,10-19 orders
13005,513.7,2,172,19.75769230769231,2011-04-07 13:32:00,2011-06-19 10:53:00,72,£500-1k,2 orders
13006,81.57,1,55,20.3925,2011-10-14 13:49:00,2011-10-14 13:49:00,0,£0-100,1 order
13008,229.46999999999997,1,175,16.390714285714285,2011-01-20 14:24:00,2011-01-20 14:24:00,0,£100-500,1 order
13011,50.550000000000004,1,13,16.85,2010-12-02 17:22:00,2010-12-02 17:22:00,0,£0-100,1 order
13012,1661.8400000000001,8,824,18.6723595505618,2011-02-18 09:43:00,2011-11-30 13:05:00,285,£1k-5k,5-9 orders
13013,4810.9400000000005,13,2224,21.967762557077627,2010-12-03 12:28:00,2011-12-08 15:01:00,370,£1k-5k,10-19 orders
13014,3466.2799999999997,10,905,31.800733944954125,2011-03-03 18:28:00,2011-11-29 12:27:00,270,£1k-5k,10-19 orders
13015,3346.28,5,1617,19.012954545454548,2011-04-04 14:28:00,2011-10-17 13:19:00,195,£1k-5k,5-9 orders
13016,789.89,3,527,16.806170212765956,2011-08-08 15:00:00,2011-09-27 14:08:00,49,£500-1k,3-4 orders
13017,204.0,1,48,204.0,2011-12-02 15:53:00,2011-12-02 15:53:00,0,£100-500,1 order
13018,7277.7,28,5435,15.890174672489083,2011-02-17 11:05:00,2011-11-23 13:28:00,279,£5k-10k,20+ orders
13021,2616.38,9,1352,19.97236641221374,2010-12-16 10:12:00,2011-12-05 16:37:00,354,£1k-5k,5-9 orders
13023,689.9,2,286,17.2475,2011-08-02 09:34:00,2011-10-06 16:27:00,65,£500-1k,2 orders
13026,975.36,5,1620,24.384,2011-03-09 11:35:00,2011-12-08 16:58:00,274,£500-1k,5-9 orders
13027,6912.0,6,17280,265.84615384615387,2010-12-20 12:45:00,2011-08-18 09:39:00,240,£5k-10k,5-9 orders
13028,661.3199999999999,2,798,14.695999999999998,2011-10-25 14:09:00,2011-11-17 11:10:00,22,£500-1k,2 orders
13029,1247.5,3,134,124.75,2010-12-21 13:53:00,2011-11-09 09:13:00,322,£1k-5k,3-4 orders
13030,799.48,2,394,8.075555555555555,2010-12-06 14:31:00,2011-11-28 14:30:00,356,£500-1k,2 orders
13032,1010.18,2,375,14.227887323943662,2011-09-13 16:40:00,2011-10-18 15:54:00,34,£1k-5k,2 orders
13033,190.55,1,83,17.322727272727274,2010-12-17 14:23:00,2010-12-17 14:23:00,0,£100-500,1 order
13034,642.77,2,369,17.372162162162162,2010-12-05 14:52:00,2011-10-16 12:21:00,314,£500-1k,2 orders
13035,921.88,2,644,34.1437037037037,2011-03-24 09:21:00,2011-09-27 08:57:00,186,£500-1k,2 orders
13037,881.07,3,431,18.355625,2011-03-28 15:42:00,2011-07-24 15:46:00,118,£500-1k,3-4 orders
13038,908.46,3,360,32.445,2011-02-22 11:43:00,2011-09-20 14:37:00,210,£500-1k,3-4 orders
13040,676.99,2,355,15.743953488372092,2011-11-06 13:53:00,2011-12-01 10:38:00,24,£500-1k,2 orders
13043,516.42,1,254,39.72461538461538,2011-03-11 14:52:00,2011-03-11 14:52:00,0,£500-1k,1 order
13044,560.47,1,429,16.983939393939394,2011-02-21 15:20:00,2011-02-21 15:20:00,0,£500-1k,1 order
13045,305.28000000000003,1,221,16.96,2011-09-01 15:04:00,2011-09-01 15:04:00,0,£100-500,1 order
13046,629.31,2,264,17.980285714285714,2011-03-18 15:43:00,2011-11-09 08:36:00,235,£500-1k,2 orders
13047,3237.54,10,1391,18.822906976744186,2010-12-01 08:34:00,2011-11-08 12:06:00,342,£1k-5k,10-19 orders
13048,1835.91,4,1238,13.499338235294118,2011-01-16 14:36:00,2011-11-25 13:23:00,312,£1k-5k,3-4 orders
13049,656.6800000000001,2,268,46.90571428571429,2011-01-25 16:33:00,2011-10-06 15:31:00,253,£500-1k,2 orders
13050,5836.86,17,3748,14.483523573200992,2010-12-08 09:30:00,2011-11-25 09:18:00,351,£5k-10k,10-19 orders
13052,348.15000000000003,1,222,19.34166666666667,2011-05-11 14:12:00,2011-05-11 14:12:00,0,£100-500,1 order
13055,1214.41,3,894,15.979078947368421,2011-05-10 08:58:00,2011-09-22 14:26:00,135,£1k-5k,3-4 orders
13058,271.40000000000003,3,52,33.925000000000004,2011-07-11 12:01:00,2011-11-15 12:43:00,127,£100-500,3-4 orders
13059,183.4,1,35,22.925,2011-04-04 10:40:00,2011-04-04 10:40:00,0,£100-500,1 order
13060,307.53,1,123,20.502,2011-03-31 11:37:00,2011-03-31 11:37:00,0,£100-500,1 order
13061,248.61,1,107,24.861,2011-09-28 16:04:00,2011-09-28 16:04:00,0,£100-500,1 order
13062,346.98,1,343,31.543636363636367,2011-06-01 15:12:00,2011-06-01 15:12:00,0,£100-500,1 order
13064,1119.49,4,516,16.22449275362319,2011-01-16 13:41:00,2011-11-27 12:31:00,314,£1k-5k,3-4 orders
13065,205.86,1,74,14.704285714285716,2010-12-01 16:52:00,2010-12-01 16:52:00,0,£100-500,1 order
13066,470.8,2,322,9.808333333333334,2011-11-07 17:06:00,2011-11-15 12:57:00,7,£100-500,2 orders
13067,115.46000000000001,1,32,7.697333333333334,2011-09-18 13:38:00,2011-09-18 13:38:00,0,£100-500,1 order
13068,344.0,2,200,172.0,2011-01-24 08:20:00,2011-11-29 15:00:00,309,£100-500,2 orders
13069,4436.12,24,5885,10.437929411764706,2010-12-05 11:02:00,2011-12-09 08:39:00,368,£1k-5k,20+ orders
13070,228.8,1,110,25.422222222222224,2011-05-31 13:45:00,2011-05-31 13:45:00,0,£100-500,1 order
13072,177.15,1,69,25.307142857142857,2011-03-18 08:12:00,2011-03-18 08:12:00,0,£100-500,1 order
13075,919.61,1,485,41.80045454545455,2011-08-02 10:19:00,2011-08-02 10:19:00,0,£500-1k,1 order
13077,729.27,4,863,6.5113392857142856,2010-12-08 14:59:00,2011-12-08 19:24:00,365,£500-1k,3-4 orders
13078,12627.94,26,5630,35.27357541899441,2010-12-08 09:07:00,2011-12-06 15:36:00,363,£10k+,20+ orders
13079,220.10000000000002,5,62,36.68333333333334,2011-07-22 14:41:00,2011-12-05 16:53:00,136,£100-500,5-9 orders
13080,58.08,1,120,9.68,2011-06-13 14:59:00,2011-06-13 14:59:00,0,£0-100,1 order
13081,28337.38,11,19068,27.67322265625,2010-12-03 17:20:00,2011-11-28 10:54:00,359,£10k+,10-19 orders
13082,3613.63,9,4324,49.50178082191781,2011-01-05 15:42:00,2011-08-05 16:16:00,212,£1k-5k,5-9 orders
13083,303.75,2,187,16.875,2011-09-25 10:46:00,2011-12-05 15:01:00,71,£100-500,2 orders
13085,416.08000000000004,2,216,18.912727272727274,2011-02-17 13:57:00,2011-07-05 12:11:00,137,£100-500,2 orders
13089,58825.83,97,31070,32.35744224422442,2010-12-05 10:27:00,2011-12-07 09:02:00,366,£10k+,20+ orders
13090,8910.82,14,2263,57.48916129032258,2010-12-02 07:48:00,2011-12-01 12:39:00,364,£5k-10k,10-19 orders
13091,345.82,1,466,16.467619047619046,2011-11-11 15:54:00,2011-11-11 15:54:00,0,£100-500,1 order
13092,477.83,5,279,19.1132,2010-12-15 12:27:00,2011-09-30 11:18:00,288,£100-500,5-9 orders
13093,7832.47,8,3961,49.260817610062894,2010-12-01 15:00:00,2011-03-09 12:14:00,97,£5k-10k,5-9 orders
13094,1927.3200000000002,12,1716,80.305,2010-12-06 10:34:00,2011-11-18 14:07:00,347,£1k-5k,10-19 orders
13095,74.39999999999999,1,144,12.399999999999999,2011-09-30 12:03:00,2011-09-30 12:03:00,0,£0-100,1 order
13097,6010.42,10,2363,14.209030732860521,2010-12-14 15:13:00,2011-11-07 10:43:00,327,£5k-10k,10-19 orders
13098,28882.44,28,15968,50.49377622377622,2011-01-26 13:46:00,2011-12-08 14:14:00,316,£10k+,20+ orders
13099,207.35999999999999,1,288,207.35999999999999,2011-09-01 17:40:00,2011-09-01 17:40:00,0,£100-500,1 order
13101,101.19,1,113,12.64875,2011-04-19 14:37:00,2011-04-19 14:37:00,0,£100-500,1 order
13102,6424.09,24,4204,21.131875,2010-12-09 13:38:00,2011-12-08 12:52:00,363,£5k-10k,20+ orders
13103,243.94,1,82,30.4925,2011-10-31 09:38:00,2011-10-31 09:38:00,0,£100-500,1 order
13104,1098.48,6,504,54.924,2010-12-20 11:58:00,2011-12-06 13:10:00,351,£1k-5k,5-9 orders
13106,76.5,1,18,76.5,2011-07-29 15:12:00,2011-07-29 15:12:00,0,£0-100,1 order
13107,1531.6200000000001,4,1293,26.407241379310346,2011-01-10 12:28:00,2011-10-26 14:52:00,289,£1k-5k,3-4 orders
13108,350.06,1,298,35.006,2010-12-02 10:35:00,2010-12-02 10:35:00,0,£100-500,1 order
13109,786.54,2,520,16.734893617021275,2011-07-05 14:56:00,2011-10-11 10:16:00,97,£500-1k,2 orders
13110,1488.67,7,388,10.266689655172414,2011-02-01 15:24:00,2011-11-08 14:30:00,279,£1k-5k,5-9 orders
13113,12245.960000000001,24,3045,61.229800000000004,2010-12-08 13:21:00,2011-12-09 12:49:00,365,£10k+,20+ orders
13115,2294.78,4,1567,19.12316666666667,2011-06-08 16:15:00,2011-11-28 12:38:00,172,£1k-5k,3-4 orders
13116,501.14,1,291,16.704666666666665,2011-07-24 14:33:00,2011-07-24 14:33:00,0,£500-1k,1 order
13117,984.91,8,945,12.959342105263158,2010-12-02 13:11:00,2011-11-18 12:02:00,350,£500-1k,5-9 orders
13118,1197.81,5,410,15.162151898734177,2011-02-24 12:32:00,2011-11-20 12:46:00,269,£1k-5k,5-9 orders
13120,30.599999999999998,1,12,30.599999999999998,2011-04-15 10:19:00,2011-04-15 10:19:00,0,£0-100,1 order
13121,283.73,1,252,5.674600000000001,2011-03-15 16:47:00,2011-03-15 16:47:00,0,£100-500,1 order
13122,922.39,2,585,16.77072727272727,2011-04-13 14:12:00,2011-09-06 15:53:00,146,£500-1k,2 orders
13124,3866.33,3,2147,16.452468085106382,2010-12-15 15:00:00,2011-09-11 12:45:00,269,£1k-5k,3-4 orders
13126,2099.64,8,2143,14.997428571428571,2010-12-08 11:42:00,2011-12-05 10:00:00,361,£1k-5k,5-9 orders
13127,259.17,1,127,17.278000000000002,2011-09-23 10:26:00,2011-09-23 10:26:00,0,£100-500,1 order
13130,64.0,1,32,32.0,2011-09-06 15:30:00,2011-09-06 15:30:00,0,£0-100,1 order
13131,1073.3,3,447,24.393181818181816,2011-06-05 10:54:00,2011-11-16 13:21:00,164,£1k-5k,3-4 orders
13132,77.3,1,20,25.766666666666666,2011-03-23 12:44:00,2011-03-23 12:44:00,0,£0-100,1 order
13133,109.8,2,32,15.685714285714285,2011-02-08 15:48:00,2011-03-11 10:31:00,30,£100-500,2 orders
13134,1793.58,4,1059,18.301836734693875,2011-04-13 12:57:00,2011-09-15 10:35:00,154,£1k-5k,3-4 orders
13135,3096.0,1,4300,3096.0,2011-05-27 10:52:00,2011-05-27 10:52:00,0,£1k-5k,1 order
13136,2607.61,5,1328,20.53236220472441,2011-05-11 12:47:00,2011-10-14 13:41:00,156,£1k-5k,5-9 orders
13137,3650.41,8,2226,5.185241477272727,2011-02-04 11:54:00,2011-11-29 12:09:00,298,£1k-5k,5-9 orders
13138,962.39,6,473,15.276031746031746,2010-12-02 15:03:00,2011-11-17 16:51:00,350,£500-1k,5-9 orders
13139,5064.94,7,2425,29.79376470588235,2011-03-25 11:57:00,2011-11-23 13:54:00,243,£5k-10k,5-9 orders
13140,423.72,3,186,9.211304347826088,2010-12-08 15:12:00,2011-08-23 15:33:00,258,£100-500,3-4 orders
13141,2388.75,5,1548,17.694444444444443,2011-01-28 13:04:00,2011-09-16 09:54:00,230,£1k-5k,5-9 orders
13142,307.09,1,258,13.351739130434781,2011-11-20 16:07:00,2011-11-20 16:07:00,0,£100-500,1 order
13144,110.95,1,21,36.983333333333334,2011-01-11 11:15:00,2011-01-11 11:15:00,0,£100-500,1 order
13145,618.52,4,145,103.08666666666666,2010-12-02 18:06:00,2011-10-31 12:45:00,332,£500-1k,3-4 orders
13146,228.91,1,154,13.465294117647058,2011-11-13 15:29:00,2011-11-13 15:29:00,0,£100-500,1 order
13147,712.8000000000001,4,144,178.20000000000002,2011-09-01 12:28:00,2011-11-29 13:59:00,89,£500-1k,3-4 orders
13148,3707.12,12,1975,11.621065830721003,2010-12-10 13:06:00,2011-11-10 15:23:00,335,£1k-5k,10-19 orders
13149,1676.06,4,1280,19.48906976744186,2011-02-23 13:57:00,2011-11-25 13:09:00,274,£1k-5k,3-4 orders
13151,1257.8700000000001,1,363,16.998243243243245,2011-02-17 12:29:00,2011-02-17 12:29:00,0,£1k-5k,1 order
13153,486.22,1,418,32.41466666666667,2011-12-04 12:14:00,2011-12-04 12:14:00,0,£100-500,1 order
13155,971.76,4,497,11.432470588235294,2010-12-06 12:44:00,2011-11-06 15:41:00,335,£500-1k,3-4 orders
13157,1741.22,4,1439,20.014022988505747,2011-02-14 14:03:00,2011-10-21 13:50:00,248,£1k-5k,3-4 orders
13158,1201.06,4,784,15.203291139240505,2011-01-25 09:58:00,2011-09-06 11:58:00,224,£1k-5k,3-4 orders
13159,1437.85,4,1059,11.883057851239668,2011-08-16 11:44:00,2011-12-01 11:20:00,106,£1k-5k,3-4 orders
13160,91.8,1,56,22.95,2011-11-17 13:07:00,2011-11-17 13:07:00,0,£0-100,1 order
13161,112.75,1,29,14.09375,2011-01-30 14:03:00,2011-01-30 14:03:00,0,£100-500,1 order
13162,1688.29,4,1713,21.370759493670885,2011-01-09 10:43:00,2011-08-09 15:59:00,212,£1k-5k,3-4 orders
13165,1021.48,2,1376,24.32095238095238,2010-12-23 14:06:00,2011-10-24 15:05:00,305,£1k-5k,2 orders
13166,417.2,1,216,10.175609756097561,2011-03-01 15:16:00,2011-03-01 15:16:00,0,£100-500,1 order
13167,791.33,4,785,12.174307692307693,2011-07-19 12:13:00,2011-11-21 12:24:00,125,£500-1k,3-4 orders
13168,1319.19,4,682,10.070152671755725,2011-01-25 13:55:00,2011-11-03 12:56:00,281,£1k-5k,3-4 orders
13169,712.88,2,272,54.83692307692308,2011-04-01 14:24:00,2011-10-07 12:11:00,188,£500-1k,2 orders
13170,116.00999999999999,1,147,3.6253124999999997,2011-11-13 12:19:00,2011-11-13 12:19:00,0,£100-500,1 order
13171,468.41,3,229,10.182826086956522,2011-02-13 14:16:00,2011-11-18 10:27:00,277,£100-500,3-4 orders
13173,353.65,2,277,8.224418604651163,2010-12-07 14:30:00,2011-12-05 15:51:00,363,£100-500,2 orders
13174,2817.03,3,1395,8.971433121019109,2010-12-05 16:24:00,2011-11-23 14:35:00,352,£1k-5k,3-4 orders
13176,492.84,1,453,6.845,2011-10-24 15:43:00,2011-10-24 15:43:00,0,£100-500,1 order
13177,282.45,1,91,16.61470588235294,2011-10-06 09:56:00,2011-10-06 09:56:00,0,£100-500,1 order
13178,5725.47,11,3570,21.60554716981132,2010-12-14 12:22:00,2011-11-13 16:14:00,334,£5k-10k,10-19 orders
13182,121.18,1,201,11.016363636363637,2011-10-25 13:46:00,2011-10-25 13:46:00,0,£100-500,1 order
13183,3957.78,9,2208,42.10404255319149,2011-01-09 10:50:00,2011-12-02 10:30:00,326,£1k-5k,5-9 orders
13184,1701.29,10,1692,9.39939226519337,2011-02-22 17:25:00,2011-11-25 12:02:00,275,£1k-5k,10-19 orders
13185,71.4,1,12,71.4,2011-03-17 11:56:00,2011-03-17 11:56:00,0,£0-100,1 order
13186,1575.89,3,820,19.947974683544306,2011-08-03 09:09:00,2011-10-31 11:40:00,89,£1k-5k,3-4 orders
13187,236.02,1,95,6.378918918918919,2011-01-06 18:57:00,2011-01-06 18:57:00,0,£100-500,1 order
13188,114.60000000000001,1,25,57.300000000000004,2011-11-28 15:28:00,2011-11-28 15:28:00,0,£100-500,1 order
13189,260.68,2,842,8.988965517241379,2011-08-16 13:12:00,2011-11-21 10:39:00,96,£100-500,2 orders
13192,911.94,2,595,14.475238095238096,2011-05-18 14:57:00,2011-09-05 14:13:00,109,£500-1k,2 orders
13193,117.88,1,50,4.0648275862068965,2011-10-09 14:30:00,2011-10-09 14:30:00,0,£100-500,1 order
13194,60.7,1,26,20.233333333333334,2011-07-27 09:01:00,2011-07-27 09:01:00,0,£0-100,1 order
13196,1797.78,4,1224,16.343454545454545,2011-03-22 14:24:00,2011-11-28 13:54:00,250,£1k-5k,3-4 orders
13198,3401.2400000000002,6,2648,15.049734513274338,2010-12-13 09:29:00,2011-11-29 15:17:00,351,£1k-5k,5-9 orders
13199,9817.12,38,6176,82.49680672268909,2010-12-08 10:51:00,2011-12-06 12:30:00,363,£5k-10k,20+ orders
13200,870.09,4,516,18.915,2011-08-05 14:50:00,2011-11-20 15:35:00,107,£500-1k,3-4 orders
13203,869.46,4,800,15.253684210526316,2011-04-11 14:40:00,2011-11-30 10:45:00,232,£500-1k,3-4 orders
13207,250.26000000000002,2,130,31.282500000000002,2011-07-12 11:35:00,2011-11-24 14:52:00,135,£100-500,2 orders
13208,1223.9,6,804,8.214093959731544,2011-02-03 19:32:00,2011-10-12 09:54:00,250,£1k-5k,5-9 orders
13209,5891.61,8,4253,18.35392523364486,2010-12-13 10:31:00,2011-11-09 13:54:00,331,£5k-10k,5-9 orders
13210,353.48,1,316,16.067272727272726,2011-09-07 08:18:00,2011-09-07 08:18:00,0,£100-500,1 order
13211,1197.42,3,874,21.3825,2010-12-13 16:17:00,2011-11-29 14:43:00,350,£1k-5k,3-4 orders
13212,788.08,3,310,5.549859154929578,2011-10-09 14:48:00,2011-11-20 12:40:00,41,£500-1k,3-4 orders
13213,1520.58,5,1360,16.895333333333333,2011-05-24 12:22:00,2011-10-14 11:42:00,142,£1k-5k,5-9 orders
13216,333.74,1,297,66.748,2011-03-17 12:18:00,2011-03-17 12:18:00,0,£100-500,1 order
13217,533.98,3,262,133.495,2011-07-06 12:08:00,2011-08-09 15:32:00,34,£500-1k,3-4 orders
13218,62.63999999999999,1,88,12.527999999999999,2011-08-04 16:59:00,2011-08-04 16:59:00,0,£0-100,1 order
13220,819.2900000000001,4,196,39.01380952380953,2011-04-17 10:59:00,2011-09-22 13:38:00,158,£500-1k,3-4 orders
13221,847.41,2,244,12.839545454545455,2010-12-15 13:24:00,2011-04-13 16:58:00,119,£500-1k,2 orders
13223,163.20000000000002,2,88,32.64,2011-04-21 15:16:00,2011-05-23 13:03:00,31,£100-500,2 orders
13224,2155.95,2,1518,19.9625,2011-07-11 14:10:00,2011-10-10 14:55:00,91,£1k-5k,2 orders
13225,6463.84,7,3416,201.995,2010-12-13 09:49:00,2011-12-06 13:29:00,358,£5k-10k,5-9 orders
13226,108.21000000000001,1,80,6.7631250000000005,2011-03-11 14:35:00,2011-03-11 14:35:00,0,£100-500,1 order
13227,257.7,1,99,28.633333333333333,2011-05-22 11:47:00,2011-05-22 11:47:00,0,£100-500,1 order
13228,358.0,1,200,179.0,2011-09-19 14:28:00,2011-09-19 14:28:00,0,£100-500,1 order
13229,160.95,1,63,16.095,2011-04-28 12:07:00,2011-04-28 12:07:00,0,£100-500,1 order
13230,2806.97,14,1665,4.5940589198036,2010-12-09 19:28:00,2011-12-05 16:03:00,360,£1k-5k,10-19 orders
13232,1357.6,7,778,6.558454106280193,2011-04-10 13:48:00,2011-11-27 10:39:00,230,£1k-5k,5-9 orders
13233,605.12,2,1004,14.072558139534884,2011-01-07 14:49:00,2011-09-26 13:25:00,261,£500-1k,2 orders
13235,1031.07,1,441,17.77706896551724,2011-05-11 17:13:00,2011-05-11 17:13:00,0,£1k-5k,1 order
13236,744.85,2,416,20.69027777777778,2011-08-25 08:58:00,2011-11-15 12:50:00,82,£500-1k,2 orders
13238,700.73,4,298,22.604193548387098,2010-12-14 14:37:00,2011-11-22 15:37:00,343,£500-1k,3-4 orders
13239,329.56,1,327,15.693333333333333,2011-03-23 10:25:00,2011-03-23 10:25:00,0,£100-500,1 order
13240,663.65,4,298,9.905223880597015,2010-12-09 12:49:00,2011-09-04 14:08:00,269,£500-1k,3-4 orders
13242,270.40000000000003,3,130,20.800000000000004,2011-05-10 12:26:00,2011-08-19 12:53:00,101,£100-500,3-4 orders
13243,600.07,1,233,10.346034482758622,2011-05-20 13:14:00,2011-05-20 13:14:00,0,£500-1k,1 order
13244,121.74000000000001,1,38,4.508888888888889,2011-09-08 11:46:00,2011-09-08 11:46:00,0,£100-500,1 order
13245,430.5,1,125,26.90625,2011-10-20 11:40:00,2011-10-20 11:40:00,0,£100-500,1 order
13246,1987.3,6,1602,14.094326241134752,2011-01-13 13:36:00,2011-11-21 16:50:00,312,£1k-5k,5-9 orders
13247,501.12,4,328,20.0448,2011-09-18 11:31:00,2011-11-22 10:59:00,64,£500-1k,3-4 orders
13248,465.68,2,305,17.91076923076923,2011-06-03 13:05:00,2011-08-07 12:40:00,64,£100-500,2 orders
13249,711.41,3,546,30.93086956521739,2011-03-23 15:26:00,2011-09-08 13:26:00,168,£500-1k,3-4 orders
13253,1030.4,2,1572,28.622222222222224,2011-01-04 15:43:00,2011-07-06 10:09:00,182,£1k-5k,2 orders
13255,399.51,2,177,30.73153846153846,2010-12-01 11:58:00,2011-11-30 13:14:00,364,£100-500,2 orders
13258,698.58,3,287,18.383684210526315,2011-05-18 13:11:00,2011-11-28 09:31:00,193,£500-1k,3-4 orders
13259,292.32,1,132,3.36,2011-10-09 10:48:00,2011-10-09 10:48:00,0,£100-500,1 order
13260,557.62,1,142,69.7025,2011-10-09 13:21:00,2011-10-09 13:21:00,0,£500-1k,1 order
13261,944.1,2,210,104.9,2011-02-27 10:41:00,2011-03-16 12:22:00,17,£500-1k,2 orders
13262,200.29,1,125,18.208181818181817,2011-03-21 15:06:00,2011-03-21 15:06:00,0,£100-500,1 order
13263,7454.07,35,4780,4.444883720930233,2011-01-18 16:31:00,2011-12-08 13:59:00,323,£5k-10k,20+ orders
13265,2107.66,5,1752,23.1610989010989,2011-03-11 09:54:00,2011-10-17 15:02:00,220,£1k-5k,5-9 orders
13266,3834.2599999999998,12,4428,20.504064171122995,2011-03-28 10:14:00,2011-11-28 14:39:00,245,£1k-5k,10-19 orders
13267,4521.49,19,1969,21.428862559241704,2010-12-08 09:20:00,2011-12-07 11:12:00,364,£1k-5k,10-19 orders
13268,3214.69,11,3658,7.306113636363636,2011-03-17 13:20:00,2011-11-22 11:51:00,249,£1k-5k,10-19 orders
13269,5346.2300000000005,15,3514,16.91844936708861,2010-12-05 11:51:00,2011-12-08 14:53:00,368,£5k-10k,10-19 orders
13270,590.0,1,200,590.0,2010-12-08 14:53:00,2010-12-08 14:53:00,0,£500-1k,1 order
13271,217.38,1,253,2.264375,2011-11-02 14:31:00,2011-11-02 14:31:00,0,£100-500,1 order
13272,276.56,2,96,18.437333333333335,2011-09-11 12:06:00,2011-11-08 14:00:00,58,£100-500,2 orders
13273,138.98,1,153,8.68625,2011-08-18 14:02:00,2011-08-18 14:02:00,0,£100-500,1 order
13276,590.9300000000001,2,161,19.69766666666667,2011-09-01 10:03:00,2011-10-07 12:44:00,36,£500-1k,2 orders
13277,258.4,4,176,32.3,2011-07-29 10:06:00,2011-11-24 09:21:00,117,£100-500,3-4 orders
13278,542.73,1,537,11.798478260869565,2011-10-30 11:49:00,2011-10-30 11:49:00,0,£500-1k,1 order
13279,137.75,1,73,15.305555555555555,2011-09-22 17:24:00,2011-09-22 17:24:00,0,£100-500,1 order
13280,814.86,3,522,9.586588235294117,2011-01-06 17:10:00,2011-08-09 13:14:00,214,£500-1k,3-4 orders
13282,1132.14,3,307,30.59837837837838,2011-05-03 12:03:00,2011-11-21 15:33:00,202,£1k-5k,3-4 orders
13283,93.66,2,90,13.379999999999999,2011-06-07 12:39:00,2011-10-11 09:50:00,125,£0-100,2 orders
13284,201.19,1,91,15.476153846153846,2011-01-13 09:23:00,2011-01-13 09:23:00,0,£100-500,1 order
13285,2709.12,4,2051,14.487272727272726,2011-02-22 17:13:00,2011-11-16 13:19:00,266,£1k-5k,3-4 orders
13291,361.11,1,233,8.597857142857142,2011-07-07 10:36:00,2011-07-07 10:36:00,0,£100-500,1 order
13292,578.9399999999999,2,347,18.67548387096774,2011-02-28 15:00:00,2011-11-01 10:04:00,245,£500-1k,2 orders
13294,873.74,2,453,16.18037037037037,2011-04-04 12:37:00,2011-06-03 08:54:00,59,£500-1k,2 orders
13295,201.20000000000002,1,82,20.12,2010-12-15 11:21:00,2010-12-15 11:21:00,0,£100-500,1 order
13296,87.4,1,78,17.48,2011-07-25 13:46:00,2011-07-25 13:46:00,0,£0-100,1 order
13297,2089.85,4,963,35.421186440677964,2011-10-03 15:08:00,2011-12-02 09:32:00,59,£1k-5k,3-4 orders
13298,360.0,1,96,180.0,2011-12-08 13:11:00,2011-12-08 13:11:00,0,£100-500,1 order
13299,142.5,1,30,28.5,2011-03-16 12:55:00,2011-03-16 12:55:00,0,£100-500,1 order
13300,371.89,1,203,18.5945,2011-06-23 13:09:00,2011-06-23 13:09:00,0,£100-500,1 order
13301,618.09,4,345,7.630740740740741,2011-02-20 13:13:00,2011-08-28 11:25:00,188,£500-1k,3-4 orders
13302,63.75,1,5,63.75,2011-07-07 17:56:00,2011-07-07 17:56:00,0,£0-100,1 order
13304,300.42,1,238,14.305714285714286,2010-12-23 14:35:00,2010-12-23 14:35:00,0,£100-500,1 order
13305,2000.86,10,1232,24.701975308641973,2010-12-02 12:10:00,2011-12-05 15:15:00,368,£1k-5k,10-19 orders
13307,15.0,1,4,15.0,2011-08-11 17:14:00,2011-08-11 17:14:00,0,£0-100,1 order
13308,1385.51,3,843,25.657592592592593,2011-05-20 13:13:00,2011-11-17 09:31:00,180,£1k-5k,3-4 orders
13309,1456.79,5,1544,13.614859813084111,2011-02-04 12:29:00,2011-12-02 16:34:00,301,£1k-5k,5-9 orders
13310,1132.03,3,587,15.722638888888888,2011-01-19 14:50:00,2011-11-11 17:23:00,296,£1k-5k,3-4 orders
13311,598.57,2,305,23.02192307692308,2011-07-12 14:26:00,2011-12-05 12:55:00,145,£500-1k,2 orders
13313,1555.32,5,851,19.939999999999998,2011-01-04 10:00:00,2011-11-17 16:48:00,317,£1k-5k,5-9 orders
13314,775.94,3,560,12.515161290322581,2011-09-27 10:20:00,2011-12-08 12:29:00,72,£500-1k,3-4 orders
13316,5977.7300000000005,4,6948,68.70954022988506,2011-03-30 13:01:00,2011-11-02 13:40:00,217,£5k-10k,3-4 orders
13317,2273.68,6,1035,18.336129032258064,2010-12-16 09:22:00,2011-10-04 13:35:00,292,£1k-5k,5-9 orders
13318,640.76,3,304,32.038,2011-11-02 13:26:00,2011-12-08 18:51:00,36,£500-1k,3-4 orders
13319,10845.550000000001,26,4724,22.784768907563027,2010-12-09 10:04:00,2011-12-04 13:34:00,360,£10k+,20+ orders
13320,1548.7,4,1096,14.610377358490567,2011-05-10 10:29:00,2011-09-22 18:07:00,135,£1k-5k,3-4 orders
13321,567.36,2,372,51.57818181818182,2011-09-14 15:18:00,2011-09-28 15:24:00,14,£500-1k,2 orders
13322,199.48000000000002,1,117,7.9792000000000005,2011-11-22 14:21:00,2011-11-22 14:21:00,0,£100-500,1 order
13323,787.85,5,175,37.516666666666666,2011-09-16 13:23:00,2011-12-06 17:12:00,81,£500-1k,5-9 orders
13324,7121.95,10,5205,94.95933333333333,2010-12-14 09:50:00,2011-11-03 16:28:00,324,£5k-10k,10-19 orders
13325,675.3,1,240,56.275,2011-09-19 10:36:00,2011-09-19 10:36:00,0,£500-1k,1 order
13327,3627.77,8,1600,33.59046296296296,2010-12-09 15:32:00,2011-11-01 10:21:00,326,£1k-5k,5-9 orders
13328,1308.48,1,680,76.96941176470588,2011-01-27 15:22:00,2011-01-27 15:22:00,0,£1k-5k,1 order
13329,789.0,2,463,46.411764705882355,2010-12-08 10:11:00,2011-11-08 10:29:00,335,£500-1k,2 orders
13330,1140.93,3,751,21.526981132075473,2011-01-28 10:08:00,2011-09-08 12:27:00,223,£1k-5k,3-4 orders
13332,350.9,1,179,16.70952380952381,2011-11-25 13:30:00,2011-11-25 13:30:00,0,£100-500,1 order
13334,3536.82,3,1774,13.197089552238806,2011-02-07 11:42:00,2011-09-18 15:21:00,223,£1k-5k,3-4 orders
13336,795.12,1,559,15.590588235294117,2011-09-23 14:05:00,2011-09-23 14:05:00,0,£500-1k,1 order
13338,487.02,1,256,25.632631578947368,2011-07-05 09:06:00,2011-07-05 09:06:00,0,£100-500,1 order
13339,860.12,1,326,15.928148148148148,2011-05-23 08:31:00,2011-05-23 08:31:00,0,£500-1k,1 order
13340,10736.48,7,5770,80.12298507462687,2011-03-08 11:39:00,2011-10-25 13:15:00,231,£10k+,5-9 orders
13341,775.85,1,301,18.472619047619048,2011-03-24 09:50:00,2011-03-24 09:50:00,0,£500-1k,1 order
13343,353.43,1,135,18.60157894736842,2011-06-15 12:24:00,2011-06-15 12:24:00,0,£100-500,1 order
13344,2543.72,3,971,21.37579831932773,2011-03-07 10:28:00,2011-10-03 09:45:00,209,£1k-5k,3-4 orders
13345,389.5,1,141,19.475,2011-02-25 09:01:00,2011-02-25 09:01:00,0,£100-500,1 order
13347,341.36,1,205,42.67,2011-09-30 13:28:00,2011-09-30 13:28:00,0,£100-500,1 order
13348,233.76,1,136,16.697142857142858,2011-10-06 17:28:00,2011-10-06 17:28:00,0,£100-500,1 order
13349,247.32,1,225,15.4575,2011-11-29 08:07:00,2011-11-29 08:07:00,0,£100-500,1 order
13350,979.12,2,287,24.478,2011-09-21 13:33:00,2011-11-23 16:33:00,63,£500-1k,2 orders
13351,373.94,1,117,23.37125,2011-10-04 12:55:00,2011-10-04 12:55:00,0,£100-500,1 order
13352,397.97999999999996,1,321,16.5825,2011-10-10 13:55:00,2011-10-10 13:55:00,0,£100-500,1 order
13354,743.53,1,604,14.579019607843136,2011-09-29 13:17:00,2011-09-29 13:17:00,0,£500-1k,1 order
13355,674.7,1,314,21.084375,2011-08-09 14:48:00,2011-08-09 14:48:00,0,£500-1k,1 order
13356,768.24,1,325,18.291428571428572,2011-09-20 14:33:00,2011-09-20 14:33:00,0,£500-1k,1 order
13357,609.95,1,322,6.777222222222223,2011-03-27 13:56:00,2011-03-27 13:56:00,0,£500-1k,1 order
13358,439.03,1,285,15.138965517241378,2011-03-16 11:52:00,2011-03-16 11:52:00,0,£100-500,1 order
13359,439.56,1,161,19.11130434782609,2011-10-07 09:30:00,2011-10-07 09:30:00,0,£100-500,1 order
13362,3090.7400000000002,4,1382,18.618915662650604,2011-02-25 11:33:00,2011-11-30 14:41:00,278,£1k-5k,3-4 orders
13363,992.5,2,710,16.541666666666668,2011-10-27 10:46:00,2011-11-22 12:40:00,26,£500-1k,2 orders
13364,134.95999999999998,1,71,13.495999999999999,2011-09-29 18:13:00,2011-09-29 18:13:00,0,£100-500,1 order
13365,2225.37,2,1247,17.385703125,2011-05-06 12:00:00,2011-11-06 12:36:00,184,£1k-5k,2 orders
13366,56.160000000000004,1,144,56.160000000000004,2011-10-20 13:37:00,2011-10-20 13:37:00,0,£0-100,1 order
13368,623.4,2,327,21.49655172413793,2011-01-06 12:32:00,2011-03-28 09:59:00,80,£500-1k,2 orders
13369,308.28000000000003,1,149,22.020000000000003,2010-12-09 11:30:00,2010-12-09 11:30:00,0,£100-500,1 order
13370,754.87,1,343,19.355641025641027,2010-12-03 10:26:00,2010-12-03 10:26:00,0,£500-1k,1 order
13372,378.64,1,159,16.46260869565217,2011-09-11 12:46:00,2011-09-11 12:46:00,0,£100-500,1 order
13373,3312.25,3,1651,20.963607594936708,2011-03-08 14:35:00,2011-10-10 10:51:00,215,£1k-5k,3-4 orders
13375,778.65,1,442,21.044594594594592,2011-09-12 10:19:00,2011-09-12 10:19:00,0,£500-1k,1 order
13376,1019.76,3,493,19.240754716981133,2011-04-19 13:03:00,2011-09-01 16:16:00,135,£1k-5k,3-4 orders
13379,572.56,3,601,5.902680412371134,2011-07-26 12:26:00,2011-11-13 13:45:00,110,£500-1k,3-4 orders
13381,3639.31,6,2029,21.15877906976744,2011-02-14 10:10:00,2011-11-08 11:58:00,267,£1k-5k,5-9 orders
13382,222.99,1,131,14.866000000000001,2011-03-04 10:03:00,2011-03-04 10:03:00,0,£100-500,1 order
13384,4151.93,7,2422,27.315328947368425,2011-06-14 12:47:00,2011-11-09 11:04:00,147,£1k-5k,5-9 orders
13385,534.57,1,281,15.273428571428573,2011-01-14 09:52:00,2011-01-14 09:52:00,0,£500-1k,1 order
13388,677.1,2,282,19.345714285714287,2011-07-31 12:52:00,2011-07-31 12:52:00,0,£500-1k,2 orders
13389,797.96,3,429,15.646274509803922,2011-04-21 12:12:00,2011-11-28 14:01:00,221,£500-1k,3-4 orders
13390,544.08,1,224,41.8523076923077,2011-09-26 08:38:00,2011-09-26 08:38:00,0,£500-1k,1 order
13391,59.8,1,4,59.8,2011-05-20 10:50:00,2011-05-20 10:50:00,0,£0-100,1 order
13394,2520.02,8,2392,16.258193548387098,2011-02-03 10:39:00,2011-12-08 11:36:00,308,£1k-5k,5-9 orders
13395,307.72,1,336,14.653333333333334,2011-06-07 15:04:00,2011-06-07 15:04:00,0,£100-500,1 order
13396,1360.99,2,600,31.65093023255814,2011-01-24 13:37:00,2011-11-10 16:59:00,290,£1k-5k,2 orders
13397,1544.13,5,430,40.635000000000005,2011-01-04 13:50:00,2011-09-28 10:56:00,266,£1k-5k,5-9 orders
13398,457.34,1,281,17.59,2011-05-31 13:17:00,2011-05-31 13:17:00,0,£100-500,1 order
13402,621.23,2,479,15.92897435897436,2010-12-02 17:12:00,2011-08-04 15:51:00,244,£500-1k,2 orders
13403,75.0,1,44,25.0,2011-11-22 08:28:00,2011-11-22 08:28:00,0,£0-100,1 order
13404,252.49,2,111,22.953636363636363,2011-05-11 11:57:00,2011-12-08 15:37:00,211,£100-500,2 orders
13405,572.451,3,165,21.201888888888888,2011-01-26 09:27:00,2011-09-26 17:01:00,243,£500-1k,3-4 orders
13408,28117.04,62,16232,58.82225941422595,2010-12-01 10:39:00,2011-12-08 09:05:00,371,£10k+,20+ orders
13410,1003.06,5,518,35.82357142857143,2011-02-21 14:38:00,2011-11-15 15:33:00,267,£1k-5k,5-9 orders
13411,213.55,1,72,11.863888888888889,2011-08-24 13:57:00,2011-08-24 13:57:00,0,£100-500,1 order
13414,1390.5,3,1574,57.9375,2011-02-16 12:13:00,2011-07-29 11:45:00,162,£1k-5k,3-4 orders
13416,712.5,2,142,37.5,2011-09-19 14:43:00,2011-10-27 08:56:00,37,£500-1k,2 orders
13417,640.83,2,162,22.886785714285715,2011-05-18 16:26:00,2011-12-05 08:49:00,200,£500-1k,2 orders
13418,6127.43,18,3918,20.156019736842108,2010-12-02 10:45:00,2011-11-28 10:23:00,360,£5k-10k,10-19 orders
13419,221.06,1,275,13.81625,2011-10-07 12:49:00,2011-10-07 12:49:00,0,£100-500,1 order
13420,159.85,2,101,19.98125,2011-06-22 11:35:00,2011-07-13 08:48:00,20,£100-500,2 orders
13421,1851.08,2,1181,17.798846153846153,2011-02-22 15:46:00,2011-10-30 14:21:00,249,£1k-5k,2 orders
13422,2626.3,1,1326,20.67952755905512,2011-10-06 13:42:00,2011-10-06 13:42:00,0,£1k-5k,1 order
13425,1624.21,3,1123,20.823205128205128,2011-02-18 08:34:00,2011-08-23 17:13:00,186,£1k-5k,3-4 orders
13426,3641.32,10,2245,23.193121019108283,2010-12-15 12:43:00,2011-12-09 08:59:00,358,£1k-5k,10-19 orders
13427,582.6,3,545,20.089655172413792,2011-05-08 15:58:00,2011-11-20 13:02:00,195,£500-1k,3-4 orders
13428,218.47,1,156,2.952297297297297,2011-11-29 14:20:00,2011-11-29 14:20:00,0,£100-500,1 order
13429,1006.8,4,1390,15.02686567164179,2011-09-25 15:59:00,2011-11-29 09:10:00,64,£1k-5k,3-4 orders
13430,679.45,2,751,13.866326530612247,2011-09-14 14:26:00,2011-11-21 08:19:00,67,£500-1k,2 orders
13431,1269.1,2,672,27.589130434782607,2011-09-12 11:25:00,2011-10-03 13:49:00,21,£1k-5k,2 orders
13434,534.24,2,300,53.424,2011-09-04 10:35:00,2011-09-26 14:30:00,22,£500-1k,2 orders
13435,3809.8900000000003,7,2129,37.72168316831684,2011-06-03 17:07:00,2011-12-04 14:45:00,183,£1k-5k,5-9 orders
13436,196.89,1,76,16.4075,2011-12-08 10:33:00,2011-12-08 10:33:00,0,£100-500,1 order
13437,3408.06,7,1283,20.40754491017964,2011-06-02 14:30:00,2011-11-25 14:00:00,175,£1k-5k,5-9 orders
13439,283.71,1,242,5.253888888888889,2011-03-29 14:20:00,2011-03-29 14:20:00,0,£100-500,1 order
13441,296.64,1,204,22.818461538461538,2011-09-09 09:38:00,2011-09-09 09:38:00,0,£100-500,1 order
13447,1129.14,3,584,19.137966101694918,2011-11-04 10:10:00,2011-11-16 13:38:00,12,£1k-5k,3-4 orders
13448,3539.37,6,1660,18.150615384615385,2010-12-01 10:52:00,2011-11-23 12:33:00,357,£1k-5k,5-9 orders
13449,291.88,1,222,15.362105263157895,2011-11-16 08:28:00,2011-11-16 08:28:00,0,£100-500,1 order
13450,2043.7199999999998,6,1982,28.784788732394365,2011-05-05 19:48:00,2011-11-13 11:54:00,191,£1k-5k,5-9 orders
13451,2976.15,5,2149,6.718171557562077,2011-01-09 15:35:00,2011-11-13 15:58:00,308,£1k-5k,5-9 orders
13452,590.0,2,2,295.0,2011-03-14 11:38:00,2011-03-25 14:19:00,11,£500-1k,2 orders
13453,356.97999999999996,2,134,20.998823529411762,2011-02-23 09:44:00,2011-06-27 09:34:00,123,£100-500,2 orders
13455,1058.34,2,354,23.007391304347824,2010-12-08 13:11:00,2011-11-15 11:21:00,341,£1k-5k,2 orders
13456,1766.72,6,765,28.043174603174602,2011-05-16 15:34:00,2011-11-22 09:18:00,189,£1k-5k,5-9 orders
13458,9646.57,14,5508,25.252801047120418,2010-12-15 12:05:00,2011-12-02 15:29:00,352,£5k-10k,10-19 orders
13460,183.44,2,286,10.790588235294118,2011-10-21 09:50:00,2011-11-10 17:17:00,20,£100-500,2 orders
13461,1445.0,3,1170,53.51851851851852,2011-06-29 10:23:00,2011-11-01 09:01:00,124,£1k-5k,3-4 orders
13462,151.5,1,62,16.833333333333332,2011-04-01 11:20:00,2011-04-01 11:20:00,0,£100-500,1 order
13464,674.68,1,403,16.45560975609756,2011-10-12 15:01:00,2011-10-12 15:01:00,0,£500-1k,1 order
13466,307.9,1,259,18.11176470588235,2011-06-08 16:39:00,2011-06-08 16:39:00,0,£100-500,1 order
13467,1083.71,2,584,10.946565656565657,2011-11-03 16:56:00,2011-11-29 10:01:00,25,£1k-5k,2 orders
13468,5704.97,37,2589,18.89062913907285,2010-12-01 15:08:00,2011-12-08 10:39:00,371,£5k-10k,20+ orders
13470,165.0,2,100,16.5,2011-08-16 17:06:00,2011-09-01 14:57:00,15,£100-500,2 orders
13471,2531.58,4,1590,9.736846153846153,2011-10-23 13:10:00,2011-12-08 15:44:00,46,£1k-5k,3-4 orders
13473,422.64,2,266,20.125714285714285,2011-01-11 08:45:00,2011-10-10 11:20:00,272,£100-500,2 orders
13474,229.59,1,132,3.58734375,2011-04-17 13:53:00,2011-04-17 13:53:00,0,£100-500,1 order
13475,1431.78,4,1012,16.648604651162792,2011-02-14 12:36:00,2011-06-01 13:52:00,107,£1k-5k,3-4 orders
13476,1238.47,2,417,21.352931034482758,2011-03-03 14:43:00,2011-06-14 12:00:00,102,£1k-5k,2 orders
13477,1454.58,6,1021,18.41240506329114,2011-02-21 12:29:00,2011-11-02 12:04:00,253,£1k-5k,5-9 orders
13479,300.95,2,134,20.063333333333333,2011-04-19 11:27:00,2011-05-23 10:45:00,33,£100-500,2 orders
13481,1804.56,5,1142,16.55559633027523,2011-03-28 09:07:00,2011-10-25 09:07:00,211,£1k-5k,5-9 orders
13482,184.64,1,116,16.785454545454545,2011-04-21 17:03:00,2011-04-21 17:03:00,0,£100-500,1 order
13483,140.34,1,160,14.034,2011-10-05 11:53:00,2011-10-05 11:53:00,0,£100-500,1 order
13484,313.8,1,44,39.225,2011-04-12 16:30:00,2011-04-12 16:30:00,0,£100-500,1 order
13485,454.24,1,277,19.749565217391304,2011-04-20 13:58:00,2011-04-20 13:58:00,0,£100-500,1 order
13486,1122.41,3,669,16.2668115942029,2011-07-07 17:19:00,2011-09-22 13:13:00,76,£1k-5k,3-4 orders
13487,575.4,3,265,16.923529411764704,2010-12-21 14:54:00,2011-10-13 12:07:00,295,£500-1k,3-4 orders
13488,8968.31,13,4518,21.25191943127962,2010-12-07 13:01:00,2011-11-22 14:41:00,350,£5k-10k,10-19 orders
13489,449.52,4,560,32.10857142857143,2011-02-18 10:42:00,2011-08-26 13:16:00,189,£100-500,3-4 orders
13491,1215.82,10,903,14.137441860465115,2010-12-02 14:30:00,2011-10-19 08:32:00,320,£1k-5k,10-19 orders
13492,1269.84,3,408,25.3968,2011-05-09 10:06:00,2011-07-26 14:25:00,78,£1k-5k,3-4 orders
13493,618.63,2,380,77.32875,2011-02-25 16:42:00,2011-03-09 15:35:00,11,£500-1k,2 orders
13494,316.26000000000005,1,162,17.570000000000004,2011-02-01 11:58:00,2011-02-01 11:58:00,0,£100-500,1 order
13495,2044.8700000000001,5,829,42.60145833333333,2010-12-06 15:14:00,2011-12-02 11:21:00,360,£1k-5k,5-9 orders
13496,653.33,2,341,18.66657142857143,2010-12-15 10:17:00,2011-11-29 10:58:00,349,£500-1k,2 orders
13497,348.05,2,163,18.318421052631578,2010-12-06 11:37:00,2011-03-02 09:04:00,85,£100-500,2 orders
13499,1159.11,5,1365,27.59785714285714,2011-03-15 08:52:00,2011-11-22 11:21:00,252,£1k-5k,5-9 orders
13500,1166.77,3,609,17.950307692307693,2011-08-09 12:20:00,2011-11-16 15:35:00,99,£1k-5k,3-4 orders
13501,1340.32,1,560,25.775384615384613,2011-02-24 18:59:00,2011-02-24 18:59:00,0,£1k-5k,1 order
13502,292.0,3,264,16.22222222222222,2011-01-20 09:03:00,2011-11-23 10:39:00,307,£100-500,3-4 orders
13503,216.85,1,248,12.755882352941176,2011-09-29 13:23:00,2011-09-29 13:23:00,0,£100-500,1 order
13504,295.93,1,178,13.451363636363636,2011-10-06 13:20:00,2011-10-06 13:20:00,0,£100-500,1 order
13505,4393.63,4,2486,20.435488372093022,2011-04-21 12:07:00,2011-09-28 11:56:00,159,£1k-5k,3-4 orders
13506,458.52,2,324,17.635384615384616,2010-12-05 12:15:00,2011-01-27 13:53:00,53,£100-500,2 orders
13507,2479.16,4,1597,15.303456790123455,2011-07-17 11:50:00,2011-12-06 13:13:00,142,£1k-5k,3-4 orders
13508,110.97,1,24,9.2475,2011-04-10 11:58:00,2011-04-10 11:58:00,0,£100-500,1 order
13509,979.72,7,1106,22.266363636363636,2011-02-28 13:27:00,2011-12-01 10:10:00,275,£500-1k,5-9 orders
13510,1791.56,4,1386,15.578782608695652,2011-06-09 09:32:00,2011-12-08 13:46:00,182,£1k-5k,3-4 orders
13512,251.21,1,143,16.747333333333334,2011-03-24 10:03:00,2011-03-24 10:03:00,0,£100-500,1 order
13513,205.1,1,109,20.509999999999998,2011-08-05 11:50:00,2011-08-05 11:50:00,0,£100-500,1 order
13514,152.20000000000002,1,40,38.050000000000004,2011-09-27 09:39:00,2011-09-27 09:39:00,0,£100-500,1 order
13515,891.12,4,681,15.103728813559322,2011-04-06 10:33:00,2011-09-28 11:26:00,175,£500-1k,3-4 orders
13516,1389.41,3,985,31.5775,2011-04-15 11:06:00,2011-11-18 13:15:00,217,£1k-5k,3-4 orders
13517,2128.42,3,1369,15.09517730496454,2011-06-13 08:44:00,2011-10-11 11:43:00,120,£1k-5k,3-4 orders
13518,659.4399999999999,1,392,17.353684210526314,2011-09-15 10:29:00,2011-09-15 10:29:00,0,£500-1k,1 order
13519,122.75,1,23,15.34375,2011-09-22 18:24:00,2011-09-22 18:24:00,0,£100-500,1 order
13520,3624.35,6,1649,38.97150537634408,2010-12-03 10:36:00,2011-10-12 10:20:00,312,£1k-5k,5-9 orders
13521,1093.65,3,736,2.508371559633028,2011-11-29 15:09:00,2011-12-08 13:50:00,8,£1k-5k,3-4 orders
13522,125.80000000000001,1,44,25.160000000000004,2011-11-09 15:11:00,2011-11-09 15:11:00,0,£100-500,1 order
13523,3964.88,5,1752,23.051627906976744,2010-12-08 14:22:00,2011-11-06 15:11:00,333,£1k-5k,5-9 orders
13524,680.1800000000001,5,324,25.191851851851855,2011-05-04 12:26:00,2011-10-30 12:34:00,179,£500-1k,5-9 orders
13525,628.78,2,394,104.79666666666667,2011-04-05 15:36:00,2011-11-25 12:01:00,233,£500-1k,2 orders
13527,2287.51,7,1692,10.257892376681616,2011-01-17 11:17:00,2011-11-06 12:04:00,293,£1k-5k,5-9 orders
13529,307.76,2,74,20.517333333333333,2011-05-19 11:50:00,2011-09-22 09:15:00,125,£100-500,2 orders
13531,483.8,2,174,21.990909090909092,2010-12-08 15:03:00,2011-05-18 16:56:00,161,£100-500,2 orders
13532,210.31,1,129,3.1865151515151515,2011-11-06 12:25:00,2011-11-06 12:25:00,0,£100-500,1 order
13533,270.79,3,204,3.563026315789474,2011-03-17 12:47:00,2011-06-10 11:54:00,84,£100-500,3-4 orders
13534,5870.08,25,2961,19.83135135135135,2010-12-16 15:23:00,2011-12-07 14:52:00,355,£5k-10k,20+ orders
13536,3448.29,7,2136,19.264189944134078,2011-09-25 13:30:00,2011-12-08 16:38:00,74,£1k-5k,5-9 orders
13538,1280.85,7,175,51.233999999999995,2011-01-28 10:40:00,2011-10-27 16:34:00,272,£1k-5k,5-9 orders
13539,631.34,3,320,17.063243243243242,2011-02-03 15:23:00,2011-09-15 10:18:00,223,£500-1k,3-4 orders
13544,291.41,2,127,3.349540229885058,2011-04-13 12:09:00,2011-10-31 11:57:00,200,£100-500,2 orders
13546,626.99,3,359,6.397857142857143,2011-05-23 12:14:00,2011-11-27 14:50:00,188,£500-1k,3-4 orders
13548,682.41,2,441,5.503306451612903,2011-04-10 11:35:00,2011-09-04 14:50:00,147,£500-1k,2 orders
13549,918.2,7,458,18.00392156862745,2011-04-11 13:42:00,2011-11-14 09:20:00,216,£500-1k,5-9 orders
13551,91.80000000000001,1,12,22.950000000000003,2011-01-24 14:46:00,2011-01-24 14:46:00,0,£0-100,1 order
13552,3740.07,12,1417,34.31256880733945,2011-01-28 10:10:00,2011-10-04 15:19:00,249,£1k-5k,10-19 orders
13555,4149.28,4,2660,30.50941176470588,2011-05-22 11:06:00,2011-09-27 12:36:00,128,£1k-5k,3-4 orders
13557,584.06,2,546,17.178235294117645,2011-03-04 12:14:00,2011-11-11 15:24:00,252,£500-1k,2 orders
13558,605.06,4,344,3.457485714285714,2011-10-02 13:01:00,2011-12-04 11:24:00,62,£500-1k,3-4 orders
13560,174.37,1,64,5.283939393939394,2011-12-02 13:11:00,2011-12-02 13:11:00,0,£100-500,1 order
13561,141.85999999999999,1,83,10.132857142857143,2011-05-08 12:39:00,2011-05-08 12:39:00,0,£100-500,1 order
13562,1799.33,3,757,21.943048780487803,2011-04-08 12:42:00,2011-09-19 10:51:00,163,£1k-5k,3-4 orders
13563,777.53,2,209,15.867959183673468,2011-07-22 17:21:00,2011-09-16 14:45:00,55,£500-1k,2 orders
13564,1749.02,3,661,21.07253012048193,2010-12-06 17:26:00,2011-07-18 14:33:00,223,£1k-5k,3-4 orders
13565,240.22,2,172,6.321578947368421,2011-01-09 14:28:00,2011-11-20 14:33:00,315,£100-500,2 orders
13566,874.71,2,575,4.969943181818182,2011-09-18 12:40:00,2011-10-30 11:59:00,41,£500-1k,2 orders
13568,192.85,1,70,4.382954545454545,2011-06-19 14:42:00,2011-06-19 14:42:00,0,£100-500,1 order
13569,373.75,2,164,4.397058823529412,2010-12-07 12:29:00,2011-11-22 13:07:00,350,£100-500,2 orders
13570,239.49,1,161,8.870000000000001,2011-04-10 13:36:00,2011-04-10 13:36:00,0,£100-500,1 order
13571,2092.32,12,1759,6.1358357771261005,2011-03-31 12:43:00,2011-11-27 10:47:00,240,£1k-5k,10-19 orders
13572,1384.25,1,534,41.946969696969695,2011-05-18 11:59:00,2011-05-18 11:59:00,0,£1k-5k,1 order
13573,294.4,2,303,11.323076923076922,2011-03-31 14:47:00,2011-10-20 14:33:00,202,£100-500,2 orders
13575,732.0699999999999,5,449,15.914565217391303,2011-06-16 14:24:00,2011-11-16 13:14:00,152,£500-1k,5-9 orders
13576,6717.34,18,2646,53.312222222222225,2010-12-01 17:24:00,2011-11-29 15:34:00,362,£5k-10k,10-19 orders
13577,1687.6000000000001,4,791,20.33253012048193,2011-04-12 10:33:00,2011-11-14 15:19:00,216,£1k-5k,3-4 orders
13579,467.04,2,176,20.30608695652174,2010-12-05 16:10:00,2011-11-25 08:41:00,354,£100-500,2 orders
13581,118.0,1,30,11.8,2011-02-03 14:41:00,2011-02-03 14:41:00,0,£100-500,1 order
13583,781.03,1,725,14.736415094339621,2011-07-07 10:40:00,2011-07-07 10:40:00,0,£500-1k,1 order
13584,142.4,1,37,5.933333333333334,2011-02-06 12:49:00,2011-02-06 12:49:00,0,£100-500,1 order
13587,712.4,1,180,89.05,2011-10-07 12:31:00,2011-10-07 12:31:00,0,£500-1k,1 order
13588,2478.95,9,2606,14.246839080459768,2011-03-29 15:53:00,2011-11-24 10:42:00,239,£1k-5k,5-9 orders
13589,379.65,2,114,18.07857142857143,2011-06-13 12:44:00,2011-11-25 12:10:00,164,£100-500,2 orders
13590,1981.92,6,1848,22.780689655172413,2011-02-09 13:25:00,2011-11-28 12:54:00,291,£1k-5k,5-9 orders
13591,1117.13,3,485,19.26086206896552,2011-03-18 12:18:00,2011-10-06 12:26:00,202,£1k-5k,3-4 orders
13592,247.95999999999998,4,84,15.497499999999999,2011-03-20 14:01:00,2011-11-04 09:49:00,228,£100-500,3-4 orders
13593,2037.0800000000002,5,731,15.914687500000001,2011-01-07 16:32:00,2011-08-23 13:35:00,227,£1k-5k,5-9 orders
13594,396.97,1,359,15.268076923076924,2011-10-18 10:19:00,2011-10-18 10:19:00,0,£100-500,1 order
13596,697.04,2,406,4.199036144578313,2011-11-27 11:57:00,2011-12-04 12:01:00,7,£500-1k,2 orders
13598,180.17000000000002,1,58,4.504250000000001,2011-10-23 14:28:00,2011-10-23 14:28:00,0,£100-500,1 order
13599,5153.67,21,3294,20.86506072874494,2010-12-08 10:11:00,2011-12-08 16:10:00,365,£5k-10k,20+ orders
13600,219.52,1,324,11.553684210526317,2011-01-31 15:27:00,2011-01-31 15:27:00,0,£100-500,1 order
13601,693.32,2,548,7.003232323232324,2011-05-12 16:52:00,2011-10-25 17:31:00,166,£500-1k,2 orders
13602,428.89,1,267,18.647391304347824,2011-10-06 11:47:00,2011-10-06 11:47:00,0,£100-500,1 order
13603,164.34,1,164,6.086666666666667,2011-11-13 15:57:00,2011-11-13 15:57:00,0,£100-500,1 order
13606,280.53999999999996,3,279,6.524186046511627,2011-02-01 11:42:00,2011-11-10 17:46:00,282,£100-500,3-4 orders
13607,678.01,1,290,6.918469387755102,2011-10-30 16:17:00,2011-10-30 16:17:00,0,£500-1k,1 order
13610,1131.88,7,516,5.008318584070797,2011-02-27 14:44:00,2011-11-27 15:38:00,273,£1k-5k,5-9 orders
13611,1171.8,3,766,15.835135135135134,2010-12-15 10:31:00,2011-09-11 14:51:00,270,£1k-5k,3-4 orders
13614,1610.46,4,570,8.01223880597015,2011-01-13 12:37:00,2011-11-15 14:47:00,306,£1k-5k,3-4 orders
13615,417.69,1,189,18.160434782608696,2011-01-25 08:21:00,2011-01-25 08:21:00,0,£100-500,1 order
13617,544.18,3,300,12.367727272727272,2011-06-12 12:55:00,2011-10-30 13:50:00,140,£500-1k,3-4 orders
13618,177.34,1,246,13.641538461538461,2011-06-19 11:09:00,2011-06-19 11:09:00,0,£100-500,1 order
13621,213.85,1,343,11.255263157894737,2011-08-15 08:26:00,2011-08-15 08:26:00,0,£100-500,1 order
13623,747.78,5,294,9.231851851851852,2011-02-15 13:08:00,2011-11-09 12:00:00,266,£500-1k,5-9 orders
13626,257.23,1,209,13.53842105263158,2011-04-01 10:05:00,2011-04-01 10:05:00,0,£100-500,1 order
13627,1638.47,5,1269,17.80945652173913,2010-12-17 09:52:00,2011-10-11 14:20:00,298,£1k-5k,5-9 orders
13629,7792.36,11,4372,132.07389830508475,2011-01-05 12:09:00,2011-11-16 13:21:00,315,£5k-10k,10-19 orders
13630,2031.78,7,1391,28.61661971830986,2011-02-27 12:49:00,2011-12-04 15:16:00,280,£1k-5k,5-9 orders
13631,3070.42,11,467,279.1290909090909,2011-03-17 17:13:00,2011-09-01 09:57:00,167,£1k-5k,10-19 orders
13632,2121.27,5,1037,14.529246575342466,2011-04-10 15:07:00,2011-11-15 10:51:00,218,£1k-5k,5-9 orders
13634,1575.16,5,704,8.378510638297874,2011-01-16 15:30:00,2011-11-06 13:40:00,293,£1k-5k,5-9 orders
13635,1071.03,1,677,17.274677419354838,2011-10-03 10:55:00,2011-10-03 10:55:00,0,£1k-5k,1 order
13636,949.12,5,592,15.065396825396826,2011-02-27 14:29:00,2011-11-03 10:30:00,248,£500-1k,5-9 orders
13637,810.5,3,409,8.024752475247524,2011-04-27 13:06:00,2011-10-18 13:32:00,174,£500-1k,3-4 orders
13638,122.64,1,93,15.33,2011-11-24 10:38:00,2011-11-24 10:38:00,0,£100-500,1 order
13639,1033.34,1,800,25.833499999999997,2011-09-26 13:36:00,2011-09-26 13:36:00,0,£1k-5k,1 order
13642,354.8,1,173,5.375757575757576,2011-05-08 12:34:00,2011-05-08 12:34:00,0,£100-500,1 order
13643,519.44,3,273,18.551428571428573,2011-06-07 11:40:00,2011-11-08 15:37:00,154,£500-1k,3-4 orders
13644,2624.26,4,2067,17.974383561643837,2011-08-26 11:53:00,2011-11-23 14:07:00,89,£1k-5k,3-4 orders
13645,252.1,1,158,50.42,2011-08-11 16:11:00,2011-08-11 16:11:00,0,£100-500,1 order
13647,1678.1200000000001,4,895,21.2420253164557,2011-04-19 09:49:00,2011-11-30 12:00:00,225,£1k-5k,3-4 orders
13649,346.6,2,139,15.069565217391306,2010-12-08 14:46:00,2011-03-28 11:51:00,109,£100-500,2 orders
13650,1836.34,6,922,19.128541666666667,2011-03-17 12:37:00,2011-11-23 12:22:00,250,£1k-5k,5-9 orders
13651,94.2,2,33,15.700000000000001,2011-10-31 12:11:00,2011-11-04 14:59:00,4,£0-100,2 orders
13652,1095.08,3,578,17.38222222222222,2010-12-06 09:21:00,2011-10-25 08:51:00,322,£1k-5k,3-4 orders
13654,2707.33,6,2182,16.30921686746988,2011-03-11 12:54:00,2011-10-27 16:24:00,230,£1k-5k,5-9 orders
13655,932.97,2,605,16.66017857142857,2011-04-12 09:53:00,2011-08-17 14:25:00,127,£500-1k,2 orders
13656,379.65,2,490,7.747959183673469,2011-01-06 15:42:00,2011-06-28 10:31:00,172,£100-500,2 orders
13657,382.14,2,209,23.88375,2011-05-22 12:35:00,2011-11-29 12:32:00,190,£100-500,2 orders
13658,2639.17,5,1019,24.43675925925926,2011-05-19 17:15:00,2011-11-30 10:13:00,194,£1k-5k,5-9 orders
13659,1573.2,2,894,15.126923076923077,2011-01-23 12:08:00,2011-05-18 12:37:00,115,£1k-5k,2 orders
13662,897.76,3,543,16.938867924528303,2011-03-25 13:23:00,2011-09-15 12:04:00,173,£500-1k,3-4 orders
13663,189.47,1,91,14.574615384615385,2011-06-13 15:44:00,2011-06-13 15:44:00,0,£100-500,1 order
13666,84.65,3,41,7.054166666666667,2011-02-25 13:05:00,2011-10-10 15:39:00,227,£0-100,3-4 orders
13667,305.02,1,154,3.505977011494253,2011-07-13 15:42:00,2011-07-13 15:42:00,0,£100-500,1 order
13668,6363.59,21,3742,13.539553191489363,2010-12-12 12:35:00,2011-12-07 12:11:00,359,£5k-10k,20+ orders
13669,218.55,2,237,24.283333333333335,2011-07-13 11:44:00,2011-10-20 09:32:00,98,£100-500,2 orders
13670,349.7,1,282,13.988,2011-09-25 15:25:00,2011-09-25 15:25:00,0,£100-500,1 order
13672,186.39000000000001,2,57,31.065,2011-01-11 13:54:00,2011-02-11 13:53:00,30,£100-500,2 orders
13673,396.92,2,119,6.106461538461539,2011-11-07 15:40:00,2011-11-21 12:11:00,13,£100-500,2 orders
13675,486.82000000000005,2,330,19.472800000000003,2011-02-28 12:14:00,2011-07-11 12:57:00,133,£100-500,2 orders
13678,232.6,1,924,14.5375,2011-07-11 10:14:00,2011-07-11 10:14:00,0,£100-500,1 order
13680,3722.42,4,1936,19.089333333333332,2011-01-04 14:12:00,2011-12-08 13:47:00,337,£1k-5k,3-4 orders
13681,827.83,4,360,14.523333333333333,2011-07-07 15:21:00,2011-11-22 11:13:00,137,£500-1k,3-4 orders
13682,59.5,1,10,19.833333333333332,2011-06-05 14:06:00,2011-06-05 14:06:00,0,£0-100,1 order
13684,67.23,1,39,2.241,2011-02-27 10:13:00,2011-02-27 10:13:00,0,£0-100,1 order
13685,3119.44,7,5056,79.98564102564103,2011-10-10 12:59:00,2011-12-07 11:41:00,57,£1k-5k,5-9 orders
13686,72.0,1,70,9.0,2011-06-10 09:10:00,2011-06-10 09:10:00,0,£0-100,1 order
13689,910.0,1,512,151.66666666666666,2011-10-07 13:21:00,2011-10-07 13:21:00,0,£500-1k,1 order
13690,172.25,1,67,19.13888888888889,2011-10-11 15:03:00,2011-10-11 15:03:00,0,£100-500,1 order
13692,1488.32,3,1226,28.081509433962264,2011-04-17 12:57:00,2011-11-15 11:17:00,211,£1k-5k,3-4 orders
13694,65039.62,50,63312,114.50637323943663,2010-12-01 12:12:00,2011-12-06 09:32:00,369,£10k+,20+ orders
13695,2504.13,15,1603,27.823666666666668,2011-03-25 11:31:00,2011-11-08 14:26:00,228,£1k-5k,10-19 orders
13697,151.29999999999998,1,177,12.608333333333333,2011-11-01 09:14:00,2011-11-01 09:14:00,0,£100-500,1 order
13699,308.58000000000004,1,66,22.041428571428575,2011-07-07 16:51:00,2011-07-07 16:51:00,0,£100-500,1 order
13700,2265.12,10,2304,11.498071065989848,2011-01-16 13:18:00,2011-11-13 13:00:00,300,£1k-5k,10-19 orders
13703,99.5,1,10,99.5,2011-01-25 13:10:00,2011-01-25 13:10:00,0,£0-100,1 order
13704,2308.06,9,1531,17.224328358208954,2011-09-12 14:40:00,2011-12-04 15:13:00,83,£1k-5k,5-9 orders
13705,711.86,3,363,25.423571428571428,2010-12-01 10:29:00,2011-12-02 12:32:00,366,£500-1k,3-4 orders
13706,330.79,1,189,16.5395,2011-02-10 09:21:00,2011-02-10 09:21:00,0,£100-500,1 order
13707,806.41,2,351,16.800208333333334,2011-01-28 13:27:00,2011-03-17 18:03:00,48,£500-1k,2 orders
13708,296.88,1,306,5.821176470588235,2011-03-13 13:46:00,2011-03-13 13:46:00,0,£100-500,1 order
13709,6328.05,13,3516,18.833482142857143,2011-01-28 14:57:00,2011-12-06 10:28:00,311,£5k-10k,10-19 orders
13710,180.48,1,176,22.56,2011-11-08 08:16:00,2011-11-08 08:16:00,0,£100-500,1 order
13711,252.06,2,140,19.38923076923077,2011-05-05 10:29:00,2011-05-05 10:31:00,0,£100-500,2 orders
13712,228.84,1,352,22.884,2011-04-07 12:33:00,2011-04-07 12:33:00,0,£100-500,1 order
13715,1079.34,5,563,10.279428571428571,2010-12-02 08:52:00,2011-03-03 19:21:00,91,£1k-5k,5-9 orders
13716,138.28,1,138,6.584761904761905,2011-03-15 13:49:00,2011-03-15 13:49:00,0,£100-500,1 order
13717,1445.01,6,1959,14.166764705882352,2011-02-14 13:21:00,2011-11-07 14:13:00,266,£1k-5k,5-9 orders
13718,306.55,2,173,25.545833333333334,2011-02-17 11:58:00,2011-04-07 13:24:00,49,£100-500,2 orders
13719,1041.68,5,609,17.361333333333334,2011-04-19 13:56:00,2011-11-24 15:26:00,219,£1k-5k,5-9 orders
13720,799.9,4,501,18.60232558139535,2011-03-30 09:17:00,2011-08-15 12:46:00,138,£500-1k,3-4 orders
13721,524.14,1,316,18.719285714285714,2011-11-03 14:05:00,2011-11-03 14:05:00,0,£500-1k,1 order
13722,2375.41,3,1401,27.945999999999998,2011-03-02 11:43:00,2011-07-31 12:44:00,151,£1k-5k,3-4 orders
13723,199.85000000000002,1,43,33.30833333333334,2011-05-06 17:04:00,2011-05-06 17:04:00,0,£100-500,1 order
13725,1980.56,8,806,19.043846153846154,2011-02-04 12:18:00,2011-10-21 10:03:00,258,£1k-5k,5-9 orders
13726,1079.6599999999999,2,1054,25.70619047619047,2011-08-31 11:06:00,2011-11-01 10:49:00,61,£1k-5k,2 orders
13727,333.48,2,162,16.674,2011-11-06 12:16:00,2011-11-11 09:46:00,4,£100-500,2 orders
13728,1016.14,6,458,16.12920634920635,2011-02-02 12:09:00,2011-11-03 10:49:00,273,£1k-5k,5-9 orders
13730,752.6,2,488,17.50232558139535,2011-07-01 12:47:00,2011-07-27 08:35:00,25,£500-1k,2 orders
13731,610.59,2,278,16.068157894736842,2011-04-07 10:10:00,2011-05-04 14:33:00,27,£500-1k,2 orders
13732,491.86,1,498,14.904848484848486,2011-11-11 15:49:00,2011-11-11 15:49:00,0,£100-500,1 order
13735,2885.2400000000002,4,1130,14.72061224489796,2011-04-19 13:49:00,2011-11-15 11:14:00,209,£1k-5k,3-4 orders
13736,731.9,2,497,3.831937172774869,2011-03-24 13:04:00,2011-12-04 15:19:00,255,£500-1k,2 orders
13737,339.59999999999997,1,125,11.319999999999999,2011-05-23 16:32:00,2011-05-23 16:32:00,0,£100-500,1 order
13739,216.9,1,54,72.3,2011-11-21 13:35:00,2011-11-21 13:35:00,0,£100-500,1 order
13740,350.75,1,425,15.25,2011-04-13 10:32:00,2011-04-13 10:32:00,0,£100-500,1 order
13741,668.4300000000001,3,218,19.65970588235294,2011-05-06 13:43:00,2011-09-29 09:19:00,145,£500-1k,3-4 orders
13742,3131.02,12,1124,9.753956386292835,2011-01-23 14:59:00,2011-11-23 11:07:00,303,£1k-5k,10-19 orders
13743,1341.6,7,1776,32.72195121951219,2011-03-25 14:46:00,2011-12-07 10:09:00,256,£1k-5k,5-9 orders
13744,1156.36,2,1249,16.060555555555553,2011-02-20 14:08:00,2011-09-05 15:19:00,197,£1k-5k,2 orders
13745,300.04,1,496,12.001600000000002,2011-06-30 16:43:00,2011-06-30 16:43:00,0,£100-500,1 order
13747,79.6,1,8,79.6,2010-12-01 10:37:00,2010-12-01 10:37:00,0,£0-100,1 order
13748,948.25,5,439,33.86607142857143,2010-12-01 09:00:00,2011-09-05 09:45:00,278,£500-1k,5-9 orders
13750,1647.26,5,516,68.63583333333334,2011-01-07 11:49:00,2011-10-17 12:16:00,283,£1k-5k,5-9 orders
13751,296.25,1,152,32.916666666666664,2011-02-24 15:56:00,2011-02-24 15:56:00,0,£100-500,1 order
13752,1186.28,6,876,15.608947368421052,2011-04-07 12:04:00,2011-08-07 14:16:00,122,£1k-5k,5-9 orders
13753,741.26,1,512,21.178857142857144,2011-02-25 12:48:00,2011-02-25 12:48:00,0,£500-1k,1 order
13754,282.59999999999997,2,214,23.549999999999997,2011-01-26 14:58:00,2011-07-11 11:51:00,165,£100-500,2 orders
13755,2161.35,9,1264,6.319736842105263,2011-10-07 15:45:00,2011-12-06 12:26:00,59,£1k-5k,5-9 orders
13756,5189.52,14,3188,36.54591549295775,2010-12-07 11:41:00,2011-12-07 16:44:00,365,£5k-10k,10-19 orders
13758,3190.55,7,1844,27.26965811965812,2010-12-01 12:08:00,2011-11-28 11:11:00,361,£1k-5k,5-9 orders
13759,659.4100000000001,2,287,26.376400000000004,2011-09-29 15:40:00,2011-11-06 14:47:00,37,£500-1k,2 orders
13760,286.79,2,197,5.03140350877193,2011-03-28 12:52:00,2011-10-16 16:13:00,202,£100-500,2 orders
13761,1070.65,2,642,15.295000000000002,2011-06-13 08:43:00,2011-10-20 14:01:00,129,£1k-5k,2 orders
13762,306.72,1,272,43.81714285714286,2011-05-05 09:15:00,2011-05-05 09:15:00,0,£100-500,1 order
13763,1714.96,1,728,114.33066666666667,2011-10-07 15:13:00,2011-10-07 15:13:00,0,£1k-5k,1 order
13764,1521.76,3,932,7.3161538461538465,2011-01-06 14:53:00,2011-09-30 12:03:00,266,£1k-5k,3-4 orders
13767,17220.36,37,7322,46.79445652173913,2010-12-01 10:47:00,2011-12-07 15:00:00,371,£10k+,20+ orders
13769,2796.51,10,1163,20.71488888888889,2010-12-07 13:28:00,2011-12-07 15:08:00,365,£1k-5k,10-19 orders
13771,2634.45,4,1477,22.138235294117646,2011-04-06 15:47:00,2011-10-06 14:18:00,182,£1k-5k,3-4 orders
13772,1132.13,3,546,6.396214689265538,2011-04-14 12:31:00,2011-11-06 11:43:00,205,£1k-5k,3-4 orders
13774,345.0,1,192,15.681818181818182,2011-09-19 12:06:00,2011-09-19 12:06:00,0,£100-500,1 order
13777,25977.16,33,12897,131.86375634517768,2010-12-01 16:01:00,2011-12-09 12:25:00,372,£10k+,20+ orders
13778,178.7,1,70,19.855555555555554,2011-08-28 15:25:00,2011-08-28 15:25:00,0,£100-500,1 order
13780,360.01,2,318,6.315964912280702,2011-06-22 11:43:00,2011-12-02 13:49:00,163,£100-500,2 orders
13781,127.84,1,30,7.5200000000000005,2011-04-03 12:08:00,2011-04-03 12:08:00,0,£100-500,1 order
13782,912.0,6,371,7.930434782608696,2011-01-16 11:08:00,2011-11-27 11:54:00,315,£500-1k,5-9 orders
13784,2462.79,11,2493,79.44483870967741,2011-01-11 14:38:00,2011-11-30 09:33:00,322,£1k-5k,10-19 orders
13786,230.39999999999998,1,136,32.91428571428571,2010-12-07 13:53:00,2010-12-07 13:53:00,0,£100-500,1 order
13787,309.04,2,337,9.969032258064518,2010-12-10 14:45:00,2011-09-25 12:06:00,288,£100-500,2 orders
13790,348.8,1,748,7.751111111111111,2011-12-05 15:48:00,2011-12-05 15:48:00,0,£100-500,1 order
13791,1516.0,2,1200,137.8181818181818,2011-06-24 16:38:00,2011-08-04 11:44:00,40,£1k-5k,2 orders
13792,195.55,2,92,15.042307692307693,2011-02-25 14:03:00,2011-10-04 14:31:00,221,£100-500,2 orders
13798,37153.85,57,23948,106.4580229226361,2010-12-02 17:24:00,2011-12-08 15:51:00,370,£10k+,20+ orders
13799,688.86,2,402,17.663076923076922,2011-02-18 14:18:00,2011-08-15 12:07:00,177,£500-1k,2 orders
13800,558.32,1,331,16.91878787878788,2011-02-03 12:27:00,2011-02-03 12:27:00,0,£500-1k,1 order
13801,324.8,1,168,14.121739130434783,2011-10-04 10:15:00,2011-10-04 10:15:00,0,£100-500,1 order
13802,4599.42,3,2572,76.657,2011-02-01 12:03:00,2011-07-24 10:54:00,172,£1k-5k,3-4 orders
13803,277.07,1,121,16.298235294117646,2011-03-29 12:57:00,2011-03-29 12:57:00,0,£100-500,1 order
13804,2635.79,7,1498,19.23934306569343,2011-02-23 09:09:00,2011-11-09 12:32:00,259,£1k-5k,5-9 orders
13805,924.6,2,1900,71.12307692307692,2011-08-02 15:29:00,2011-10-18 14:50:00,76,£500-1k,2 orders
13806,256.38,1,56,25.637999999999998,2011-10-07 11:43:00,2011-10-07 11:43:00,0,£100-500,1 order
13807,112.6,1,36,16.085714285714285,2010-12-07 15:48:00,2010-12-07 15:48:00,0,£100-500,1 order
13808,1747.66,5,782,22.995526315789476,2011-09-04 12:07:00,2011-12-04 12:18:00,91,£1k-5k,5-9 orders
13809,155.05,1,29,12.920833333333334,2011-02-07 13:15:00,2011-02-07 13:15:00,0,£100-500,1 order
13810,1499.01,3,312,42.828857142857146,2011-10-14 12:57:00,2011-11-11 08:33:00,27,£1k-5k,3-4 orders
13811,814.5,3,68,62.65384615384615,2011-04-14 18:40:00,2011-06-09 09:54:00,55,£500-1k,3-4 orders
13812,539.0,3,333,14.972222222222221,2011-08-26 12:54:00,2011-10-28 14:27:00,63,£500-1k,3-4 orders
13813,1366.8600000000001,4,552,19.809565217391306,2011-07-28 10:33:00,2011-10-31 10:38:00,95,£1k-5k,3-4 orders
13814,1579.12,2,864,27.703859649122805,2011-07-25 13:54:00,2011-09-08 13:48:00,44,£1k-5k,2 orders
13815,4027.36,4,2560,22.882727272727273,2011-01-25 12:16:00,2011-11-17 14:19:00,296,£1k-5k,3-4 orders
13816,571.6700000000001,2,269,20.416785714285716,2011-10-06 14:37:00,2011-11-16 08:38:00,40,£500-1k,2 orders
13817,382.98,2,211,15.957500000000001,2010-12-23 11:46:00,2011-11-10 17:49:00,322,£100-500,2 orders
13819,1140.35,3,1109,31.676388888888887,2011-01-24 10:38:00,2011-02-11 10:38:00,18,£1k-5k,3-4 orders
13821,385.64,2,153,6.536271186440678,2011-03-23 11:30:00,2011-07-18 09:49:00,116,£100-500,2 orders
13822,632.0,2,611,6.583333333333333,2011-10-30 15:55:00,2011-12-04 12:13:00,34,£500-1k,2 orders
13823,957.66,2,439,23.941499999999998,2011-09-09 10:42:00,2011-11-21 10:22:00,72,£500-1k,2 orders
13824,1698.94,5,768,36.93347826086956,2011-02-02 13:07:00,2011-11-07 12:41:00,277,£1k-5k,5-9 orders
13826,189.5,1,82,18.95,2011-06-16 13:48:00,2011-06-16 13:48:00,0,£100-500,1 order
13827,412.05,3,141,4.430645161290323,2011-07-19 15:38:00,2011-10-13 12:38:00,85,£100-500,3-4 orders
13828,209.49,1,311,13.966000000000001,2011-11-17 16:02:00,2011-11-17 16:02:00,0,£100-500,1 order
13831,2202.99,6,745,29.77013513513513,2010-12-05 12:13:00,2011-11-23 15:41:00,353,£1k-5k,5-9 orders
13832,52.199999999999996,1,28,17.4,2011-11-20 15:36:00,2011-11-20 15:36:00,0,£0-100,1 order
13833,384.8,1,118,13.26896551724138,2011-07-03 13:27:00,2011-07-03 13:27:00,0,£100-500,1 order
13835,834.57,4,442,15.174000000000001,2011-05-08 15:22:00,2011-11-14 15:37:00,190,£500-1k,3-4 orders
13837,271.24,2,183,14.275789473684211,2011-01-26 12:15:00,2011-05-12 12:10:00,105,£100-500,2 orders
13838,691.73,4,263,3.975459770114943,2010-12-05 10:45:00,2011-12-04 11:00:00,364,£500-1k,3-4 orders
13841,85.0,1,100,85.0,2011-04-01 12:10:00,2011-04-01 12:10:00,0,£0-100,1 order
13842,3385.62,9,1768,16.43504854368932,2010-12-08 10:39:00,2011-10-12 10:51:00,308,£1k-5k,5-9 orders
13844,361.62,1,196,18.081,2011-11-28 13:21:00,2011-11-28 13:21:00,0,£100-500,1 order
13845,312.98,1,182,34.775555555555556,2011-10-06 08:25:00,2011-10-06 08:25:00,0,£100-500,1 order
13846,865.0600000000001,3,388,15.728363636363637,2010-12-14 16:07:00,2011-11-15 12:07:00,335,£500-1k,3-4 orders
13848,1255.0,3,3700,251.0,2010-12-08 15:10:00,2011-09-08 12:58:00,273,£1k-5k,3-4 orders
13849,1537.95,2,1016,15.227227722772279,2011-06-22 10:11:00,2011-10-19 10:59:00,119,£1k-5k,2 orders
13850,1595.48,1,944,17.155698924731183,2011-08-02 14:04:00,2011-08-02 14:04:00,0,£1k-5k,1 order
13851,2651.46,3,1705,32.73407407407407,2011-02-24 17:18:00,2011-09-05 12:36:00,192,£1k-5k,3-4 orders
13853,1090.14,1,312,47.39739130434783,2011-10-13 14:18:00,2011-10-13 14:18:00,0,£1k-5k,1 order
13854,8109.5199999999995,25,2296,73.72290909090908,2010-12-09 10:48:00,2011-12-01 09:06:00,356,£5k-10k,20+ orders
13856,388.5,3,494,27.75,2011-05-20 13:13:00,2011-06-24 10:03:00,34,£100-500,3-4 orders
13858,216.17,1,75,19.651818181818182,2011-10-13 16:17:00,2011-10-13 16:17:00,0,£100-500,1 order
13859,201.16,1,129,7.184285714285714,2011-01-17 16:14:00,2011-01-17 16:14:00,0,£100-500,1 order
13860,1245.9,5,591,16.39342105263158,2011-09-14 09:27:00,2011-12-08 12:57:00,85,£1k-5k,5-9 orders
13862,2209.36,8,1688,15.894676258992806,2011-01-11 15:13:00,2011-11-21 16:24:00,314,£1k-5k,5-9 orders
13863,305.78,1,224,15.288999999999998,2011-04-06 10:20:00,2011-04-06 10:20:00,0,£100-500,1 order
13865,501.56,4,204,16.718666666666667,2011-02-23 12:04:00,2011-10-12 13:31:00,231,£500-1k,3-4 orders
13866,145.67000000000002,1,57,20.810000000000002,2011-09-26 14:54:00,2011-09-26 14:54:00,0,£100-500,1 order
13867,1015.29,3,513,16.644098360655736,2011-05-05 17:28:00,2011-11-08 15:48:00,186,£1k-5k,3-4 orders
13868,3192.54,2,1964,96.74363636363637,2011-11-01 12:45:00,2011-12-02 16:32:00,31,£1k-5k,2 orders
13869,3104.95,4,1721,10.11384364820847,2010-12-17 15:14:00,2011-08-08 13:53:00,233,£1k-5k,3-4 orders
13870,2770.94,8,1325,24.095130434782607,2011-02-25 09:09:00,2011-12-07 13:23:00,285,£1k-5k,5-9 orders
13871,6403.25,13,2806,19.057291666666668,2011-02-04 09:30:00,2011-11-17 10:49:00,286,£5k-10k,10-19 orders
13873,389.6,3,140,16.93913043478261,2011-02-03 09:37:00,2011-08-12 10:08:00,190,£100-500,3-4 orders
13874,540.45,1,180,30.025000000000002,2010-12-16 18:20:00,2010-12-16 18:20:00,0,£500-1k,1 order
13875,1786.79,5,1316,17.180673076923078,2011-02-11 15:39:00,2011-10-17 09:36:00,247,£1k-5k,5-9 orders
13876,122.7,1,36,17.52857142857143,2011-10-07 10:22:00,2011-10-07 10:22:00,0,£100-500,1 order
13877,117.24,1,108,39.08,2011-09-14 15:49:00,2011-09-14 15:49:00,0,£100-500,1 order
13878,1281.53,1,475,35.598055555555554,2011-10-16 12:19:00,2011-10-16 12:19:00,0,£1k-5k,1 order
13880,3219.77,13,1842,19.513757575757577,2010-12-07 14:00:00,2011-11-18 13:44:00,345,£1k-5k,10-19 orders
13881,17159.52,20,10118,96.40179775280899,2011-02-01 10:14:00,2011-12-06 12:50:00,308,£10k+,20+ orders
13882,1191.13,5,953,18.325076923076924,2011-10-06 15:28:00,2011-12-07 11:16:00,61,£1k-5k,5-9 orders
13883,2674.48,5,1436,18.834366197183098,2011-03-31 17:17:00,2011-11-29 10:45:00,242,£1k-5k,5-9 orders
13884,787.6,5,300,13.349152542372881,2011-03-01 13:40:00,2011-12-02 16:30:00,276,£500-1k,5-9 orders
13885,506.8,2,182,18.1,2011-05-23 08:52:00,2011-06-03 15:07:00,11,£500-1k,2 orders
13886,243.56,1,126,15.2225,2011-09-29 13:17:00,2011-09-29 13:17:00,0,£100-500,1 order
13887,349.55,1,147,18.397368421052633,2011-05-19 17:22:00,2011-05-19 17:22:00,0,£100-500,1 order
13888,605.63,2,258,15.14075,2011-05-05 14:41:00,2011-08-12 10:13:00,98,£500-1k,2 orders
13889,416.90000000000003,1,146,27.793333333333337,2011-09-08 09:13:00,2011-09-08 09:13:00,0,£100-500,1 order
13890,1883.8100000000002,10,831,17.125545454545456,2010-12-16 09:31:00,2011-12-08 15:36:00,357,£1k-5k,10-19 orders
13892,632.97,4,983,23.443333333333335,2011-04-07 12:04:00,2011-11-13 11:50:00,219,£500-1k,3-4 orders
13893,821.1,1,190,39.1,2011-02-15 11:30:00,2011-02-15 11:30:00,0,£500-1k,1 order
13894,564.62,3,354,20.911851851851853,2011-02-02 12:54:00,2011-11-16 09:44:00,286,£500-1k,3-4 orders
13895,2593.07,4,1365,21.975169491525424,2011-06-28 10:17:00,2011-11-11 16:57:00,136,£1k-5k,3-4 orders
13897,311.16,1,200,18.303529411764707,2011-10-20 14:30:00,2011-10-20 14:30:00,0,£100-500,1 order
13898,155.93,1,133,12.994166666666667,2011-01-18 10:28:00,2011-01-18 10:28:00,0,£100-500,1 order
13899,388.52,2,156,20.448421052631577,2011-03-10 09:30:00,2011-11-23 13:40:00,258,£100-500,2 orders
13900,740.95,3,430,17.23139534883721,2011-03-22 10:13:00,2011-06-09 19:26:00,79,£500-1k,3-4 orders
13901,2867.2,5,1739,19.242953020134227,2011-01-25 09:01:00,2011-09-28 14:48:00,246,£1k-5k,5-9 orders
13904,332.64,2,332,12.793846153846154,2011-02-18 11:18:00,2011-11-02 13:41:00,257,£100-500,2 orders
13908,2369.55,4,1478,19.42254098360656,2011-03-08 12:04:00,2011-09-21 11:49:00,196,£1k-5k,3-4 orders
13911,2580.91,9,2731,17.43858108108108,2011-02-04 14:46:00,2011-10-13 15:43:00,251,£1k-5k,5-9 orders
13914,626.45,2,380,18.983333333333334,2011-11-03 16:28:00,2011-11-28 10:35:00,24,£500-1k,2 orders
13917,272.04,2,228,15.113333333333335,2011-06-01 12:46:00,2011-10-21 09:56:00,141,£100-500,2 orders
13918,1212.8400000000001,2,1140,40.428000000000004,2011-03-31 18:05:00,2011-10-21 12:25:00,203,£1k-5k,2 orders
13919,384.81,2,474,13.743214285714286,2011-08-10 10:15:00,2011-10-11 14:24:00,62,£100-500,2 orders
13922,172.25,1,93,24.607142857142858,2010-12-23 10:38:00,2010-12-23 10:38:00,0,£100-500,1 order
13923,351.13,1,185,17.5565,2011-10-17 12:33:00,2011-10-17 12:33:00,0,£100-500,1 order
13924,1838.8500000000001,6,1575,15.716666666666669,2011-09-28 15:07:00,2011-12-08 09:39:00,70,£1k-5k,5-9 orders
13925,678.25,4,331,16.54268292682927,2011-07-28 12:09:00,2011-09-08 12:47:00,42,£500-1k,3-4 orders
13926,223.85000000000002,1,104,20.35,2011-11-16 13:16:00,2011-11-16 13:16:00,0,£100-500,1 order
13927,348.99,1,214,16.61857142857143,2011-09-26 12:00:00,2011-09-26 12:00:00,0,£100-500,1 order
13928,464.57,4,129,17.206296296296298,2011-07-29 15:59:00,2011-11-29 10:33:00,122,£100-500,3-4 orders
13929,842.65,2,143,93.62777777777778,2011-01-17 15:11:00,2011-06-23 15:26:00,157,£500-1k,2 orders
13930,337.34,2,274,19.843529411764706,2011-07-26 11:00:00,2011-10-13 09:45:00,78,£100-500,2 orders
13931,1237.53,2,725,21.336724137931036,2011-03-04 08:43:00,2011-09-05 10:12:00,185,£1k-5k,2 orders
13932,307.4,1,72,19.2125,2011-02-18 12:02:00,2011-02-18 12:02:00,0,£100-500,1 order
13933,608.7900000000001,2,205,26.469130434782613,2011-07-14 13:35:00,2011-08-22 14:03:00,39,£500-1k,2 orders
13934,922.1,1,390,29.74516129032258,2011-03-21 08:39:00,2011-03-21 08:39:00,0,£500-1k,1 order
13936,376.58,1,330,14.483846153846153,2011-06-13 08:47:00,2011-06-13 08:47:00,0,£100-500,1 order
13937,158.85,1,123,17.65,2011-06-23 16:35:00,2011-06-23 16:35:00,0,£100-500,1 order
13938,71.66,1,70,10.237142857142857,2011-11-04 14:37:00,2011-11-04 14:37:00,0,£0-100,1 order
13939,568.55,3,847,12.634444444444444,2011-02-01 11:30:00,2011-11-16 13:33:00,288,£500-1k,3-4 orders
13940,839.14,4,516,17.12530612244898,2011-07-18 16:05:00,2011-11-22 15:15:00,126,£500-1k,3-4 orders
13941,5112.96,5,2364,113.62133333333334,2010-12-02 10:17:00,2011-11-18 09:43:00,350,£5k-10k,5-9 orders
13946,561.5699999999999,3,443,51.05181818181818,2011-03-17 10:02:00,2011-09-21 13:33:00,188,£500-1k,3-4 orders
13947,90.6,1,44,18.119999999999997,2011-10-05 14:42:00,2011-10-05 14:42:00,0,£0-100,1 order
13948,102.0,1,40,34.0,2010-12-14 10:18:00,2010-12-14 10:18:00,0,£100-500,1 order
13949,2427.32,6,2474,15.170750000000002,2011-09-06 11:55:00,2011-12-07 09:35:00,91,£1k-5k,5-9 orders
13950,745.06,4,323,21.28742857142857,2011-04-07 11:29:00,2011-11-28 14:44:00,235,£500-1k,3-4 orders
13951,674.45,3,459,17.293589743589745,2011-02-18 15:21:00,2011-06-16 16:43:00,118,£500-1k,3-4 orders
13952,3251.071,2,1431,23.730445255474454,2011-04-15 09:27:00,2011-05-06 09:00:00,20,£1k-5k,2 orders
13953,3515.68,7,2724,175.784,2010-12-22 10:29:00,2011-12-02 16:04:00,345,£1k-5k,5-9 orders
13954,439.92,2,150,17.5968,2011-09-30 10:52:00,2011-12-08 12:50:00,69,£100-500,2 orders
13955,322.96,2,154,9.786666666666665,2011-02-07 12:24:00,2011-07-08 17:19:00,151,£100-500,2 orders
13956,1026.42,5,491,6.752763157894737,2011-03-13 12:51:00,2011-12-04 13:20:00,266,£1k-5k,5-9 orders
13959,598.2,3,357,6.502173913043479,2010-12-12 13:56:00,2011-09-21 15:06:00,283,£500-1k,3-4 orders
13960,230.22,2,142,19.185,2011-09-29 12:39:00,2011-11-18 15:27:00,50,£100-500,2 orders
13962,169.55,2,87,15.413636363636364,2011-04-08 11:21:00,2011-11-18 08:47:00,223,£100-500,2 orders
13963,664.54,4,460,18.986857142857144,2010-12-07 09:21:00,2011-02-04 14:43:00,59,£500-1k,3-4 orders
13967,80.7,1,42,40.35,2011-07-17 12:02:00,2011-07-17 12:02:00,0,£0-100,1 order
13969,9053.94,18,4542,14.463162939297126,2010-12-09 19:32:00,2011-12-02 15:11:00,357,£5k-10k,10-19 orders
13971,2758.26,8,1844,18.511812080536913,2011-02-27 12:27:00,2011-11-21 12:06:00,266,£1k-5k,5-9 orders
13972,190.25,2,187,12.683333333333334,2011-05-22 11:34:00,2011-09-30 11:54:00,131,£100-500,2 orders
13973,264.7,1,109,24.063636363636363,2011-02-25 15:21:00,2011-02-25 15:21:00,0,£100-500,1 order
13974,413.59000000000003,1,249,14.77107142857143,2011-10-21 14:41:00,2011-10-21 14:41:00,0,£100-500,1 order
13975,2526.28,6,1732,7.474201183431953,2011-03-08 12:19:00,2011-11-08 13:19:00,245,£1k-5k,5-9 orders
13976,357.98,1,154,35.798,2011-05-17 09:13:00,2011-05-17 09:13:00,0,£100-500,1 order
13978,196.79000000000002,2,315,13.119333333333335,2011-10-25 15:04:00,2011-11-25 11:36:00,30,£100-500,2 orders
13979,869.87,1,639,16.108703703703704,2011-09-27 13:32:00,2011-09-27 13:32:00,0,£500-1k,1 order
13980,200.14,1,172,18.19454545454545,2011-10-10 13:34:00,2011-10-10 13:34:00,0,£100-500,1 order
13982,1871.81,4,1136,16.863153153153153,2010-12-09 13:57:00,2011-10-31 16:24:00,326,£1k-5k,3-4 orders
13983,2603.43,12,1183,24.3311214953271,2010-12-08 10:38:00,2011-11-10 11:06:00,337,£1k-5k,10-19 orders
13984,920.51,5,679,57.531875,2010-12-08 15:58:00,2011-11-13 12:38:00,339,£500-1k,5-9 orders
13985,7060.13,15,3445,20.229598853868197,2011-03-20 13:48:00,2011-12-05 17:06:00,260,£5k-10k,10-19 orders
13986,320.46,1,430,24.650769230769228,2011-11-22 15:00:00,2011-11-22 15:00:00,0,£100-500,1 order
13988,4147.96,6,3044,17.726324786324785,2011-03-30 11:48:00,2011-11-20 10:15:00,234,£1k-5k,5-9 orders
13989,1266.08,2,1313,30.88,2011-04-14 15:39:00,2011-10-05 09:47:00,173,£1k-5k,2 orders
13990,311.3,1,190,19.45625,2011-05-10 15:19:00,2011-05-10 15:19:00,0,£100-500,1 order
13991,855.97,6,998,10.190119047619048,2011-07-19 12:58:00,2011-11-27 16:18:00,131,£500-1k,5-9 orders
13992,76.8,1,64,15.36,2011-11-09 15:23:00,2011-11-09 15:23:00,0,£0-100,1 order
13993,3466.36,9,900,28.647603305785125,2011-01-13 10:43:00,2011-10-28 09:06:00,287,£1k-5k,5-9 orders
13994,2313.14,6,940,14.923483870967742,2011-07-14 18:28:00,2011-12-06 11:05:00,144,£1k-5k,5-9 orders
13995,1393.69,5,879,16.205697674418605,2011-04-08 08:20:00,2011-11-24 14:22:00,230,£1k-5k,5-9 orders
13999,3901.81,12,2243,18.758701923076924,2010-12-13 11:23:00,2011-11-29 13:40:00,351,£1k-5k,10-19 orders
14000,635.66,1,710,42.37733333333333,2011-05-12 16:50:00,2011-05-12 16:50:00,0,£500-1k,1 order
14001,2043.0800000000002,3,962,52.38666666666667,2010-12-01 12:58:00,2011-10-25 10:31:00,327,£1k-5k,3-4 orders
14002,529.73,2,877,11.270851063829788,2011-07-06 14:59:00,2011-07-28 15:55:00,22,£500-1k,2 orders
14004,4582.64,7,2668,26.799064327485382,2011-02-24 09:28:00,2011-10-27 14:40:00,245,£1k-5k,5-9 orders
14005,2874.72,5,2478,34.22285714285714,2011-05-08 10:33:00,2011-11-30 12:41:00,206,£1k-5k,5-9 orders
14006,962.19,3,641,32.073,2011-01-31 15:11:00,2011-08-16 09:39:00,196,£500-1k,3-4 orders
14009,695.61,2,365,16.562142857142856,2011-05-18 13:00:00,2011-05-25 15:47:00,7,£500-1k,2 orders
14012,328.8,1,160,29.89090909090909,2011-03-07 12:26:00,2011-03-07 12:26:00,0,£100-500,1 order
14013,473.02,3,462,13.91235294117647,2011-03-09 08:59:00,2011-08-21 15:01:00,165,£100-500,3-4 orders
14014,505.18,1,1076,12.953333333333333,2011-09-23 13:18:00,2011-09-23 13:18:00,0,£500-1k,1 order
14015,917.34,1,378,45.867000000000004,2011-10-18 10:02:00,2011-10-18 10:02:00,0,£500-1k,1 order
14016,4341.21,4,2125,26.964037267080744,2010-12-17 14:21:00,2011-07-01 11:29:00,195,£1k-5k,3-4 orders
14019,1421.61,3,1037,21.539545454545454,2011-07-24 15:39:00,2011-10-24 10:13:00,91,£1k-5k,3-4 orders
14020,642.8,2,441,16.48205128205128,2011-09-12 15:32:00,2011-11-23 09:22:00,71,£500-1k,2 orders
14021,631.9,3,192,28.722727272727273,2011-03-28 15:10:00,2011-07-07 15:46:00,101,£500-1k,3-4 orders
14022,440.0,1,487,15.714285714285714,2011-04-28 14:39:00,2011-04-28 14:39:00,0,£100-500,1 order
14023,584.07,2,345,18.840967741935486,2011-04-03 15:50:00,2011-12-02 13:58:00,242,£500-1k,2 orders
14024,327.7,2,150,20.48125,2011-08-07 13:31:00,2011-08-10 11:30:00,2,£100-500,2 orders
14027,104.82,1,62,17.47,2011-10-10 09:01:00,2011-10-10 09:01:00,0,£100-500,1 order
14029,467.66,2,198,31.177333333333333,2011-07-18 16:57:00,2011-10-07 14:46:00,80,£100-500,2 orders
14030,2360.09,8,1479,9.712304526748971,2010-12-08 16:11:00,2011-11-21 16:48:00,348,£1k-5k,5-9 orders
14031,17286.86,19,5788,69.14744,2010-12-02 16:34:00,2011-12-02 17:13:00,365,£10k+,10-19 orders
14032,2975.59,11,2032,20.80832167832168,2010-12-08 10:53:00,2011-12-07 15:23:00,364,£1k-5k,10-19 orders
14034,651.8199999999999,3,423,7.323820224719101,2011-07-05 13:06:00,2011-11-17 14:02:00,135,£500-1k,3-4 orders
14035,1428.02,5,739,21.636666666666667,2011-02-15 12:48:00,2011-11-11 10:03:00,268,£1k-5k,5-9 orders
14036,626.65,1,268,16.49078947368421,2011-02-28 09:26:00,2011-02-28 09:26:00,0,£500-1k,1 order
14037,147.20000000000002,2,46,5.257142857142858,2010-12-10 11:39:00,2011-06-16 13:57:00,188,£100-500,2 orders
14038,1560.38,3,965,16.960652173913044,2011-05-16 14:05:00,2011-09-22 13:37:00,128,£1k-5k,3-4 orders
14039,152.2,1,92,25.366666666666664,2011-11-06 13:48:00,2011-11-06 13:48:00,0,£100-500,1 order
14040,3614.92,12,1554,15.38263829787234,2011-01-12 14:57:00,2011-10-30 12:42:00,290,£1k-5k,10-19 orders
14041,141.41,1,94,6.733809523809524,2011-03-18 13:25:00,2011-03-18 13:25:00,0,£100-500,1 order
14044,652.82,4,308,3.1235406698564594,2011-02-03 11:39:00,2011-11-13 12:05:00,283,£500-1k,3-4 orders
14045,1659.75,4,535,276.625,2010-12-01 11:32:00,2011-08-22 15:27:00,264,£1k-5k,3-4 orders
14046,154.99,1,460,11.070714285714287,2011-02-28 14:48:00,2011-02-28 14:48:00,0,£100-500,1 order
14047,1308.6100000000001,5,381,40.894062500000004,2010-12-02 10:09:00,2011-12-01 11:43:00,364,£1k-5k,5-9 orders
14048,409.93,1,288,4.822705882352941,2011-02-07 14:53:00,2011-02-07 14:53:00,0,£100-500,1 order
14049,5681.72,4,3870,11.642868852459017,2011-01-26 11:27:00,2011-11-23 12:20:00,301,£5k-10k,3-4 orders
14050,746.36,2,689,13.821481481481483,2011-08-25 13:46:00,2011-11-08 10:00:00,74,£500-1k,2 orders
14051,15610.390000000001,23,3756,74.33519047619048,2010-12-08 12:49:00,2011-12-09 10:20:00,365,£10k+,20+ orders
14052,225.36,1,89,4.024285714285715,2011-11-20 12:30:00,2011-11-20 12:30:00,0,£100-500,1 order
14053,260.25,2,215,65.0625,2011-07-03 12:21:00,2011-08-07 14:27:00,35,£100-500,2 orders
14054,92.46,1,62,15.409999999999998,2011-10-05 15:49:00,2011-10-05 15:49:00,0,£0-100,1 order
14055,725.6400000000001,1,216,72.56400000000001,2011-08-25 15:04:00,2011-08-25 15:04:00,0,£500-1k,1 order
14056,8214.65,23,4273,7.427350813743218,2011-02-28 15:19:00,2011-12-08 13:36:00,282,£5k-10k,20+ orders
14057,6217.96,17,4876,21.894225352112677,2010-12-14 12:11:00,2011-11-16 10:32:00,336,£5k-10k,10-19 orders
14059,183.6,1,128,22.95,2011-03-18 10:06:00,2011-03-18 10:06:00,0,£100-500,1 order
14060,6140.42,19,5386,30.39811881188119,2010-12-02 12:11:00,2011-12-05 12:29:00,368,£5k-10k,10-19 orders
14062,10464.85,12,5593,94.27792792792793,2010-12-10 15:56:00,2011-11-30 10:04:00,354,£10k+,10-19 orders
14064,1353.74,5,1788,16.92175,2011-03-10 12:59:00,2011-11-10 13:14:00,245,£1k-5k,5-9 orders
14066,152.55,1,45,21.792857142857144,2011-03-18 12:21:00,2011-03-18 12:21:00,0,£100-500,1 order
14067,374.7,2,361,7.2057692307692305,2011-09-04 12:00:00,2011-10-07 10:21:00,32,£100-500,2 orders
14068,265.85,1,73,11.077083333333334,2011-01-23 16:02:00,2011-01-23 16:02:00,0,£100-500,1 order
14071,1438.82,8,995,4.440802469135802,2011-03-20 11:33:00,2011-12-06 12:27:00,261,£1k-5k,5-9 orders
14073,151.04,1,130,11.618461538461538,2011-11-07 15:49:00,2011-11-07 15:49:00,0,£100-500,1 order
14075,942.26,3,754,21.913023255813954,2011-03-23 16:35:00,2011-12-05 08:38:00,256,£500-1k,3-4 orders
14076,122.47,1,81,2.662391304347826,2011-08-02 15:19:00,2011-08-02 15:19:00,0,£100-500,1 order
14077,499.41999999999996,5,268,11.89095238095238,2011-03-10 15:52:00,2011-10-30 12:35:00,233,£100-500,5-9 orders
14078,1049.37,6,310,16.144153846153845,2010-12-01 12:54:00,2011-08-30 12:16:00,271,£1k-5k,5-9 orders
14079,375.1,1,301,31.258333333333336,2011-08-07 12:10:00,2011-08-07 12:10:00,0,£100-500,1 order
14080,45.599999999999994,1,48,11.399999999999999,2011-11-07 11:09:00,2011-11-07 11:09:00,0,£0-100,1 order
14081,934.52,2,596,6.10797385620915,2010-12-05 15:47:00,2011-02-10 16:17:00,67,£500-1k,2 orders
14082,182.25,1,110,6.2844827586206895,2010-12-10 11:02:00,2010-12-10 11:02:00,0,£100-500,1 order
14083,1018.43,9,732,5.626685082872928,2010-12-03 12:24:00,2011-12-05 13:14:00,367,£1k-5k,5-9 orders
14085,4448.54,18,3184,9.885644444444445,2010-12-06 12:39:00,2011-12-07 13:46:00,366,£1k-5k,10-19 orders
14087,194.42,1,251,2.8176811594202897,2011-12-07 12:41:00,2011-12-07 12:41:00,0,£100-500,1 order
14088,50491.81,13,12665,85.7246349745331,2011-01-21 13:07:00,2011-11-29 16:16:00,312,£10k+,10-19 orders
14089,161.0,1,134,11.5,2011-10-14 10:38:00,2011-10-14 10:38:00,0,£100-500,1 order
14090,76.32000000000001,1,72,76.32000000000001,2011-01-19 10:51:00,2011-01-19 10:51:00,0,£0-100,1 order
14092,4076.91,14,2066,19.050981308411213,2010-12-16 15:47:00,2011-12-02 12:13:00,350,£1k-5k,10-19 orders
14093,442.85,1,406,4.217619047619048,2011-11-27 16:27:00,2011-11-27 16:27:00,0,£100-500,1 order
14096,65164.79,17,16352,12.749909998043435,2011-08-30 10:49:00,2011-12-05 17:17:00,97,£10k+,10-19 orders
14098,147.35,1,104,7.016666666666667,2011-11-03 10:13:00,2011-11-03 10:13:00,0,£100-500,1 order
14099,3104.17,11,2179,12.41668,2010-12-20 11:14:00,2011-11-23 13:53:00,338,£1k-5k,10-19 orders
14100,194.9,1,64,7.496153846153846,2011-07-25 11:01:00,2011-07-25 11:01:00,0,£100-500,1 order
14101,5976.79,6,6942,170.76542857142857,2011-01-17 13:09:00,2011-09-27 12:28:00,252,£5k-10k,5-9 orders
14102,1360.28,5,961,17.21873417721519,2011-10-26 12:46:00,2011-12-04 15:38:00,39,£1k-5k,5-9 orders
14104,216.20999999999998,2,72,10.295714285714284,2011-06-27 12:49:00,2011-07-08 12:50:00,11,£100-500,2 orders
14105,1266.23,1,800,17.111216216216217,2011-04-14 17:58:00,2011-04-14 17:58:00,0,£1k-5k,1 order
14107,2703.23,7,1793,21.977479674796747,2010-12-10 13:29:00,2011-10-19 12:12:00,312,£1k-5k,5-9 orders
14108,597.91,2,381,17.585588235294118,2011-08-30 11:32:00,2011-11-09 10:41:00,70,£500-1k,2 orders
14109,144.2,1,88,16.022222222222222,2011-09-28 10:18:00,2011-09-28 10:18:00,0,£100-500,1 order
14110,5683.15,12,2445,36.66548387096774,2011-03-18 09:59:00,2011-12-06 12:26:00,263,£5k-10k,10-19 orders
14111,692.85,4,458,69.285,2011-04-12 11:36:00,2011-11-25 13:44:00,227,£500-1k,3-4 orders
14112,2915.15,7,1651,18.2196875,2011-03-09 11:28:00,2011-11-17 12:30:00,253,£1k-5k,5-9 orders
14113,1840.42,4,745,54.13,2010-12-20 12:14:00,2011-12-06 12:18:00,351,£1k-5k,3-4 orders
14114,386.53,2,101,25.768666666666665,2011-01-13 11:05:00,2011-03-11 09:42:00,56,£100-500,2 orders
14116,1382.74,5,707,19.204722222222223,2011-08-10 12:44:00,2011-11-20 10:29:00,101,£1k-5k,5-9 orders
14117,90.0,1,72,30.0,2011-07-19 09:49:00,2011-07-19 09:49:00,0,£0-100,1 order
14121,2780.15,4,2082,17.485220125786164,2011-10-11 10:39:00,2011-12-06 12:19:00,56,£1k-5k,3-4 orders
14124,419.58000000000004,1,1618,83.91600000000001,2011-09-16 13:32:00,2011-09-16 13:32:00,0,£100-500,1 order
14125,2740.43,3,1640,16.409760479041914,2011-09-22 15:40:00,2011-11-29 12:47:00,67,£1k-5k,3-4 orders
14126,706.1300000000001,3,508,47.07533333333334,2011-11-29 12:21:00,2011-12-02 11:45:00,2,£500-1k,3-4 orders
14127,709.71,3,321,16.129772727272726,2011-02-02 12:26:00,2011-08-09 10:49:00,187,£500-1k,3-4 orders
14128,637.5,2,564,13.858695652173912,2011-03-29 10:49:00,2011-10-10 12:00:00,195,£500-1k,2 orders
14129,1123.8600000000001,5,592,21.61269230769231,2011-03-24 08:44:00,2011-12-08 11:02:00,259,£1k-5k,5-9 orders
14130,483.86,1,258,7.221791044776119,2011-01-24 16:05:00,2011-01-24 16:05:00,0,£100-500,1 order
14132,3586.0299999999997,11,3368,17.930149999999998,2011-06-09 12:04:00,2011-12-07 13:35:00,181,£1k-5k,10-19 orders
14133,605.64,3,348,21.63,2011-01-28 11:27:00,2011-08-02 11:34:00,186,£500-1k,3-4 orders
14135,4690.31,15,3850,35.00231343283583,2010-12-02 10:27:00,2011-12-08 11:38:00,371,£1k-5k,10-19 orders
14138,982.3800000000001,2,610,20.901702127659576,2011-10-07 09:38:00,2011-12-08 12:44:00,62,£500-1k,2 orders
14139,415.82,1,510,15.993076923076924,2011-10-24 13:34:00,2011-10-24 13:34:00,0,£100-500,1 order
14140,935.05,2,811,14.167424242424241,2011-11-08 11:20:00,2011-12-06 09:05:00,27,£500-1k,2 orders
14141,915.13,4,355,22.87825,2011-08-26 14:40:00,2011-12-07 09:53:00,102,£500-1k,3-4 orders
14142,311.81,1,313,14.173181818181819,2010-12-01 16:33:00,2010-12-01 16:33:00,0,£100-500,1 order
14143,115.8,1,30,16.54285714285714,2011-07-29 09:48:00,2011-07-29 09:48:00,0,£100-500,1 order
14145,3742.2,4,756,340.2,2011-05-06 13:01:00,2011-10-24 12:10:00,170,£1k-5k,3-4 orders
14146,4191.0,5,2437,19.957142857142856,2010-12-17 15:52:00,2011-12-01 10:18:00,348,£1k-5k,5-9 orders
14147,483.4,2,108,96.67999999999999,2011-02-27 11:42:00,2011-09-22 18:10:00,207,£100-500,2 orders
14148,157.2,1,16,52.4,2011-04-20 12:02:00,2011-04-20 12:02:00,0,£100-500,1 order
14149,446.62,1,218,15.950714285714286,2011-05-03 09:44:00,2011-05-03 09:44:00,0,£100-500,1 order
14150,658.64,2,496,25.33230769230769,2010-12-15 10:04:00,2011-11-04 10:05:00,324,£500-1k,2 orders
14152,621.29,2,711,12.67938775510204,2011-04-19 15:46:00,2011-09-25 12:54:00,158,£500-1k,2 orders
14154,1345.62,2,465,25.87730769230769,2011-04-14 15:58:00,2011-04-14 16:26:00,0,£1k-5k,2 orders
14155,118.75,1,25,19.791666666666668,2011-03-18 14:13:00,2011-03-18 14:13:00,0,£100-500,1 order
14156,117379.63,55,57885,83.84259285714286,2010-12-03 11:48:00,2011-11-30 10:54:00,361,£10k+,20+ orders
14157,432.88,2,284,9.018333333333333,2011-02-27 13:04:00,2011-11-20 11:32:00,265,£100-500,2 orders
14158,507.66,1,781,12.381951219512196,2011-10-30 15:08:00,2011-10-30 15:08:00,0,£500-1k,1 order
14159,4693.01,11,4408,3.8978488372093025,2010-12-12 11:17:00,2011-11-20 12:36:00,343,£1k-5k,10-19 orders
14161,1110.52,3,455,10.282592592592593,2010-12-05 13:18:00,2011-05-08 11:41:00,153,£1k-5k,3-4 orders
14162,289.36,2,142,11.5744,2011-02-20 12:32:00,2011-06-19 11:36:00,118,£100-500,2 orders
14163,2445.91,4,893,47.036730769230765,2011-04-14 17:33:00,2011-09-13 15:18:00,151,£1k-5k,3-4 orders
14164,1631.77,2,1033,56.26793103448276,2011-09-20 12:18:00,2011-09-30 12:24:00,10,£1k-5k,2 orders
14165,122.53999999999999,1,54,4.901599999999999,2011-03-09 12:39:00,2011-03-09 12:39:00,0,£100-500,1 order
14167,574.84,4,150,11.054615384615385,2011-01-12 15:44:00,2011-10-31 14:29:00,291,£500-1k,3-4 orders
14171,363.79,1,167,6.272241379310345,2011-09-02 16:43:00,2011-09-02 16:43:00,0,£100-500,1 order
14173,450.84,4,150,15.546206896551723,2011-05-04 14:03:00,2011-11-29 11:54:00,208,£100-500,3-4 orders
14174,134.46,1,94,5.171538461538462,2011-11-06 13:17:00,2011-11-06 13:17:00,0,£100-500,1 order
14175,3222.3,3,1515,21.626174496644296,2011-01-14 12:22:00,2011-10-11 11:55:00,269,£1k-5k,3-4 orders
14176,576.9000000000001,4,209,18.609677419354842,2010-12-07 11:45:00,2011-02-15 13:12:00,70,£500-1k,3-4 orders
14177,559.41,4,205,13.319285714285714,2011-06-13 11:10:00,2011-09-14 15:11:00,93,£500-1k,3-4 orders
14178,1620.93,7,1505,4.9569724770642205,2011-06-10 12:51:00,2011-12-01 12:01:00,173,£1k-5k,5-9 orders
14179,719.78,2,330,4.36230303030303,2011-10-18 14:00:00,2011-10-30 12:07:00,11,£500-1k,2 orders
14180,4748.52,25,719,19.785500000000003,2010-12-02 13:08:00,2011-11-29 10:56:00,361,£1k-5k,20+ orders
14184,452.89,1,127,18.870416666666667,2011-10-04 12:43:00,2011-10-04 12:43:00,0,£100-500,1 order
14185,197.65,1,6,65.88333333333334,2011-01-12 13:52:00,2011-01-12 13:52:00,0,£100-500,1 order
14188,2054.36,6,1162,31.605538461538462,2011-02-02 13:46:00,2011-11-09 12:45:00,279,£1k-5k,5-9 orders
14189,4654.08,15,3937,17.56256603773585,2010-12-06 11:42:00,2011-12-07 15:55:00,366,£1k-5k,10-19 orders
14191,4684.76,13,3662,18.08787644787645,2011-05-03 10:30:00,2011-12-08 09:23:00,218,£1k-5k,10-19 orders
14193,853.39,2,445,20.318809523809524,2011-03-15 11:38:00,2011-10-03 09:34:00,201,£500-1k,2 orders
14194,11349.52,21,5840,19.601934369602763,2011-02-04 14:51:00,2011-12-05 10:38:00,303,£10k+,20+ orders
14195,1012.0,2,760,144.57142857142858,2011-04-01 16:50:00,2011-05-22 10:29:00,50,£1k-5k,2 orders
14196,335.52,1,142,55.919999999999995,2011-08-25 10:25:00,2011-08-25 10:25:00,0,£100-500,1 order
14198,701.4,4,290,17.984615384615385,2011-04-14 14:54:00,2011-11-21 16:35:00,221,£500-1k,3-4 orders
14199,185.39999999999998,1,28,92.69999999999999,2011-05-05 13:44:00,2011-05-05 13:44:00,0,£100-500,1 order
14201,747.44,7,590,20.20108108108108,2010-12-15 13:25:00,2011-10-10 13:27:00,299,£500-1k,5-9 orders
14204,161.03,1,82,3.659772727272727,2011-12-07 13:38:00,2011-12-07 13:38:00,0,£100-500,1 order
14205,466.7,2,204,19.445833333333333,2011-03-20 15:07:00,2011-11-23 10:55:00,247,£100-500,2 orders
14206,328.15999999999997,1,276,16.407999999999998,2011-04-14 16:38:00,2011-04-14 16:38:00,0,£100-500,1 order
14208,151.74,1,114,15.174000000000001,2011-09-06 12:48:00,2011-09-06 12:48:00,0,£100-500,1 order
14209,2073.43,6,691,23.83252873563218,2011-01-11 12:56:00,2011-11-29 10:18:00,321,£1k-5k,5-9 orders
14210,1905.8400000000001,6,760,18.684705882352944,2010-12-03 12:43:00,2011-08-26 12:36:00,265,£1k-5k,5-9 orders
14211,2241.1,9,1242,20.009821428571428,2011-02-17 15:50:00,2011-10-17 13:23:00,241,£1k-5k,5-9 orders
14212,1070.48,1,1152,118.94222222222223,2011-09-11 12:45:00,2011-09-11 12:45:00,0,£1k-5k,1 order
14214,1004.38,5,751,14.990746268656716,2011-03-07 12:26:00,2011-11-09 10:31:00,246,£1k-5k,5-9 orders
14215,1789.72,6,1358,16.57148148148148,2010-12-06 15:34:00,2011-11-28 12:19:00,356,£1k-5k,5-9 orders
14216,1839.3,4,594,31.17457627118644,2011-11-02 10:51:00,2011-12-06 14:56:00,34,£1k-5k,3-4 orders
14217,2004.98,17,689,20.0498,2010-12-08 13:28:00,2011-12-08 11:53:00,364,£1k-5k,10-19 orders
14218,169.48000000000002,1,160,14.123333333333335,2011-10-28 10:00:00,2011-10-28 10:00:00,0,£100-500,1 order
14219,89.94,1,78,12.848571428571429,2011-12-05 16:23:00,2011-12-05 16:23:00,0,£0-100,1 order
14220,632.4,2,272,30.114285714285714,2010-12-16 18:18:00,2011-04-06 13:23:00,110,£500-1k,2 orders
14221,3432.8,9,2191,17.78652849740933,2011-01-04 15:33:00,2011-10-28 13:42:00,296,£1k-5k,5-9 orders
14222,683.17,1,607,16.662682926829266,2011-06-15 16:42:00,2011-06-15 16:42:00,0,£500-1k,1 order
14223,991.13,3,585,16.518833333333333,2011-03-20 16:02:00,2011-09-08 13:38:00,171,£500-1k,3-4 orders
14224,1050.12,4,514,8.899322033898304,2011-01-23 13:58:00,2011-08-21 13:24:00,209,£1k-5k,3-4 orders
14226,2232.19,5,1308,33.31626865671642,2011-03-15 15:36:00,2011-11-11 11:34:00,240,£1k-5k,5-9 orders
14227,3350.96,10,1820,19.148342857142858,2011-02-28 12:27:00,2011-11-13 15:48:00,258,£1k-5k,10-19 orders
14229,1547.2,3,610,38.68,2011-01-10 12:03:00,2011-10-19 10:04:00,281,£1k-5k,3-4 orders
14231,925.71,3,409,18.514200000000002,2011-02-24 11:55:00,2011-06-09 11:05:00,104,£500-1k,3-4 orders
14232,2048.07,5,1941,17.80930434782609,2011-03-20 12:44:00,2011-10-28 11:09:00,221,£1k-5k,5-9 orders
14233,1462.72,4,680,41.792,2011-01-26 12:43:00,2011-10-21 15:54:00,268,£1k-5k,3-4 orders
14234,775.46,4,963,4.877106918238994,2011-10-13 13:58:00,2011-11-17 17:53:00,35,£500-1k,3-4 orders
14235,3144.86,5,1959,39.80835443037975,2011-03-24 13:23:00,2011-09-25 14:37:00,185,£1k-5k,5-9 orders
14236,490.86,2,310,32.724000000000004,2010-12-02 18:49:00,2011-09-20 09:13:00,291,£100-500,2 orders
14237,161.0,1,38,17.88888888888889,2010-12-01 13:20:00,2010-12-01 13:20:00,0,£100-500,1 order
14238,146.85,1,111,18.35625,2011-01-17 14:40:00,2011-01-17 14:40:00,0,£100-500,1 order
14239,2380.85,11,993,21.257589285714285,2011-01-27 14:45:00,2011-10-27 14:40:00,272,£1k-5k,10-19 orders
14240,890.34,2,418,21.19857142857143,2011-04-28 11:40:00,2011-11-09 13:45:00,195,£500-1k,2 orders
14241,213.70000000000002,1,146,21.37,2011-06-09 11:46:00,2011-06-09 11:46:00,0,£100-500,1 order
14242,280.55,2,123,17.534375,2011-01-18 08:53:00,2011-04-19 11:46:00,91,£100-500,2 orders
14243,2588.77,10,1221,18.360070921985816,2010-12-09 08:34:00,2011-12-01 11:12:00,357,£1k-5k,10-19 orders
14245,1693.45,2,976,15.680092592592594,2011-03-21 10:41:00,2011-05-04 08:40:00,43,£1k-5k,2 orders
14246,1474.06,3,804,19.654133333333334,2011-04-08 08:25:00,2011-08-21 11:50:00,135,£1k-5k,3-4 orders
14247,136.76999999999998,1,47,6.838499999999999,2011-03-06 15:21:00,2011-03-06 15:21:00,0,£100-500,1 order
14248,302.58,1,102,37.8225,2011-01-25 14:45:00,2011-01-25 14:45:00,0,£100-500,1 order
14250,1904.05,3,1200,17.153603603603603,2011-09-11 13:44:00,2011-12-02 14:30:00,82,£1k-5k,3-4 orders
14251,2879.7000000000003,5,1674,36.91923076923077,2011-10-13 12:46:00,2011-12-08 08:32:00,55,£1k-5k,5-9 orders
14256,969.0600000000001,2,414,18.284150943396227,2010-12-10 11:44:00,2011-03-24 13:17:00,104,£500-1k,2 orders
14257,3099.7200000000003,5,1682,29.242641509433966,2011-01-25 10:49:00,2011-10-06 16:54:00,254,£1k-5k,5-9 orders
14258,12669.98,9,7100,114.14396396396396,2011-01-06 12:18:00,2011-11-30 15:27:00,328,£10k+,5-9 orders
14259,120.0,1,68,24.0,2011-07-21 10:44:00,2011-07-21 10:44:00,0,£100-500,1 order
14261,1163.45,2,406,22.37403846153846,2011-09-22 10:47:00,2011-10-20 10:04:00,27,£1k-5k,2 orders
14262,2618.23,8,1645,18.3093006993007,2011-04-13 12:23:00,2011-12-01 14:17:00,232,£1k-5k,5-9 orders
14264,333.97,2,70,19.64529411764706,2011-04-08 12:20:00,2011-07-08 10:20:00,90,£100-500,2 orders
14265,530.18,2,330,17.10258064516129,2011-07-14 09:10:00,2011-08-22 13:32:00,39,£500-1k,2 orders
14267,1516.24,3,530,27.568,2011-03-24 11:38:00,2011-06-30 10:09:00,97,£1k-5k,3-4 orders
14270,492.65000000000003,1,197,16.98793103448276,2011-01-12 09:33:00,2011-01-12 09:33:00,0,£100-500,1 order
14271,112.32,1,88,11.232,2011-04-28 12:47:00,2011-04-28 12:47:00,0,£100-500,1 order
14272,437.96,2,599,13.271515151515151,2011-03-30 13:57:00,2011-09-27 10:08:00,180,£100-500,2 orders
14273,559.97,4,264,19.309310344827587,2011-04-11 13:24:00,2011-10-19 13:20:00,190,£500-1k,3-4 orders
14276,1119.74,3,744,17.4959375,2011-02-23 09:38:00,2011-09-02 09:45:00,191,£1k-5k,3-4 orders
14277,4216.2,3,1984,18.738666666666667,2011-05-11 13:20:00,2011-11-24 15:01:00,197,£1k-5k,3-4 orders
14280,134.04,1,52,16.755,2011-05-27 10:37:00,2011-05-27 10:37:00,0,£100-500,1 order
14282,3729.34,15,2668,23.906025641025643,2010-12-07 12:21:00,2011-12-06 17:04:00,364,£1k-5k,10-19 orders
14284,595.25,2,161,18.6015625,2011-09-14 13:04:00,2011-11-09 08:11:00,55,£500-1k,2 orders
14285,1910.01,4,541,70.74111111111111,2011-06-16 12:36:00,2011-11-18 14:50:00,155,£1k-5k,3-4 orders
14286,4628.75,3,4338,16.53125,2011-04-11 08:16:00,2011-11-16 10:34:00,219,£1k-5k,3-4 orders
14287,176.63,3,261,19.625555555555554,2011-05-25 11:41:00,2011-12-01 13:25:00,190,£100-500,3-4 orders
14288,426.6,1,188,26.6625,2011-05-10 13:22:00,2011-05-10 13:22:00,0,£100-500,1 order
14289,911.26,6,292,19.388510638297873,2011-02-23 12:33:00,2011-12-01 11:44:00,280,£500-1k,5-9 orders
14290,2314.65,5,915,22.917326732673267,2010-12-13 10:24:00,2011-11-28 14:02:00,350,£1k-5k,5-9 orders
14291,3883.25,11,2749,16.385021097046412,2011-03-09 15:20:00,2011-12-08 10:26:00,273,£1k-5k,10-19 orders
14292,4871.93,9,1663,48.719300000000004,2011-03-02 08:26:00,2011-12-02 11:50:00,275,£1k-5k,5-9 orders
14293,1046.56,4,709,17.15672131147541,2010-12-06 10:18:00,2011-12-06 15:17:00,365,£1k-5k,3-4 orders
14295,166.20000000000002,1,84,33.24,2011-10-30 15:50:00,2011-10-30 15:50:00,0,£100-500,1 order
14297,1305.33,4,865,21.053709677419352,2011-03-10 08:31:00,2011-11-22 09:06:00,257,£1k-5k,3-4 orders
14298,51527.3,44,58343,31.476664630421503,2010-12-14 12:59:00,2011-12-01 13:12:00,352,£10k+,20+ orders
14299,3965.62,9,2149,27.73160839160839,2010-12-09 10:30:00,2011-12-01 16:05:00,357,£1k-5k,5-9 orders
14300,43.2,1,32,14.4,2011-11-21 08:57:00,2011-11-21 08:57:00,0,£0-100,1 order
14301,640.14,1,606,49.24153846153846,2011-08-14 15:33:00,2011-08-14 15:33:00,0,£500-1k,1 order
14304,383.45,1,139,22.555882352941175,2011-05-01 11:50:00,2011-05-01 11:50:00,0,£100-500,1 order
14305,1858.96,3,1089,17.70438095238095,2011-07-27 14:14:00,2011-09-29 15:29:00,64,£1k-5k,3-4 orders
14306,2093.32,2,1075,63.4339393939394,2011-09-15 10:31:00,2011-10-19 13:23:00,34,£1k-5k,2 orders
14307,2995.72,6,2058,16.642888888888887,2010-12-01 11:41:00,2011-09-12 09:38:00,284,£1k-5k,5-9 orders
14309,2352.53,9,1633,20.10709401709402,2010-12-16 13:05:00,2011-12-01 13:33:00,350,£1k-5k,5-9 orders
14311,310.26,1,146,15.513,2011-04-11 10:14:00,2011-04-11 10:14:00,0,£100-500,1 order
14312,1611.59,6,1012,18.524022988505745,2011-01-06 16:35:00,2011-10-24 09:46:00,290,£1k-5k,5-9 orders
14314,120.0,1,296,15.0,2011-08-25 10:39:00,2011-08-25 10:39:00,0,£100-500,1 order
14315,2481.13,6,1021,24.565643564356435,2011-03-18 12:59:00,2011-10-26 12:06:00,221,£1k-5k,5-9 orders
14317,508.58000000000004,1,255,21.190833333333334,2011-10-06 10:44:00,2011-10-06 10:44:00,0,£500-1k,1 order
14320,477.79,2,325,15.412580645161292,2011-01-11 09:12:00,2011-05-17 09:24:00,126,£100-500,2 orders
14321,1530.75,5,2406,12.445121951219512,2011-01-10 11:35:00,2011-11-29 09:47:00,322,£1k-5k,5-9 orders
14323,605.0600000000001,2,350,16.807222222222222,2011-04-15 11:44:00,2011-08-17 11:37:00,123,£500-1k,2 orders
14326,183.85,1,103,22.98125,2011-04-11 15:04:00,2011-04-11 15:04:00,0,£100-500,1 order
14327,311.65,1,139,25.97083333333333,2011-06-29 13:58:00,2011-06-29 13:58:00,0,£100-500,1 order
14329,5014.84,7,3095,19.362316602316604,2011-01-14 13:42:00,2011-11-22 15:50:00,312,£5k-10k,5-9 orders
14331,462.65999999999997,2,252,16.523571428571426,2011-07-27 15:14:00,2011-08-07 13:17:00,10,£100-500,2 orders
14332,866.31,3,481,33.31961538461538,2011-07-15 10:33:00,2011-11-17 11:54:00,125,£500-1k,3-4 orders
14333,415.2,1,58,27.68,2011-10-03 10:38:00,2011-10-03 10:38:00,0,£100-500,1 order
14334,2552.21,8,1731,15.754382716049383,2010-12-16 17:37:00,2011-11-23 10:01:00,341,£1k-5k,5-9 orders
14335,468.26,2,379,7.432698412698413,2011-09-04 13:07:00,2011-11-23 13:41:00,80,£100-500,2 orders
14336,1614.91,4,1759,17.943444444444445,2011-03-08 16:48:00,2011-11-23 11:40:00,259,£1k-5k,3-4 orders
14338,588.22,2,335,18.97483870967742,2011-05-27 13:30:00,2011-07-01 14:08:00,35,£500-1k,2 orders
14339,309.52,1,168,22.108571428571427,2011-04-11 11:06:00,2011-04-11 11:06:00,0,£100-500,1 order
14340,134.7,1,58,22.45,2011-05-05 09:44:00,2011-05-05 09:44:00,0,£100-500,1 order
14341,2182.28,8,1403,16.916899224806205,2011-01-25 13:55:00,2011-10-25 15:48:00,273,£1k-5k,5-9 orders
14342,668.5600000000001,4,347,31.836190476190477,2011-05-13 13:50:00,2011-11-18 13:21:00,188,£500-1k,3-4 orders
14344,889.9300000000001,8,477,12.534225352112676,2010-12-06 11:58:00,2011-08-04 13:51:00,241,£500-1k,5-9 orders
14345,108.97999999999999,1,50,18.16333333333333,2011-11-01 09:51:00,2011-11-01 09:51:00,0,£100-500,1 order
14346,1021.58,2,605,17.026333333333334,2011-02-15 13:52:00,2011-08-11 09:47:00,176,£1k-5k,2 orders
14348,409.57,1,183,22.753888888888888,2011-03-24 16:23:00,2011-03-24 16:23:00,0,£100-500,1 order
14349,133.5,1,86,4.306451612903226,2011-11-29 15:39:00,2011-11-29 15:39:00,0,£100-500,1 order
14350,282.93,1,183,15.718333333333334,2011-03-10 14:14:00,2011-03-10 14:14:00,0,£100-500,1 order
14351,51.0,1,12,51.0,2011-06-28 11:56:00,2011-06-28 11:56:00,0,£0-100,1 order
14352,1078.96,4,538,22.95659574468085,2011-03-11 14:58:00,2011-07-05 15:41:00,116,£1k-5k,3-4 orders
14353,90.6,1,64,15.1,2011-05-08 16:06:00,2011-05-08 16:06:00,0,£0-100,1 order
14354,163.62,2,210,18.18,2011-11-09 15:36:00,2011-12-04 11:32:00,24,£100-500,2 orders
14355,174.4,1,92,15.854545454545455,2010-12-09 12:16:00,2010-12-09 12:16:00,0,£100-500,1 order
14356,701.23,2,277,21.24939393939394,2011-09-19 14:43:00,2011-09-21 09:18:00,1,£500-1k,2 orders
14357,225.77,1,148,5.506585365853659,2011-10-27 16:23:00,2011-10-27 16:23:00,0,£100-500,1 order
14359,912.18,3,371,16.58509090909091,2011-09-13 09:03:00,2011-11-20 13:17:00,68,£500-1k,3-4 orders
14360,2128.23,4,1151,18.035847457627117,2011-09-06 11:58:00,2011-11-08 09:12:00,62,£1k-5k,3-4 orders
14362,161.2,1,100,3.9317073170731707,2011-11-17 15:08:00,2011-11-17 15:08:00,0,£100-500,1 order
14364,3717.35,8,1967,53.87463768115942,2011-05-12 12:56:00,2011-08-23 11:01:00,102,£1k-5k,5-9 orders
14367,9261.52,16,4438,17.67465648854962,2011-03-08 14:12:00,2011-12-01 13:19:00,267,£5k-10k,10-19 orders
14368,155.0,1,36,19.375,2011-01-24 09:52:00,2011-01-24 09:52:00,0,£100-500,1 order
14371,100.5,1,34,25.125,2011-02-17 16:35:00,2011-02-17 16:35:00,0,£100-500,1 order
14373,76.55,1,17,19.1375,2010-12-16 15:40:00,2010-12-16 15:40:00,0,£0-100,1 order
14375,257.68,1,194,3.4357333333333333,2011-06-07 13:44:00,2011-06-07 13:44:00,0,£100-500,1 order
14377,617.05,2,219,56.095454545454544,2011-03-22 13:38:00,2011-06-01 13:32:00,70,£500-1k,2 orders
14379,348.1,2,292,7.567391304347827,2011-02-17 15:03:00,2011-10-26 16:43:00,251,£100-500,2 orders
14381,202.68,1,146,3.619285714285714,2011-10-18 17:10:00,2011-10-18 17:10:00,0,£100-500,1 order
14382,626.0699999999999,1,1237,4.7791603053435106,2011-11-13 16:18:00,2011-11-13 16:18:00,0,£500-1k,1 order
14383,1247.69,3,817,21.14728813559322,2011-06-29 10:18:00,2011-11-01 15:53:00,125,£1k-5k,3-4 orders
14385,202.11,3,159,14.436428571428573,2011-11-16 11:55:00,2011-11-30 15:36:00,14,£100-500,3-4 orders
14386,142.4,1,54,20.342857142857145,2011-02-16 09:45:00,2011-02-16 09:45:00,0,£100-500,1 order
14387,1770.56,3,819,12.646857142857142,2011-08-22 14:13:00,2011-11-07 12:29:00,76,£1k-5k,3-4 orders
14388,3212.84,8,1941,17.273333333333333,2010-12-02 11:02:00,2011-11-29 13:32:00,362,£1k-5k,5-9 orders
14389,1043.46,2,729,23.188000000000002,2011-06-02 12:04:00,2011-10-05 15:17:00,125,£1k-5k,2 orders
14390,4652.82,9,2136,16.268601398601398,2010-12-02 11:57:00,2011-11-29 13:49:00,362,£1k-5k,5-9 orders
14393,67.95,1,13,13.59,2011-05-05 18:16:00,2011-05-05 18:16:00,0,£0-100,1 order
14395,3507.71,9,1693,10.02202857142857,2010-12-02 18:15:00,2011-12-07 14:34:00,369,£1k-5k,5-9 orders
14396,487.99,2,225,6.684794520547945,2010-12-03 15:19:00,2011-10-05 16:09:00,306,£100-500,2 orders
14397,2612.96,19,1890,30.034022988505747,2011-05-10 12:25:00,2011-12-07 09:22:00,210,£1k-5k,10-19 orders
14400,574.7,1,454,22.988000000000003,2011-07-13 15:50:00,2011-07-13 15:50:00,0,£500-1k,1 order
14401,4051.48,13,4507,22.26087912087912,2010-12-15 09:07:00,2011-12-05 13:30:00,355,£1k-5k,10-19 orders
14403,1475.81,4,519,73.7905,2011-04-06 14:23:00,2011-08-01 12:57:00,116,£1k-5k,3-4 orders
14404,1474.32,6,839,14.31378640776699,2010-12-05 16:00:00,2011-11-06 12:30:00,335,£1k-5k,5-9 orders
14406,156.75,1,77,19.59375,2011-08-12 16:54:00,2011-08-12 16:54:00,0,£100-500,1 order
14407,2157.73,6,1415,29.557945205479452,2011-03-08 11:59:00,2011-08-24 14:02:00,169,£1k-5k,5-9 orders
14408,2606.53,7,1616,24.360093457943925,2011-03-20 14:41:00,2011-11-29 11:41:00,253,£1k-5k,5-9 orders
14409,2059.4500000000003,6,1230,38.137962962962966,2010-12-06 15:03:00,2011-09-29 18:18:00,297,£1k-5k,5-9 orders
14410,1105.07,9,571,5.725751295336787,2011-02-07 09:36:00,2011-09-08 15:08:00,213,£1k-5k,5-9 orders
14411,1063.0,1,196,75.92857142857143,2011-02-02 10:56:00,2011-02-02 10:56:00,0,£1k-5k,1 order
14412,770.03,2,786,17.90767441860465,2011-09-28 08:48:00,2011-10-28 10:45:00,30,£500-1k,2 orders
14413,122.7,1,68,5.334782608695653,2010-12-12 13:37:00,2010-12-12 13:37:00,0,£100-500,1 order
14414,1496.98,7,2512,15.432783505154639,2010-12-16 11:11:00,2011-09-09 12:09:00,267,£1k-5k,5-9 orders
14415,5900.28,13,3011,10.000474576271186,2010-12-14 13:31:00,2011-12-08 14:38:00,359,£5k-10k,10-19 orders
14416,490.22,2,326,35.01571428571429,2011-10-28 15:10:00,2011-11-17 15:22:00,20,£100-500,2 orders
14418,1937.25,3,1711,15.622983870967742,2011-08-23 17:18:00,2011-12-06 11:39:00,104,£1k-5k,3-4 orders
14419,1058.06,6,487,5.13621359223301,2010-12-10 10:56:00,2011-11-29 11:22:00,354,£1k-5k,5-9 orders
14420,387.52,1,334,13.362758620689654,2011-09-01 18:07:00,2011-09-01 18:07:00,0,£100-500,1 order
14421,813.11,2,365,30.115185185185187,2011-05-12 10:49:00,2011-10-13 13:24:00,154,£500-1k,2 orders
14422,4263.64,6,2906,19.205585585585588,2011-03-17 17:26:00,2011-12-09 11:26:00,266,£1k-5k,5-9 orders
14423,265.2,1,120,88.39999999999999,2011-05-05 15:12:00,2011-05-05 15:12:00,0,£100-500,1 order
14424,322.08,1,48,322.08,2011-11-22 11:48:00,2011-11-22 11:48:00,0,£100-500,1 order
14426,4481.67,10,2699,20.007455357142856,2011-01-31 09:51:00,2011-11-16 12:25:00,289,£1k-5k,10-19 orders
14427,363.34000000000003,2,228,21.37294117647059,2011-10-07 09:10:00,2011-10-20 14:23:00,13,£100-500,2 orders
14428,1244.83,5,436,8.644652777777777,2011-01-18 16:39:00,2011-12-02 13:17:00,317,£1k-5k,5-9 orders
14431,470.36,1,130,27.668235294117647,2011-02-10 10:40:00,2011-02-10 10:40:00,0,£100-500,1 order
14432,2255.51,6,2070,5.904476439790576,2011-09-11 14:09:00,2011-11-30 08:04:00,79,£1k-5k,5-9 orders
14434,1372.8,6,368,114.39999999999999,2011-09-28 15:31:00,2011-11-18 08:56:00,50,£1k-5k,5-9 orders
14436,89.06,1,129,9.895555555555555,2011-09-02 10:13:00,2011-09-02 10:13:00,0,£0-100,1 order
14437,63.0,1,60,12.6,2010-12-09 09:27:00,2010-12-09 09:27:00,0,£0-100,1 order
14438,131.9,1,82,14.655555555555557,2011-02-06 14:56:00,2011-02-06 14:56:00,0,£100-500,1 order
14439,2661.24,1,526,83.16375,2011-01-24 11:39:00,2011-01-24 11:39:00,0,£1k-5k,1 order
14440,2357.6800000000003,5,588,42.8669090909091,2010-12-09 12:49:00,2011-12-01 15:42:00,357,£1k-5k,5-9 orders
14441,1712.89,4,446,33.58607843137255,2011-03-29 12:01:00,2011-12-09 09:07:00,254,£1k-5k,3-4 orders
14442,1589.82,2,482,25.235238095238095,2011-01-27 09:33:00,2011-05-19 11:36:00,112,£1k-5k,2 orders
14443,1420.2,4,938,15.270967741935484,2010-12-06 11:03:00,2011-10-17 10:10:00,314,£1k-5k,3-4 orders
14446,1039.58,4,933,3.548054607508532,2011-04-07 12:10:00,2011-12-09 11:34:00,245,£1k-5k,3-4 orders
14447,1163.23,5,571,16.617571428571427,2011-03-04 10:49:00,2011-11-21 08:28:00,261,£1k-5k,5-9 orders
14448,375.35,2,104,18.767500000000002,2010-12-10 17:26:00,2011-11-30 13:50:00,354,£100-500,2 orders
14449,907.1,4,757,3.5158914728682173,2010-12-02 14:09:00,2011-11-21 12:06:00,353,£500-1k,3-4 orders
14450,483.25,3,241,12.08125,2011-01-23 11:53:00,2011-06-12 10:46:00,139,£100-500,3-4 orders
14451,662.59,2,389,6.078807339449542,2011-05-29 12:35:00,2011-10-10 13:38:00,134,£500-1k,2 orders
14452,264.44,2,119,4.26516129032258,2011-09-07 11:32:00,2011-11-29 12:06:00,83,£100-500,2 orders
14453,119.93,1,49,5.451363636363637,2011-06-02 14:15:00,2011-06-02 14:15:00,0,£100-500,1 order
14456,3062.4,9,2908,3.1571134020618556,2011-07-20 13:06:00,2011-12-04 13:59:00,137,£1k-5k,5-9 orders
14457,113.64,1,88,28.41,2011-02-02 09:39:00,2011-02-02 09:39:00,0,£100-500,1 order
14459,1837.92,1,760,49.67351351351351,2011-07-07 13:35:00,2011-07-07 13:35:00,0,£1k-5k,1 order
14460,434.34,3,881,27.14625,2011-02-02 11:55:00,2011-08-21 14:19:00,200,£100-500,3-4 orders
14461,2103.06,3,766,11.683666666666666,2011-03-23 12:15:00,2011-07-14 17:11:00,113,£1k-5k,3-4 orders
14462,2004.02,11,964,8.350083333333334,2011-01-04 12:45:00,2011-10-04 15:55:00,273,£1k-5k,10-19 orders
14463,529.62,3,179,88.27,2011-05-18 14:42:00,2011-09-02 15:20:00,107,£500-1k,3-4 orders
14465,1058.6200000000001,3,405,8.14323076923077,2011-02-10 12:13:00,2011-04-07 12:38:00,56,£1k-5k,3-4 orders
14466,2272.4,7,1006,31.561111111111114,2010-12-02 13:36:00,2011-11-10 14:07:00,343,£1k-5k,5-9 orders
14467,598.76,4,278,6.652888888888889,2011-01-31 12:35:00,2011-11-22 12:48:00,295,£500-1k,3-4 orders
14470,461.19,2,193,10.725348837209303,2011-02-25 11:56:00,2011-11-28 10:31:00,275,£100-500,2 orders
14472,1936.84,8,1160,6.892669039145908,2010-12-19 14:03:00,2011-08-28 11:01:00,251,£1k-5k,5-9 orders
14473,234.34000000000003,2,88,33.47714285714286,2011-03-02 13:56:00,2011-09-26 15:10:00,208,£100-500,2 orders
14474,547.66,1,140,18.884827586206896,2011-10-24 13:26:00,2011-10-24 13:26:00,0,£500-1k,1 order
14475,925.85,3,447,22.04404761904762,2011-02-08 10:12:00,2011-09-29 10:46:00,233,£500-1k,3-4 orders
14476,215.7,1,132,11.352631578947367,2011-03-27 15:39:00,2011-03-27 15:39:00,0,£100-500,1 order
14477,1309.6,4,720,130.95999999999998,2011-02-15 15:44:00,2011-11-20 11:11:00,277,£1k-5k,3-4 orders
14479,316.25,2,117,17.569444444444443,2010-12-09 12:59:00,2011-03-31 09:07:00,111,£100-500,2 orders
14480,279.05,1,143,21.465384615384615,2011-11-28 16:35:00,2011-11-28 16:35:00,0,£100-500,1 order
14481,636.51,2,489,21.217,2011-02-25 13:53:00,2011-06-28 10:38:00,122,£500-1k,2 orders
14482,2068.15,6,1646,14.362152777777778,2011-04-14 16:41:00,2011-11-21 13:14:00,220,£1k-5k,5-9 orders
14483,137.1,1,97,15.233333333333333,2011-03-03 10:26:00,2011-03-03 10:26:00,0,£100-500,1 order
14484,321.92,1,210,22.994285714285716,2011-10-20 14:11:00,2011-10-20 14:11:00,0,£100-500,1 order
14485,165.75,1,71,3.526595744680851,2011-11-01 12:25:00,2011-11-01 12:25:00,0,£100-500,1 order
14487,1196.33,6,735,8.307847222222222,2010-12-06 13:22:00,2011-11-13 12:17:00,341,£1k-5k,5-9 orders
14488,1064.28,1,799,23.136521739130433,2011-10-03 09:30:00,2011-10-03 09:30:00,0,£1k-5k,1 order
14489,463.38,1,299,15.446,2011-05-16 14:51:00,2011-05-16 14:51:00,0,£100-500,1 order
14491,340.93,2,139,20.05470588235294,2010-12-02 12:10:00,2011-06-17 15:22:00,197,£100-500,2 orders
14493,2383.2400000000002,5,1285,19.860333333333337,2011-07-07 16:59:00,2011-12-02 16:14:00,147,£1k-5k,5-9 orders
14494,139.56,1,92,19.937142857142856,2011-11-14 09:21:00,2011-11-14 09:21:00,0,£100-500,1 order
14495,123.8,2,62,20.633333333333333,2011-08-10 14:13:00,2011-10-20 12:28:00,70,£100-500,2 orders
14496,538.8100000000001,2,159,28.35842105263158,2010-12-01 15:35:00,2011-02-01 09:01:00,61,£500-1k,2 orders
14497,475.37,1,235,16.392068965517243,2011-02-03 17:01:00,2011-02-03 17:01:00,0,£100-500,1 order
14498,1957.32,5,1098,10.141554404145078,2010-12-13 11:29:00,2011-10-28 12:09:00,319,£1k-5k,5-9 orders
14499,815.32,3,501,4.2026804123711345,2011-03-06 11:55:00,2011-11-13 13:01:00,252,£500-1k,3-4 orders
14500,356.85,3,117,50.978571428571435,2011-06-03 10:08:00,2011-09-12 16:45:00,101,£100-500,3-4 orders
14501,251.21,2,161,25.121000000000002,2011-01-24 10:43:00,2011-06-09 12:02:00,136,£100-500,2 orders
14502,2470.67,11,1498,3.9594070512820516,2011-01-30 15:52:00,2011-11-20 11:50:00,293,£1k-5k,10-19 orders
14503,3543.26,6,2004,21.605243902439025,2011-06-14 10:00:00,2011-12-06 13:30:00,175,£1k-5k,5-9 orders
14504,673.26,4,308,6.2921495327102805,2011-03-06 14:38:00,2011-10-23 16:00:00,231,£500-1k,3-4 orders
14505,5905.64,8,2759,7.391289111389237,2010-12-12 16:14:00,2011-11-22 15:45:00,344,£5k-10k,5-9 orders
14506,2012.17,5,730,6.367626582278481,2010-12-05 14:25:00,2011-11-22 13:02:00,351,£1k-5k,5-9 orders
14507,1383.18,6,600,14.408125,2011-03-08 17:23:00,2011-11-16 12:21:00,252,£1k-5k,5-9 orders
14508,276.42,2,131,4.849473684210526,2011-09-11 11:29:00,2011-11-17 19:48:00,67,£100-500,2 orders
14511,1314.81,5,784,19.33544117647059,2011-07-29 12:13:00,2011-11-28 17:05:00,122,£1k-5k,5-9 orders
14512,275.28,2,122,11.968695652173912,2011-04-21 19:05:00,2011-06-05 12:39:00,44,£100-500,2 orders
14513,455.59000000000003,3,361,37.965833333333336,2011-02-24 09:36:00,2011-08-31 11:25:00,188,£100-500,3-4 orders
14514,1055.35,3,589,14.456849315068492,2011-01-12 15:22:00,2011-10-09 16:05:00,270,£1k-5k,3-4 orders
14515,2102.09,6,1134,20.812772277227726,2011-05-05 12:13:00,2011-11-22 11:37:00,200,£1k-5k,5-9 orders
14517,330.45,2,91,18.358333333333334,2011-07-21 11:42:00,2011-11-06 14:20:00,108,£100-500,2 orders
14518,174.37,1,278,10.898125,2011-10-06 14:43:00,2011-10-06 14:43:00,0,£100-500,1 order
14520,270.6,2,146,67.65,2011-02-22 09:15:00,2011-12-08 09:46:00,289,£100-500,2 orders
14522,974.54,4,525,57.32588235294117,2011-05-25 16:01:00,2011-11-15 13:24:00,173,£500-1k,3-4 orders
14523,241.09,1,251,20.090833333333332,2011-08-23 13:13:00,2011-08-23 13:13:00,0,£100-500,1 order
14524,1867.68,9,676,9.20039408866995,2010-12-14 11:01:00,2011-11-08 12:29:00,329,£1k-5k,5-9 orders
14525,4332.2,9,2696,14.887285223367696,2010-12-13 17:40:00,2011-11-20 11:37:00,341,£1k-5k,5-9 orders
14527,8508.82,55,2089,8.753930041152262,2010-12-05 13:17:00,2011-12-07 12:19:00,366,£5k-10k,20+ orders
14528,364.21999999999997,1,278,20.234444444444442,2011-11-02 17:09:00,2011-11-02 17:09:00,0,£100-500,1 order
14529,620.04,3,348,2.707598253275109,2011-08-21 14:10:00,2011-10-10 15:27:00,50,£500-1k,3-4 orders
14530,2925.91,6,1410,13.54587962962963,2011-02-16 10:47:00,2011-11-14 10:38:00,270,£1k-5k,5-9 orders
14532,932.85,4,284,14.57578125,2010-12-22 13:48:00,2011-04-17 13:05:00,115,£500-1k,3-4 orders
14533,1949.72,7,4019,31.44709677419355,2010-12-22 11:07:00,2011-11-15 12:05:00,328,£1k-5k,5-9 orders
14534,4447.05,18,2047,8.56849710982659,2011-01-25 12:33:00,2011-12-07 12:19:00,315,£1k-5k,10-19 orders
14535,2864.19,3,1831,8.679363636363636,2011-04-05 12:50:00,2011-10-10 15:39:00,188,£1k-5k,3-4 orders
14536,171.8,1,40,9.042105263157895,2011-03-25 12:21:00,2011-03-25 12:21:00,0,£100-500,1 order
14537,355.56,1,120,35.556,2011-10-13 10:54:00,2011-10-13 10:54:00,0,£100-500,1 order
14538,388.25,2,155,20.43421052631579,2011-03-28 14:57:00,2011-10-06 10:31:00,191,£100-500,2 orders
14539,537.48,2,428,16.79625,2011-10-26 12:03:00,2011-11-24 09:50:00,28,£500-1k,2 orders
14540,996.26,3,421,13.108684210526315,2011-02-03 15:02:00,2011-11-30 10:15:00,299,£500-1k,3-4 orders
14541,1461.65,8,647,13.168018018018019,2011-01-24 14:16:00,2011-10-12 10:08:00,260,£1k-5k,5-9 orders
14542,103.25,1,19,20.65,2011-06-07 08:19:00,2011-06-07 08:19:00,0,£100-500,1 order
14543,3630.33,16,679,50.42125,2010-12-10 11:51:00,2011-11-11 12:45:00,336,£1k-5k,10-19 orders
14544,2024.45,2,1543,17.758333333333333,2010-12-13 12:50:00,2011-11-15 15:06:00,337,£1k-5k,2 orders
14546,2578.09,5,1317,6.4613784461152886,2011-04-05 12:37:00,2011-12-04 13:00:00,243,£1k-5k,5-9 orders
14547,4007.54,8,2668,10.949562841530055,2011-10-16 14:35:00,2011-12-06 11:06:00,50,£1k-5k,5-9 orders
14548,652.8,2,256,163.2,2011-01-26 08:38:00,2011-07-12 12:19:00,167,£500-1k,2 orders
14549,289.24,1,136,5.165,2011-02-01 13:47:00,2011-02-01 13:47:00,0,£100-500,1 order
14550,765.62,2,394,15.950416666666667,2011-10-26 12:14:00,2011-11-29 12:12:00,33,£500-1k,2 orders
14551,186.23,2,106,18.622999999999998,2011-05-19 18:21:00,2011-11-21 13:36:00,185,£100-500,2 orders
14552,165.07,1,91,2.8460344827586206,2011-07-11 12:49:00,2011-07-11 12:49:00,0,£100-500,1 order
14553,859.27,5,493,7.604159292035398,2011-01-04 15:40:00,2011-11-20 13:20:00,319,£500-1k,5-9 orders
14554,2381.04,4,1478,11.023333333333333,2011-10-18 13:04:00,2011-11-29 16:44:00,42,£1k-5k,3-4 orders
14555,324.14,2,130,15.435238095238095,2011-02-10 17:19:00,2011-10-13 16:24:00,244,£100-500,2 orders
14557,788.38,1,510,49.27375,2011-09-15 15:48:00,2011-09-15 15:48:00,0,£500-1k,1 order
14560,2237.77,22,1260,30.240135135135134,2010-12-17 09:22:00,2011-12-02 15:22:00,350,£1k-5k,20+ orders
14561,1080.76,3,1014,15.6631884057971,2011-06-08 13:26:00,2011-09-25 12:39:00,108,£1k-5k,3-4 orders
14562,5074.77,18,1834,11.997092198581562,2011-02-08 14:45:00,2011-12-06 11:05:00,300,£5k-10k,10-19 orders
14565,3099.12,4,1540,24.40251968503937,2010-12-13 13:25:00,2011-09-05 09:07:00,265,£1k-5k,3-4 orders
14566,1432.0,1,800,358.0,2011-08-21 11:05:00,2011-08-21 11:05:00,0,£1k-5k,1 order
14567,1530.3600000000001,2,412,46.374545454545455,2011-08-01 13:48:00,2011-10-14 10:21:00,73,£1k-5k,2 orders
14569,227.39,1,79,18.949166666666667,2011-12-08 14:58:00,2011-12-08 14:58:00,0,£100-500,1 order
14570,218.06,2,95,7.519310344827586,2011-03-04 10:39:00,2011-03-04 10:58:00,0,£100-500,2 orders
14572,2832.84,7,1428,10.492,2011-01-19 17:23:00,2011-12-06 14:40:00,320,£1k-5k,5-9 orders
14573,1653.42,9,544,7.035829787234043,2010-12-02 19:59:00,2011-06-13 11:15:00,192,£1k-5k,5-9 orders
14576,35.400000000000006,1,12,35.400000000000006,2010-12-02 17:51:00,2010-12-02 17:51:00,0,£0-100,1 order
14577,859.71,4,353,6.989512195121952,2010-12-12 11:26:00,2011-11-27 12:47:00,350,£500-1k,3-4 orders
14578,168.63,1,240,7.02625,2011-12-06 17:18:00,2011-12-06 17:18:00,0,£100-500,1 order
14581,138.6,1,217,8.152941176470588,2011-11-23 12:39:00,2011-11-23 12:39:00,0,£100-500,1 order
14582,114.11,1,73,19.018333333333334,2011-10-30 11:56:00,2011-10-30 11:56:00,0,£100-500,1 order
14583,1052.55,5,792,3.1895454545454545,2011-05-18 11:28:00,2011-12-04 12:32:00,200,£1k-5k,5-9 orders
14584,1042.26,4,383,10.4226,2011-05-25 17:31:00,2011-06-23 18:33:00,29,£1k-5k,3-4 orders
14585,157.05,1,91,5.415517241379311,2011-10-20 14:33:00,2011-10-20 14:33:00,0,£100-500,1 order
14586,237.36,1,444,12.49263157894737,2011-03-08 10:04:00,2011-03-08 10:04:00,0,£100-500,1 order
14587,1601.14,9,761,4.180522193211488,2011-01-12 13:16:00,2011-11-21 11:34:00,312,£1k-5k,5-9 orders
14589,39.75,1,5,13.25,2010-12-03 11:42:00,2010-12-03 11:42:00,0,£0-100,1 order
14591,1447.14,4,1297,7.345888324873097,2011-05-10 14:09:00,2011-11-24 13:57:00,197,£1k-5k,3-4 orders
14592,570.46,3,415,3.4784146341463416,2011-10-06 18:08:00,2011-11-04 16:35:00,28,£500-1k,3-4 orders
14593,617.99,3,332,4.065723684210527,2011-05-25 11:14:00,2011-11-18 12:48:00,177,£500-1k,3-4 orders
14594,379.83,2,185,7.166603773584906,2010-12-01 13:54:00,2011-12-02 13:28:00,365,£100-500,2 orders
14595,1740.6,6,978,17.06470588235294,2011-01-30 13:36:00,2011-11-20 12:12:00,293,£1k-5k,5-9 orders
14597,883.15,2,577,16.05727272727273,2011-06-01 12:33:00,2011-11-28 13:13:00,180,£500-1k,2 orders
14598,221.97,1,189,4.4394,2011-10-26 13:19:00,2011-10-26 13:19:00,0,£100-500,1 order
14600,393.33000000000004,1,125,15.733200000000002,2011-02-07 09:48:00,2011-02-07 09:48:00,0,£100-500,1 order
14601,213.96,1,168,30.565714285714286,2011-11-29 09:48:00,2011-11-29 09:48:00,0,£100-500,1 order
14603,660.0,1,400,330.0,2011-03-10 10:27:00,2011-03-10 10:27:00,0,£500-1k,1 order
14606,12156.65,93,6224,4.502462962962963,2010-12-01 16:57:00,2011-12-08 19:28:00,372,£10k+,20+ orders
14607,16569.5,14,11766,192.66860465116278,2011-03-23 15:22:00,2011-11-24 10:35:00,245,£10k+,10-19 orders
14608,1785.15,4,437,89.25750000000001,2010-12-12 14:49:00,2011-12-05 16:52:00,358,£1k-5k,3-4 orders
14609,601.56,4,7026,150.39,2011-02-16 12:10:00,2011-09-28 12:54:00,224,£500-1k,3-4 orders
14616,406.08000000000004,3,104,135.36,2011-01-26 12:42:00,2011-04-11 09:54:00,74,£100-500,3-4 orders
14618,553.44,3,264,34.59,2011-01-06 11:59:00,2011-11-30 13:45:00,328,£500-1k,3-4 orders
14619,394.44,1,152,19.722,2011-04-08 07:37:00,2011-04-08 07:37:00,0,£100-500,1 order
14620,412.78000000000003,2,214,15.876153846153848,2011-03-01 08:30:00,2011-05-18 11:58:00,78,£100-500,2 orders
14621,1788.3600000000001,5,993,19.438695652173916,2010-12-16 13:00:00,2011-12-08 16:22:00,357,£1k-5k,5-9 orders
14622,320.58000000000004,1,146,15.265714285714287,2011-06-08 12:42:00,2011-06-08 12:42:00,0,£100-500,1 order
14623,889.25,5,419,6.6361940298507465,2011-04-18 13:54:00,2011-11-07 13:56:00,203,£500-1k,5-9 orders
14624,225.85,2,162,17.373076923076923,2011-10-11 14:39:00,2011-10-13 13:44:00,1,£100-500,2 orders
14625,899.63,2,335,16.974150943396225,2010-12-13 15:36:00,2011-05-27 15:32:00,164,£500-1k,2 orders
14626,2791.27,4,1403,22.87926229508197,2011-04-20 13:18:00,2011-11-16 10:37:00,209,£1k-5k,3-4 orders
14628,671.96,2,272,27.998333333333335,2011-04-11 14:43:00,2011-09-09 14:58:00,151,£500-1k,2 orders
14629,959.01,2,380,6.309276315789473,2011-10-23 16:13:00,2011-12-05 16:55:00,43,£500-1k,2 orders
14631,1006.98,3,622,24.56048780487805,2011-02-14 09:31:00,2011-10-20 11:17:00,248,£1k-5k,3-4 orders
14632,114.56,1,96,14.32,2011-03-22 08:49:00,2011-03-22 08:49:00,0,£100-500,1 order
14633,344.90000000000003,1,96,17.245,2011-03-18 17:07:00,2011-03-18 17:07:00,0,£100-500,1 order
14636,609.85,2,241,21.780357142857145,2011-03-16 09:52:00,2011-11-03 16:12:00,232,£500-1k,2 orders
14638,443.6,1,166,27.725,2011-10-20 10:10:00,2011-10-20 10:10:00,0,£100-500,1 order
14639,2984.49,6,1431,17.351686046511627,2010-12-13 13:50:00,2011-10-18 15:06:00,309,£1k-5k,5-9 orders
14640,2125.08,6,886,20.047924528301888,2011-04-26 12:31:00,2011-11-15 13:07:00,203,£1k-5k,5-9 orders
14641,110.46,1,90,15.78,2011-11-18 10:42:00,2011-11-18 10:42:00,0,£100-500,1 order
14642,96.12,1,76,48.06,2011-10-12 11:08:00,2011-10-12 11:08:00,0,£0-100,1 order
14643,693.8100000000001,2,815,22.380967741935486,2010-12-16 17:53:00,2011-06-22 14:41:00,187,£500-1k,2 orders
14644,830.76,2,258,31.95230769230769,2011-02-14 14:14:00,2011-10-03 08:30:00,230,£500-1k,2 orders
14645,597.09,2,381,19.903000000000002,2011-03-09 09:52:00,2011-07-06 09:15:00,118,£500-1k,2 orders
14646,280206.02,73,196915,134.97399807321773,2010-12-20 10:09:00,2011-12-08 12:12:00,353,£10k+,20+ orders
14647,243.22,1,95,8.107333333333333,2011-05-22 13:40:00,2011-05-22 13:40:00,0,£100-500,1 order
14649,1417.29,4,1018,7.122060301507537,2011-05-11 14:37:00,2011-12-05 12:30:00,207,£1k-5k,3-4 orders
14651,654.6,2,344,6.41764705882353,2011-05-12 16:29:00,2011-10-03 15:52:00,143,£500-1k,2 orders
14652,114.18,1,53,3.937241379310345,2011-09-23 14:21:00,2011-09-23 14:21:00,0,£100-500,1 order
14653,1947.55,7,950,8.217510548523206,2011-01-05 13:40:00,2011-12-08 13:45:00,337,£1k-5k,5-9 orders
14655,1932.23,4,1089,39.43326530612245,2011-05-01 14:59:00,2011-12-01 16:28:00,214,£1k-5k,3-4 orders
14656,291.05,2,120,3.638125,2011-03-01 13:19:00,2011-06-23 13:51:00,114,£100-500,2 orders
14657,848.22,4,466,6.7319047619047625,2011-01-17 15:19:00,2011-11-22 12:47:00,308,£500-1k,3-4 orders
14658,247.15,2,47,8.522413793103448,2011-08-14 15:42:00,2011-12-04 15:35:00,111,£100-500,2 orders
14659,2529.93,9,1195,9.999723320158102,2011-01-28 12:43:00,2011-12-01 12:17:00,306,£1k-5k,5-9 orders
14660,285.74,2,228,9.524666666666667,2011-08-31 10:40:00,2011-09-14 11:34:00,14,£100-500,2 orders
14661,107.95,1,35,26.9875,2011-11-13 11:51:00,2011-11-13 11:51:00,0,£100-500,1 order
14662,771.17,4,602,4.590297619047619,2011-01-27 17:41:00,2011-11-11 12:13:00,287,£500-1k,3-4 orders
14664,637.89,2,466,6.443333333333333,2011-11-06 14:56:00,2011-11-20 10:59:00,13,£500-1k,2 orders
14665,1835.7,5,740,20.39666666666667,2011-02-02 09:08:00,2011-10-10 09:14:00,250,£1k-5k,5-9 orders
14666,195.25,1,161,13.946428571428571,2011-11-15 12:57:00,2011-11-15 12:57:00,0,£100-500,1 order
14667,9241.2,25,5385,16.127748691099477,2010-12-06 13:13:00,2011-11-29 11:30:00,357,£5k-10k,20+ orders
14669,1269.99,3,775,7.470529411764706,2011-01-11 12:30:00,2011-04-12 11:43:00,90,£1k-5k,3-4 orders
14670,411.53,2,337,3.1176515151515147,2011-03-04 13:58:00,2011-03-04 14:13:00,0,£100-500,2 orders
14672,765.55,2,454,12.549999999999999,2011-01-07 15:48:00,2011-04-19 10:19:00,101,£500-1k,2 orders
14673,1736.4,5,1004,23.464864864864865,2010-12-07 12:49:00,2011-12-06 14:31:00,364,£1k-5k,5-9 orders
14675,604.75,1,341,5.928921568627451,2011-11-23 12:58:00,2011-11-23 12:58:00,0,£500-1k,1 order
14676,2548.2400000000002,6,2500,60.672380952380955,2011-03-01 14:26:00,2011-11-08 13:29:00,251,£1k-5k,5-9 orders
14680,28754.11,16,13476,111.45003875968993,2010-12-03 12:05:00,2011-11-14 16:59:00,346,£10k+,10-19 orders
14681,498.95,3,76,71.27857142857142,2011-05-12 10:45:00,2011-09-29 15:52:00,140,£100-500,3-4 orders
14682,52.0,2,80,26.0,2011-05-22 12:51:00,2011-06-05 12:12:00,13,£0-100,2 orders
14684,1236.28,5,853,2.9365320665083137,2010-12-12 12:44:00,2011-11-14 11:33:00,336,£1k-5k,5-9 orders
14687,628.38,1,470,41.892,2011-08-25 11:59:00,2011-08-25 11:59:00,0,£500-1k,1 order
14688,5630.87,21,3621,17.219785932721713,2010-12-01 09:37:00,2011-12-02 12:26:00,366,£5k-10k,20+ orders
14689,112.8,1,76,8.676923076923076,2011-05-15 11:22:00,2011-05-15 11:22:00,0,£100-500,1 order
14690,371.7,2,170,7.434,2011-07-11 11:58:00,2011-10-26 15:39:00,107,£100-500,2 orders
14691,2114.33,5,707,29.779295774647885,2011-05-11 09:55:00,2011-11-09 12:30:00,182,£1k-5k,5-9 orders
14692,591.55,4,265,8.699264705882353,2011-01-21 13:47:00,2011-07-25 15:08:00,185,£500-1k,3-4 orders
14693,172.9,1,34,21.6125,2011-03-20 12:50:00,2011-03-20 12:50:00,0,£100-500,1 order
14696,2078.95,7,1630,15.991923076923076,2010-12-01 15:37:00,2011-12-05 13:43:00,368,£1k-5k,5-9 orders
14697,188.60999999999999,2,181,8.573181818181817,2011-05-05 15:29:00,2011-05-05 15:39:00,0,£100-500,2 orders
14698,1250.76,5,615,5.9559999999999995,2011-10-19 12:54:00,2011-12-08 12:26:00,49,£1k-5k,5-9 orders
14699,109.13000000000001,1,77,13.641250000000001,2011-05-09 14:54:00,2011-05-09 14:54:00,0,£100-500,1 order
14700,2235.3,3,1342,19.437391304347827,2011-04-15 13:16:00,2011-11-07 14:40:00,206,£1k-5k,3-4 orders
14701,2549.37,9,932,7.610059701492537,2011-01-27 12:40:00,2011-11-29 12:38:00,305,£1k-5k,5-9 orders
14702,3292.14,17,1454,9.487435158501441,2010-12-09 19:23:00,2011-12-08 19:29:00,364,£1k-5k,10-19 orders
14703,318.17,1,183,14.462272727272728,2011-11-25 09:23:00,2011-11-25 09:23:00,0,£100-500,1 order
14704,1546.91,9,1082,3.7274939759036148,2011-06-12 13:59:00,2011-11-28 12:51:00,168,£1k-5k,5-9 orders
14705,179.0,1,100,179.0,2011-05-25 12:39:00,2011-05-25 12:39:00,0,£100-500,1 order
14708,1126.37,3,621,40.2275,2010-12-06 12:23:00,2011-12-07 08:21:00,365,£1k-5k,3-4 orders
14709,4921.04,13,2484,25.10734693877551,2010-12-16 13:43:00,2011-11-24 15:41:00,343,£1k-5k,10-19 orders
14710,606.13,4,378,4.360647482014389,2011-10-11 13:49:00,2011-11-25 14:53:00,45,£500-1k,3-4 orders
14711,2868.8,11,978,8.035854341736695,2011-03-22 13:32:00,2011-11-29 14:58:00,252,£1k-5k,10-19 orders
14712,917.07,3,315,36.6828,2011-08-19 13:33:00,2011-11-10 12:59:00,82,£500-1k,3-4 orders
14713,2666.36,11,1615,7.865368731563422,2010-12-09 18:58:00,2011-11-30 16:26:00,355,£1k-5k,10-19 orders
14714,160.19,1,229,16.019,2011-11-15 13:07:00,2011-11-15 13:07:00,0,£100-500,1 order
14715,867.38,4,521,12.21661971830986,2011-01-12 13:27:00,2011-11-15 12:10:00,306,£500-1k,3-4 orders
14716,329.68,2,604,5.9941818181818185,2011-07-14 12:42:00,2011-10-27 17:29:00,105,£100-500,2 orders
14719,1602.13,5,1032,6.7600421940928275,2011-04-04 14:17:00,2011-12-08 12:43:00,247,£1k-5k,5-9 orders
14720,663.81,3,219,17.94081081081081,2011-08-05 12:06:00,2011-12-04 12:02:00,120,£500-1k,3-4 orders
14722,187.92000000000002,1,120,6.48,2011-07-15 14:58:00,2011-07-15 14:58:00,0,£100-500,1 order
14723,1158.3,6,695,4.1665467625899275,2010-12-03 14:18:00,2011-11-29 15:23:00,361,£1k-5k,5-9 orders
14725,718.08,1,593,13.80923076923077,2011-11-15 12:42:00,2011-11-15 12:42:00,0,£500-1k,1 order
14727,268.58,1,62,26.857999999999997,2011-03-10 14:45:00,2011-03-10 14:45:00,0,£100-500,1 order
14729,313.49,1,197,4.415352112676056,2010-12-01 12:43:00,2010-12-01 12:43:00,0,£100-500,1 order
14730,2005.06,8,1132,4.0021157684630735,2011-03-08 12:49:00,2011-12-08 14:39:00,275,£1k-5k,5-9 orders
14731,380.02,3,256,8.444888888888888,2011-05-11 13:06:00,2011-10-23 15:54:00,165,£100-500,3-4 orders
14732,2702.4900000000002,8,1405,18.384285714285717,2011-01-04 14:40:00,2011-12-01 14:34:00,330,£1k-5k,5-9 orders
14733,9585.91,12,3764,47.455,2010-12-07 11:30:00,2011-11-23 15:39:00,351,£5k-10k,10-19 orders
14735,6065.69,32,2264,31.26644329896907,2010-12-16 16:05:00,2011-12-06 12:09:00,354,£5k-10k,20+ orders
14737,1164.55,3,345,68.50294117647059,2010-12-21 13:49:00,2011-12-06 10:16:00,349,£1k-5k,3-4 orders
14738,1314.45,7,601,24.34166666666667,2011-01-27 14:10:00,2011-10-28 08:56:00,273,£1k-5k,5-9 orders
14739,3902.28,7,3820,65.038,2010-12-07 14:58:00,2011-12-05 16:54:00,363,£1k-5k,5-9 orders
14740,1448.21,3,735,16.272022471910113,2011-03-01 08:35:00,2011-05-26 18:17:00,86,£1k-5k,3-4 orders
14741,1400.34,6,841,23.73457627118644,2010-12-02 08:43:00,2011-11-28 08:48:00,361,£1k-5k,5-9 orders
14744,1099.98,7,627,42.30692307692308,2010-12-08 10:21:00,2011-11-23 12:51:00,350,£1k-5k,5-9 orders
14745,1220.26,5,1038,17.684927536231886,2011-02-27 15:25:00,2011-08-19 10:05:00,172,£1k-5k,5-9 orders
14747,328.2,1,84,18.233333333333334,2011-04-04 14:09:00,2011-04-04 14:09:00,0,£100-500,1 order
14748,1415.75,5,1223,15.907303370786517,2010-12-06 10:19:00,2011-11-10 18:33:00,339,£1k-5k,5-9 orders
14752,389.64,1,260,77.928,2011-10-27 11:55:00,2011-10-27 11:55:00,0,£100-500,1 order
14753,563.15,1,211,18.771666666666665,2011-09-13 14:50:00,2011-09-13 14:50:00,0,£500-1k,1 order
14754,638.05,2,486,15.562195121951218,2011-02-17 12:21:00,2011-10-26 12:01:00,250,£500-1k,2 orders
14755,5010.28,11,2219,21.320340425531914,2011-01-09 14:02:00,2011-11-30 11:24:00,324,£5k-10k,10-19 orders
14756,738.96,1,416,19.446315789473687,2011-11-24 18:13:00,2011-11-24 18:13:00,0,£500-1k,1 order
14757,420.5,1,160,22.13157894736842,2011-09-25 14:36:00,2011-09-25 14:36:00,0,£100-500,1 order
14758,1484.06,4,419,20.90225352112676,2011-03-25 12:10:00,2011-07-18 08:21:00,114,£1k-5k,3-4 orders
14759,1625.97,3,569,15.940882352941177,2011-04-21 10:55:00,2011-12-05 12:03:00,228,£1k-5k,3-4 orders
14760,89.2,1,40,17.84,2011-02-15 16:27:00,2011-02-15 16:27:00,0,£0-100,1 order
14761,255.9,2,118,23.263636363636365,2011-01-09 12:03:00,2011-10-12 12:10:00,276,£100-500,2 orders
14762,300.52,1,341,14.310476190476189,2011-03-21 08:20:00,2011-03-21 08:20:00,0,£100-500,1 order
14764,278.3,1,190,46.38333333333333,2011-10-24 11:54:00,2011-10-24 11:54:00,0,£100-500,1 order
14765,254.11,3,135,6.515641025641026,2011-06-16 19:49:00,2011-11-10 19:53:00,147,£100-500,3-4 orders
14766,2473.37,6,1349,18.321259259259257,2010-12-08 15:33:00,2011-12-01 16:05:00,358,£1k-5k,5-9 orders
14768,192.60000000000002,2,52,38.52,2011-08-04 13:25:00,2011-11-22 12:54:00,109,£100-500,2 orders
14769,10674.75,8,7436,9.79334862385321,2010-12-17 11:40:00,2011-12-07 10:24:00,354,£10k+,5-9 orders
14770,876.42,2,490,16.854230769230767,2011-01-20 15:00:00,2011-04-21 14:21:00,90,£500-1k,2 orders
14772,139.26,1,82,15.473333333333333,2011-08-19 15:04:00,2011-08-19 15:04:00,0,£100-500,1 order
14775,1011.9,3,1174,16.865,2010-12-02 16:38:00,2011-10-12 15:27:00,313,£1k-5k,3-4 orders
14776,2538.3,11,3134,21.694871794871798,2011-01-31 13:17:00,2011-10-19 15:34:00,261,£1k-5k,10-19 orders
14778,730.86,2,306,20.881714285714285,2011-02-04 11:43:00,2011-08-04 15:23:00,181,£500-1k,2 orders
14779,386.15,3,84,9.418292682926829,2011-01-20 12:04:00,2011-03-04 12:42:00,43,£100-500,3-4 orders
14780,447.68,2,310,16.58074074074074,2011-09-21 15:15:00,2011-10-16 12:46:00,24,£100-500,2 orders
14782,200.10000000000002,1,114,33.35,2011-01-24 11:12:00,2011-01-24 11:12:00,0,£100-500,1 order
14784,289.99,2,237,19.332666666666668,2011-01-20 09:25:00,2011-11-13 13:30:00,297,£100-500,2 orders
14785,77.4,2,84,25.8,2011-11-24 13:40:00,2011-11-29 13:21:00,4,£0-100,2 orders
14788,679.4399999999999,2,421,22.648,2011-11-13 15:52:00,2011-12-02 17:06:00,19,£500-1k,2 orders
14789,197.64,1,116,32.94,2011-11-11 08:59:00,2011-11-11 08:59:00,0,£100-500,1 order
14790,745.06,4,699,16.19695652173913,2011-03-31 11:49:00,2011-11-23 09:28:00,236,£500-1k,3-4 orders
14792,6.2,1,2,3.1,2011-10-07 09:19:00,2011-10-07 09:19:00,0,£0-100,1 order
14793,228.99,1,91,16.356428571428573,2011-11-18 14:50:00,2011-11-18 14:50:00,0,£100-500,1 order
14794,1319.91,7,673,16.498875,2011-01-09 16:11:00,2011-12-07 10:11:00,331,£1k-5k,5-9 orders
14795,131.45000000000002,1,17,21.908333333333335,2011-06-26 13:04:00,2011-06-26 13:04:00,0,£100-500,1 order
14796,8022.49,17,6025,7.031104294478528,2010-12-08 10:40:00,2011-12-08 15:31:00,365,£5k-10k,10-19 orders
14798,173.74,3,150,14.478333333333333,2011-02-02 15:26:00,2011-10-18 10:58:00,257,£100-500,3-4 orders
14799,157.7,1,146,12.13076923076923,2011-10-19 16:16:00,2011-10-19 16:16:00,0,£100-500,1 order
14800,4339.74,12,3655,11.272051948051947,2010-12-05 11:10:00,2011-10-23 12:46:00,322,£1k-5k,10-19 orders
14801,193.14,1,175,3.273559322033898,2011-10-09 15:24:00,2011-10-09 15:24:00,0,£100-500,1 order
14803,845.55,3,370,19.217045454545453,2011-02-20 13:21:00,2011-06-30 13:58:00,130,£500-1k,3-4 orders
14804,353.27,1,121,29.439166666666665,2011-12-01 11:20:00,2011-12-01 11:20:00,0,£100-500,1 order
14805,554.65,4,115,11.801063829787234,2011-01-30 10:43:00,2011-11-24 16:20:00,298,£500-1k,3-4 orders
14806,193.39000000000001,1,330,17.580909090909092,2011-09-25 15:32:00,2011-09-25 15:32:00,0,£100-500,1 order
14808,2741.17,8,2147,11.664553191489363,2011-06-20 12:53:00,2011-10-31 12:21:00,132,£1k-5k,5-9 orders
14810,2087.88,11,1016,8.187764705882353,2010-12-05 12:08:00,2011-10-30 11:19:00,328,£1k-5k,10-19 orders
14813,155.43,2,67,5.181,2010-12-05 11:54:00,2010-12-05 11:57:00,0,£100-500,2 orders
14815,778.5,2,744,14.68867924528302,2011-10-03 11:36:00,2011-11-03 11:36:00,31,£500-1k,2 orders
14816,271.85,1,5,67.9625,2011-05-26 13:16:00,2011-05-26 13:16:00,0,£100-500,1 order
14817,1110.34,2,655,17.624444444444443,2011-03-07 13:51:00,2011-05-23 13:35:00,76,£1k-5k,2 orders
14818,657.8,3,324,13.704166666666666,2011-03-31 12:28:00,2011-09-27 11:01:00,179,£500-1k,3-4 orders
14819,272.07,2,109,20.928461538461537,2011-05-31 13:50:00,2011-10-06 13:41:00,127,£100-500,2 orders
14820,507.29,4,253,17.492758620689656,2011-06-19 14:56:00,2011-11-18 15:41:00,152,£500-1k,3-4 orders
14821,48.800000000000004,1,20,24.400000000000002,2010-12-08 08:43:00,2010-12-08 08:43:00,0,£0-100,1 order
14823,321.43,3,88,4.591857142857143,2011-05-29 12:48:00,2011-06-12 13:12:00,14,£100-500,3-4 orders
14824,1127.71,4,525,38.88655172413793,2011-09-09 14:12:00,2011-11-29 14:20:00,81,£1k-5k,3-4 orders
14825,2226.91,12,991,18.404214876033056,2010-12-06 12:30:00,2011-12-06 11:38:00,364,£1k-5k,10-19 orders
14828,2139.76,3,2172,125.86823529411765,2011-01-07 09:50:00,2011-05-27 10:16:00,140,£1k-5k,3-4 orders
14829,697.55,4,452,16.60833333333333,2010-12-02 16:12:00,2011-11-10 16:16:00,343,£500-1k,3-4 orders
14830,197.13,1,169,4.92825,2011-10-17 14:29:00,2011-10-17 14:29:00,0,£100-500,1 order
14834,1720.3,6,734,25.676119402985073,2011-04-13 15:00:00,2011-11-22 10:30:00,222,£1k-5k,5-9 orders
14836,102.44999999999999,3,45,17.075,2011-11-09 13:26:00,2011-11-29 16:45:00,20,£100-500,3-4 orders
14837,1649.5,4,1436,15.273148148148149,2011-05-22 12:49:00,2011-09-11 10:58:00,111,£1k-5k,3-4 orders
14840,62.85,1,31,15.7125,2011-03-17 12:00:00,2011-03-17 12:00:00,0,£0-100,1 order
14841,3295.76,6,1778,23.88231884057971,2010-12-16 10:28:00,2011-10-17 15:03:00,305,£1k-5k,5-9 orders
14842,2824.69,4,1166,19.480620689655172,2011-02-04 15:32:00,2011-10-27 12:37:00,264,£1k-5k,3-4 orders
14844,3189.81,4,1833,24.537,2011-04-12 13:10:00,2011-10-07 10:41:00,177,£1k-5k,3-4 orders
14847,309.4,1,120,23.799999999999997,2011-07-14 10:52:00,2011-07-14 10:52:00,0,£100-500,1 order
14849,7930.54,25,5694,20.439536082474227,2010-12-01 12:22:00,2011-11-18 10:58:00,351,£5k-10k,20+ orders
14850,325.75,1,293,15.511904761904763,2011-02-01 11:21:00,2011-02-01 11:21:00,0,£100-500,1 order
14851,511.35,2,325,18.2625,2011-03-28 14:59:00,2011-11-16 14:20:00,232,£500-1k,2 orders
14852,2836.69,6,1747,19.83699300699301,2011-04-01 13:22:00,2011-10-12 13:20:00,193,£1k-5k,5-9 orders
14853,475.8,2,82,52.86666666666667,2011-05-12 15:17:00,2011-11-15 16:56:00,187,£100-500,2 orders
14854,2759.83,7,1832,21.730944881889762,2011-03-10 12:22:00,2011-09-22 17:00:00,196,£1k-5k,5-9 orders
14855,645.65,2,267,32.2825,2011-07-28 12:06:00,2011-08-12 14:02:00,15,£500-1k,2 orders
14856,1311.3799999999999,3,714,19.869393939393937,2011-10-14 09:35:00,2011-11-03 14:53:00,20,£1k-5k,3-4 orders
14857,1173.12,2,464,19.552,2011-07-14 15:03:00,2011-10-11 09:23:00,88,£1k-5k,2 orders
14859,1353.74,4,671,23.340344827586208,2011-05-19 14:42:00,2011-11-27 11:18:00,191,£1k-5k,3-4 orders
14860,170.32,1,232,15.483636363636363,2011-11-20 14:17:00,2011-11-20 14:17:00,0,£100-500,1 order
14861,125.79,1,117,20.965,2011-10-18 12:54:00,2011-10-18 12:54:00,0,£100-500,1 order
14862,841.1999999999999,2,772,17.525,2011-07-14 11:20:00,2011-11-14 10:01:00,122,£500-1k,2 orders
14863,266.76,1,132,24.25090909090909,2011-11-10 15:04:00,2011-11-10 15:04:00,0,£100-500,1 order
14865,52.2,2,108,13.05,2010-12-02 18:23:00,2011-12-02 16:25:00,364,£0-100,2 orders
14866,14389.9,12,6752,145.35252525252525,2010-12-08 14:58:00,2011-11-29 11:45:00,355,£10k+,10-19 orders
14867,710.28,3,328,19.73,2011-01-07 16:34:00,2011-06-07 11:39:00,150,£500-1k,3-4 orders
14868,2953.59,8,1405,20.511041666666667,2011-04-20 13:36:00,2011-12-06 14:49:00,230,£1k-5k,5-9 orders
14869,725.7,2,550,10.221126760563381,2011-08-28 16:09:00,2011-12-01 12:36:00,94,£500-1k,2 orders
14870,327.25,1,119,25.173076923076923,2011-03-23 10:51:00,2011-03-23 10:51:00,0,£100-500,1 order
14871,522.38,4,185,5.330408163265306,2010-12-14 12:18:00,2011-12-06 13:42:00,357,£500-1k,3-4 orders
14873,519.68,1,168,18.56,2011-05-13 13:52:00,2011-05-13 13:52:00,0,£500-1k,1 order
14875,1465.3200000000002,2,558,31.17702127659575,2011-03-22 11:53:00,2011-08-24 12:20:00,155,£1k-5k,2 orders
14878,1485.54,9,802,11.980161290322581,2010-12-16 12:11:00,2011-11-27 11:15:00,345,£1k-5k,5-9 orders
14880,706.19,3,373,15.025319148936171,2011-02-24 12:27:00,2011-09-23 13:42:00,211,£500-1k,3-4 orders
14881,255.4,1,316,15.023529411764706,2011-11-20 11:06:00,2011-11-20 11:06:00,0,£100-500,1 order
14882,589.7,2,158,53.60909090909092,2011-11-06 10:15:00,2011-11-13 12:47:00,7,£500-1k,2 orders
14883,761.59,6,790,14.369622641509434,2011-05-12 09:49:00,2011-11-21 10:23:00,193,£500-1k,5-9 orders
14885,765.3199999999999,1,724,51.02133333333333,2011-07-31 12:05:00,2011-07-31 12:05:00,0,£500-1k,1 order
14886,364.8,1,160,20.266666666666666,2011-04-01 08:56:00,2011-04-01 08:56:00,0,£100-500,1 order
14887,1862.0,1,1100,310.3333333333333,2011-09-21 15:32:00,2011-09-21 15:32:00,0,£1k-5k,1 order
14888,369.2,1,184,18.46,2011-05-16 14:58:00,2011-05-16 14:58:00,0,£100-500,1 order
14889,135.9,1,90,13.59,2011-01-07 15:19:00,2011-01-07 15:19:00,0,£100-500,1 order
14890,125.65,1,51,17.95,2011-03-31 11:57:00,2011-03-31 11:57:00,0,£100-500,1 order
14891,554.38,2,505,16.79939393939394,2011-06-05 10:58:00,2011-07-14 18:08:00,39,£500-1k,2 orders
14893,1237.8500000000001,2,799,16.956849315068496,2011-11-28 10:49:00,2011-11-30 12:31:00,2,£1k-5k,2 orders
14894,655.75,1,265,28.51086956521739,2011-09-15 13:51:00,2011-09-15 13:51:00,0,£500-1k,1 order
14895,11138.710000000001,20,4851,22.366887550200804,2011-02-22 13:08:00,2011-12-02 09:23:00,282,£10k+,20+ orders
14896,468.77000000000004,2,279,10.901627906976746,2010-12-09 12:24:00,2011-05-19 10:20:00,160,£100-500,2 orders
14897,1366.38,4,468,24.84327272727273,2011-02-16 08:37:00,2011-12-02 10:32:00,289,£1k-5k,3-4 orders
14898,1303.52,6,1020,11.237241379310344,2010-12-03 15:25:00,2011-11-16 14:54:00,347,£1k-5k,5-9 orders
14901,1421.29,9,661,14.805104166666666,2010-12-02 11:20:00,2011-11-28 17:09:00,361,£1k-5k,5-9 orders
14902,332.66,1,218,16.633000000000003,2011-11-14 10:34:00,2011-11-14 10:34:00,0,£100-500,1 order
14903,2810.63,5,1536,7.917267605633803,2011-03-06 11:50:00,2011-11-18 16:07:00,257,£1k-5k,5-9 orders
14904,1025.44,2,1985,14.86144927536232,2011-11-14 09:13:00,2011-12-07 12:55:00,23,£1k-5k,2 orders
14905,616.15,2,287,36.24411764705882,2011-04-20 10:48:00,2011-07-05 12:41:00,76,£500-1k,2 orders
14907,3501.1,7,1691,21.21878787878788,2010-12-07 10:14:00,2011-12-06 14:14:00,364,£1k-5k,5-9 orders
14908,277.8,1,132,30.866666666666667,2011-09-26 12:56:00,2011-09-26 12:56:00,0,£100-500,1 order
14910,434.35,4,238,14.478333333333333,2011-10-16 11:06:00,2011-12-07 10:06:00,51,£100-500,3-4 orders
14911,143825.06,201,80265,25.343622907488985,2010-12-01 14:05:00,2011-12-08 15:54:00,372,£10k+,20+ orders
14912,867.85,2,971,32.14259259259259,2011-04-07 11:06:00,2011-11-23 09:20:00,229,£500-1k,2 orders
14913,1227.43,4,1743,14.108390804597702,2010-12-15 14:35:00,2011-11-04 08:29:00,323,£1k-5k,3-4 orders
14915,307.48,2,112,25.623333333333335,2011-03-07 09:39:00,2011-09-09 13:34:00,186,£100-500,2 orders
14916,1268.98,4,1136,16.48025974025974,2011-01-19 15:30:00,2011-09-30 09:20:00,253,£1k-5k,3-4 orders
14918,1610.15,2,675,35.781111111111116,2011-07-08 12:50:00,2011-08-16 11:50:00,38,£1k-5k,2 orders
14920,977.77,2,509,17.153859649122808,2011-05-11 10:31:00,2011-05-11 10:32:00,0,£500-1k,2 orders
14921,1316.07,2,953,16.872692307692308,2011-05-22 12:51:00,2011-11-09 13:17:00,171,£1k-5k,2 orders
14923,749.1,1,418,17.025000000000002,2011-10-20 11:51:00,2011-10-20 11:51:00,0,£500-1k,1 order
14924,310.05,1,64,31.005000000000003,2011-04-08 09:25:00,2011-04-08 09:25:00,0,£100-500,1 order
14929,223.88,1,136,20.35272727272727,2011-11-07 17:21:00,2011-11-07 17:21:00,0,£100-500,1 order
14930,2372.86,3,1166,18.53796875,2011-03-10 14:42:00,2011-08-23 10:31:00,165,£1k-5k,3-4 orders
14931,1257.68,5,417,30.675121951219513,2011-04-13 09:32:00,2011-12-05 10:19:00,236,£1k-5k,5-9 orders
14932,363.53,1,80,21.384117647058822,2010-12-09 11:48:00,2010-12-09 11:48:00,0,£100-500,1 order
14934,1890.94,2,1042,21.734942528735633,2011-03-02 11:48:00,2011-09-19 10:10:00,200,£1k-5k,2 orders
14935,1784.71,1,935,178.471,2011-02-15 14:44:00,2011-02-15 14:44:00,0,£1k-5k,1 order
14936,8137.02,8,4085,22.35445054945055,2011-03-09 11:53:00,2011-11-06 10:30:00,241,£5k-10k,5-9 orders
14937,1621.88,3,484,47.70235294117647,2011-08-01 14:16:00,2011-10-14 12:29:00,73,£1k-5k,3-4 orders
14944,5900.25,12,2815,34.707352941176474,2011-02-16 12:47:00,2011-11-10 09:10:00,266,£5k-10k,10-19 orders
14946,100.9,1,22,33.63333333333333,2011-11-25 13:33:00,2011-11-25 13:33:00,0,£100-500,1 order
14947,290.82,2,179,20.77285714285714,2011-08-01 09:31:00,2011-09-28 15:48:00,58,£100-500,2 orders
14948,1101.97,6,673,17.491587301587302,2011-05-04 14:52:00,2011-11-16 17:16:00,196,£1k-5k,5-9 orders
14950,371.2,1,136,19.53684210526316,2011-11-20 13:48:00,2011-11-20 13:48:00,0,£100-500,1 order
14951,311.69,1,311,15.5845,2011-09-21 15:15:00,2011-09-21 15:15:00,0,£100-500,1 order
14952,8099.49,11,3355,58.69195652173913,2010-12-10 12:48:00,2011-10-11 10:33:00,304,£5k-10k,10-19 orders
14953,289.82,1,225,5.269454545454545,2011-11-14 14:59:00,2011-11-14 14:59:00,0,£100-500,1 order
14954,336.17,1,127,3.9549411764705886,2011-11-27 14:30:00,2011-11-27 14:30:00,0,£100-500,1 order
14957,58.49,1,34,4.8741666666666665,2011-03-31 17:59:00,2011-03-31 17:59:00,0,£0-100,1 order
14958,499.68,3,129,11.897142857142857,2011-04-08 11:28:00,2011-07-15 14:20:00,98,£100-500,3-4 orders
14959,695.42,4,494,11.786779661016949,2011-02-16 13:00:00,2011-10-06 18:23:00,232,£500-1k,3-4 orders
14960,221.27,2,221,8.195185185185185,2011-06-21 13:38:00,2011-12-01 12:54:00,162,£100-500,2 orders
14961,7044.68,9,3708,22.579102564102566,2010-12-14 11:38:00,2011-11-29 09:42:00,349,£5k-10k,5-9 orders
14962,126.7,1,44,25.34,2011-03-14 09:42:00,2011-03-14 09:42:00,0,£100-500,1 order
14963,1487.8,5,1176,7.514141414141414,2011-06-09 12:30:00,2011-11-30 12:16:00,173,£1k-5k,5-9 orders
14964,206.21,1,143,15.862307692307693,2011-04-06 14:13:00,2011-04-06 14:13:00,0,£100-500,1 order
14965,599.0,2,365,7.216867469879518,2011-09-04 13:15:00,2011-09-04 13:20:00,0,£500-1k,2 orders
14966,191.32,1,187,5.034736842105263,2011-11-25 12:20:00,2011-11-25 12:20:00,0,£100-500,1 order
14967,463.8,1,140,77.3,2011-10-21 11:06:00,2011-10-21 11:06:00,0,£100-500,1 order
14968,147.59,1,127,3.988918918918919,2011-11-09 13:58:00,2011-11-09 13:58:00,0,£100-500,1 order
14970,1592.06,4,250,46.825294117647054,2011-01-27 12:23:00,2011-10-02 13:44:00,248,£1k-5k,3-4 orders
14971,1116.57,3,644,6.9785625,2011-10-27 13:33:00,2011-11-04 17:07:00,8,£1k-5k,3-4 orders
14972,114.77,1,28,6.376111111111111,2011-08-03 14:54:00,2011-08-03 14:54:00,0,£100-500,1 order
14973,1314.45,3,369,41.0765625,2011-04-28 12:22:00,2011-08-24 15:51:00,118,£1k-5k,3-4 orders
14974,114.39,1,44,5.4471428571428575,2011-11-02 13:01:00,2011-11-02 13:01:00,0,£100-500,1 order
14975,279.94,1,380,25.44909090909091,2011-10-13 14:08:00,2011-10-13 14:08:00,0,£100-500,1 order
14976,790.86,7,234,10.984166666666667,2011-01-17 11:09:00,2011-10-13 16:37:00,269,£500-1k,5-9 orders
14978,1931.42,5,525,8.941759259259259,2011-01-13 12:03:00,2011-09-28 13:07:00,258,£1k-5k,5-9 orders
14981,102.12,1,97,12.765,2011-04-07 13:45:00,2011-04-07 13:45:00,0,£100-500,1 order
14984,213.27,2,60,5.201707317073171,2011-06-12 11:04:00,2011-11-20 14:28:00,161,£100-500,2 orders
14985,296.75,2,260,3.410919540229885,2010-12-16 19:51:00,2011-05-25 14:29:00,159,£100-500,2 orders
14987,326.4,2,128,81.6,2010-12-09 12:13:00,2011-11-24 09:59:00,349,£100-500,2 orders
14988,334.54,1,141,8.3635,2011-05-12 12:05:00,2011-05-12 12:05:00,0,£100-500,1 order
14995,233.23000000000002,2,103,3.82344262295082,2011-03-04 13:14:00,2011-11-01 11:39:00,241,£100-500,2 orders
14997,546.1999999999999,3,1120,21.007692307692306,2011-06-14 16:52:00,2011-10-24 13:28:00,131,£500-1k,3-4 orders
14998,429.87,2,270,5.7316,2011-04-12 16:28:00,2011-06-22 17:30:00,71,£100-500,2 orders
15000,490.52,1,218,6.37038961038961,2011-10-23 11:42:00,2011-10-23 11:42:00,0,£100-500,1 order
15002,1641.76,4,862,14.276173913043479,2010-12-07 13:16:00,2011-08-16 10:44:00,251,£1k-5k,3-4 orders
15004,1246.32,1,630,7.888101265822784,2011-07-15 14:05:00,2011-07-15 14:05:00,0,£1k-5k,1 order
15005,6316.57,28,4247,5.6448346738159065,2010-12-08 14:36:00,2011-11-24 12:25:00,350,£5k-10k,20+ orders
15006,502.09,1,302,3.486736111111111,2011-10-19 15:08:00,2011-10-19 15:08:00,0,£500-1k,1 order
15007,156.91,1,69,13.075833333333334,2011-07-03 16:00:00,2011-07-03 16:00:00,0,£100-500,1 order
15009,1261.78,3,642,6.932857142857142,2011-11-14 17:40:00,2011-11-27 13:35:00,12,£1k-5k,3-4 orders
15010,308.94,1,184,15.447,2011-11-04 12:42:00,2011-11-04 12:42:00,0,£100-500,1 order
15012,423.04,2,231,3.305,2010-12-01 12:49:00,2011-10-17 12:22:00,319,£100-500,2 orders
15014,260.17,2,151,7.433428571428572,2011-06-16 19:40:00,2011-10-27 20:07:00,133,£100-500,2 orders
15016,170.04,1,76,8.501999999999999,2011-06-20 12:06:00,2011-06-20 12:06:00,0,£100-500,1 order
15017,125.58,1,63,6.279,2011-11-06 10:33:00,2011-11-06 10:33:00,0,£100-500,1 order
15018,496.21000000000004,3,189,16.006774193548388,2010-12-07 10:47:00,2011-11-01 12:47:00,329,£100-500,3-4 orders
15019,266.0,1,159,3.8,2011-03-18 12:35:00,2011-03-18 12:35:00,0,£100-500,1 order
15021,1914.82,9,847,4.056822033898305,2010-12-08 12:17:00,2011-12-01 11:53:00,357,£1k-5k,5-9 orders
15022,905.04,4,543,6.704,2011-10-23 15:47:00,2011-11-28 12:35:00,35,£500-1k,3-4 orders
15023,6802.76,11,2871,12.104555160142349,2010-12-05 13:49:00,2011-12-06 17:23:00,366,£5k-10k,10-19 orders
15024,1661.33,10,920,10.718258064516128,2010-12-07 13:20:00,2011-11-30 12:06:00,357,£1k-5k,10-19 orders
15025,377.01,1,189,5.23625,2011-11-06 15:20:00,2011-11-06 15:20:00,0,£100-500,1 order
15026,469.0,3,285,7.688524590163935,2011-03-07 13:45:00,2011-09-20 13:52:00,197,£100-500,3-4 orders
15027,1066.1499999999999,4,565,30.461428571428566,2011-04-15 14:14:00,2011-11-09 10:16:00,207,£1k-5k,3-4 orders
15028,627.13,4,459,13.065208333333333,2010-12-06 12:47:00,2011-12-01 14:06:00,360,£500-1k,3-4 orders
15030,518.28,2,372,74.03999999999999,2011-03-16 15:34:00,2011-09-29 10:50:00,196,£500-1k,2 orders
15031,668.14,4,401,6.019279279279279,2011-03-02 14:46:00,2011-12-05 14:19:00,277,£500-1k,3-4 orders
15032,4959.1,3,2968,95.3673076923077,2010-12-08 12:57:00,2011-03-28 15:03:00,110,£1k-5k,3-4 orders
15033,2586.67,10,1695,5.071901960784314,2011-01-14 13:28:00,2011-12-05 12:40:00,324,£1k-5k,10-19 orders
15034,4308.61,8,2422,10.935558375634518,2010-12-21 09:47:00,2011-11-24 12:11:00,338,£1k-5k,5-9 orders
15035,252.73000000000002,1,245,9.36037037037037,2011-09-11 11:08:00,2011-09-11 11:08:00,0,£100-500,1 order
15036,465.55,3,327,3.665748031496063,2011-06-13 12:19:00,2011-09-28 15:42:00,107,£100-500,3-4 orders
15038,705.49,6,217,5.426846153846154,2010-12-05 10:54:00,2011-10-12 11:33:00,311,£500-1k,5-9 orders
15039,19914.44,47,9209,13.25861517976032,2010-12-06 11:26:00,2011-11-30 11:31:00,359,£10k+,20+ orders
15041,180.35,1,104,2.6917910447761195,2011-06-22 16:16:00,2011-06-22 16:16:00,0,£100-500,1 order
15042,135.93,1,30,27.186,2011-05-24 16:25:00,2011-05-24 16:25:00,0,£100-500,1 order
15043,537.0,1,300,179.0,2011-11-08 14:26:00,2011-11-08 14:26:00,0,£500-1k,1 order
15044,7700.2300000000005,17,2795,16.998300220750554,2010-12-12 14:27:00,2011-11-20 13:20:00,342,£5k-10k,10-19 orders
15045,735.66,2,114,61.305,2011-03-27 11:44:00,2011-07-11 11:33:00,105,£500-1k,2 orders
15046,5213.7699999999995,15,3451,25.309563106796116,2011-01-05 15:30:00,2011-11-30 15:50:00,329,£5k-10k,10-19 orders
15047,343.62,1,222,15.61909090909091,2011-03-15 10:49:00,2011-03-15 10:49:00,0,£100-500,1 order
15048,384.05,4,195,3.959278350515464,2010-12-06 12:15:00,2011-10-05 14:55:00,303,£100-500,3-4 orders
15049,121.17000000000002,1,63,40.39000000000001,2011-03-11 12:13:00,2011-03-11 12:13:00,0,£100-500,1 order
15050,1782.09,3,1224,22.84730769230769,2011-09-29 13:22:00,2011-11-14 16:17:00,46,£1k-5k,3-4 orders
15051,1391.61,3,1011,9.731538461538461,2011-07-12 15:29:00,2011-11-16 15:38:00,127,£1k-5k,3-4 orders
15052,215.78,1,82,7.192666666666667,2011-01-24 15:52:00,2011-01-24 15:52:00,0,£100-500,1 order
15053,697.79,3,986,9.828028169014084,2011-03-03 12:06:00,2011-12-05 12:08:00,277,£500-1k,3-4 orders
15054,302.1,2,198,2.6500000000000004,2011-10-30 14:33:00,2011-11-27 15:02:00,28,£100-500,2 orders
15057,1489.5,2,668,59.58,2011-01-28 09:09:00,2011-03-09 15:17:00,40,£1k-5k,2 orders
15058,2124.9900000000002,11,1069,7.699239130434783,2011-01-31 15:35:00,2011-11-14 14:57:00,286,£1k-5k,10-19 orders
15059,1337.72,9,604,5.644388185654009,2011-01-09 11:54:00,2011-10-30 11:35:00,293,£1k-5k,5-9 orders
15060,303.09,4,263,2.504876033057851,2011-11-30 14:03:00,2011-12-01 13:47:00,0,£100-500,3-4 orders
15061,54534.14,48,28920,135.32044665012407,2010-12-02 15:19:00,2011-12-06 12:06:00,368,£10k+,20+ orders
15062,987.86,4,763,17.330877192982456,2010-12-15 15:37:00,2011-09-29 16:51:00,288,£500-1k,3-4 orders
15063,370.79999999999995,1,56,74.16,2011-05-10 13:25:00,2011-05-10 13:25:00,0,£100-500,1 order
15065,3158.13,4,1383,20.37503225806452,2011-02-21 12:54:00,2011-11-02 09:45:00,253,£1k-5k,3-4 orders
15066,893.59,1,317,21.275952380952383,2011-10-17 13:25:00,2011-10-17 13:25:00,0,£500-1k,1 order
15067,1744.76,3,954,21.277560975609756,2011-03-02 12:10:00,2011-09-22 13:20:00,204,£1k-5k,3-4 orders
15068,553.36,2,364,5.320769230769231,2011-03-28 14:27:00,2011-10-24 14:47:00,210,£500-1k,2 orders
15069,1109.53,1,520,15.850428571428571,2011-06-13 14:16:00,2011-06-13 14:16:00,0,£1k-5k,1 order
15070,106.2,1,36,106.2,2010-12-02 11:23:00,2010-12-02 11:23:00,0,£100-500,1 order
15071,982.07,2,269,37.77192307692308,2011-03-09 10:19:00,2011-09-07 11:43:00,182,£500-1k,2 orders
15073,1043.41,3,491,19.322407407407407,2011-06-06 09:59:00,2011-11-30 10:44:00,177,£1k-5k,3-4 orders
15074,748.87,1,455,17.830238095238094,2011-08-26 14:45:00,2011-08-26 14:45:00,0,£500-1k,1 order
15075,773.03,1,447,28.63074074074074,2011-09-23 12:27:00,2011-09-23 12:27:00,0,£500-1k,1 order
15076,880.85,1,571,17.976530612244897,2011-06-20 08:23:00,2011-06-20 08:23:00,0,£500-1k,1 order
15078,9743.11,32,5105,22.14343181818182,2010-12-06 12:38:00,2011-12-02 15:41:00,361,£5k-10k,20+ orders
15079,895.61,4,389,19.055531914893617,2010-12-09 09:25:00,2011-05-11 12:45:00,153,£500-1k,3-4 orders
15081,504.8,5,190,15.296969696969697,2010-12-07 16:20:00,2011-11-17 17:08:00,345,£500-1k,5-9 orders
15083,88.2,1,38,17.64,2011-03-28 12:18:00,2011-03-28 12:18:00,0,£0-100,1 order
15087,306.94,1,470,20.462666666666667,2011-03-03 10:34:00,2011-03-03 10:34:00,0,£100-500,1 order
15088,1160.07,2,460,20.352105263157895,2011-10-03 14:05:00,2011-11-18 13:14:00,45,£1k-5k,2 orders
15089,2420.84,6,1359,16.69544827586207,2011-08-03 14:14:00,2011-11-29 16:31:00,118,£1k-5k,5-9 orders
15090,381.32,1,208,16.57913043478261,2011-02-04 14:03:00,2011-02-04 14:03:00,0,£100-500,1 order
15091,480.71,1,346,16.023666666666667,2011-10-03 12:47:00,2011-10-03 12:47:00,0,£100-500,1 order
15092,457.81,2,135,17.608076923076922,2011-03-01 12:24:00,2011-05-08 14:10:00,68,£100-500,2 orders
15093,4597.02,6,3760,42.565000000000005,2010-12-02 18:25:00,2011-11-21 13:09:00,353,£1k-5k,5-9 orders
15095,1370.6,4,1079,29.161702127659574,2011-05-20 14:27:00,2011-08-28 12:01:00,99,£1k-5k,3-4 orders
15096,219.39000000000001,1,120,19.944545454545455,2011-10-28 10:27:00,2011-10-28 10:27:00,0,£100-500,1 order
15097,248.08,1,170,9.923200000000001,2011-12-05 14:03:00,2011-12-05 14:03:00,0,£100-500,1 order
15098,39916.5,3,121,13305.5,2011-06-10 15:22:00,2011-06-10 15:33:00,0,£10k+,3-4 orders
15099,410.48,1,343,17.84695652173913,2011-09-16 13:13:00,2011-09-16 13:13:00,0,£100-500,1 order
15100,876.0,3,80,292.0,2010-12-01 09:09:00,2011-01-10 10:35:00,40,£500-1k,3-4 orders
15101,317.53,2,241,39.69125,2010-12-15 12:54:00,2011-12-01 10:18:00,350,£100-500,2 orders
15103,703.36,2,329,20.096,2011-09-14 13:54:00,2011-11-08 14:53:00,55,£500-1k,2 orders
15104,1027.44,2,637,14.890434782608697,2011-03-02 14:16:00,2011-05-27 12:29:00,85,£1k-5k,2 orders
15105,2298.93,7,1211,22.76168316831683,2011-07-28 10:09:00,2011-11-21 16:54:00,116,£1k-5k,5-9 orders
15106,1422.52,5,1181,14.2252,2011-03-15 12:52:00,2011-11-22 09:16:00,251,£1k-5k,5-9 orders
15107,319.5,6,169,19.96875,2010-12-02 13:45:00,2011-02-01 14:46:00,61,£100-500,5-9 orders
15108,1300.25,4,499,21.670833333333334,2011-04-26 10:54:00,2011-07-21 10:24:00,85,£1k-5k,3-4 orders
15109,484.95,1,131,17.319642857142856,2011-04-08 09:58:00,2011-04-08 09:58:00,0,£100-500,1 order
15110,996.1,4,246,28.46,2011-01-25 11:41:00,2011-11-16 11:16:00,294,£500-1k,3-4 orders
15111,1567.48,3,710,18.660476190476192,2010-12-02 11:45:00,2011-11-10 16:58:00,343,£1k-5k,3-4 orders
15113,3609.33,3,2386,36.0933,2011-10-16 15:27:00,2011-11-30 08:23:00,44,£1k-5k,3-4 orders
15114,2760.56,10,3096,14.012994923857867,2011-02-11 08:45:00,2011-11-09 15:05:00,271,£1k-5k,10-19 orders
15115,340.11,1,157,16.195714285714285,2011-11-21 14:59:00,2011-11-21 14:59:00,0,£100-500,1 order
15116,1352.75,4,648,30.06111111111111,2011-05-19 08:50:00,2011-11-22 12:25:00,187,£1k-5k,3-4 orders
15117,1551.78,5,1948,19.64278481012658,2011-05-08 12:38:00,2011-11-25 08:12:00,200,£1k-5k,5-9 orders
15118,244.8,1,1440,244.8,2011-07-28 14:54:00,2011-07-28 14:54:00,0,£100-500,1 order
15119,266.4,1,88,19.02857142857143,2011-04-08 09:08:00,2011-04-08 09:08:00,0,£100-500,1 order
15120,358.82,1,296,17.086666666666666,2011-07-29 09:48:00,2011-07-29 09:48:00,0,£100-500,1 order
15121,457.72,2,199,16.34714285714286,2011-02-24 12:41:00,2011-10-20 14:51:00,238,£100-500,2 orders
15122,1633.78,3,800,19.924146341463413,2011-02-15 09:59:00,2011-08-17 16:48:00,183,£1k-5k,3-4 orders
15123,2199.31,2,1195,20.748207547169812,2011-05-17 14:57:00,2011-12-02 13:12:00,198,£1k-5k,2 orders
15124,184.19,2,233,12.279333333333334,2011-06-01 09:06:00,2011-11-17 10:09:00,169,£100-500,2 orders
15125,11528.48,15,6193,90.77543307086614,2011-03-14 09:59:00,2011-11-14 13:57:00,245,£10k+,10-19 orders
15127,406.53,1,251,25.408125,2011-10-05 10:30:00,2011-10-05 10:30:00,0,£100-500,1 order
15128,1471.0,4,1343,14.42156862745098,2011-05-04 12:32:00,2011-10-10 13:54:00,159,£1k-5k,3-4 orders
15129,3447.4,11,1794,41.04047619047619,2011-02-21 09:09:00,2011-10-20 14:40:00,241,£1k-5k,10-19 orders
15130,330.11,1,197,15.005,2011-06-23 10:15:00,2011-06-23 10:15:00,0,£100-500,1 order
15132,977.9300000000001,5,679,18.806346153846157,2011-03-22 12:02:00,2011-11-21 17:10:00,244,£500-1k,5-9 orders
15133,982.42,3,680,33.87655172413793,2011-02-11 10:38:00,2011-08-04 10:44:00,174,£500-1k,3-4 orders
15134,1387.99,8,887,19.013561643835615,2011-04-13 11:05:00,2011-11-25 08:55:00,225,£1k-5k,5-9 orders
15135,139.05,1,43,15.450000000000001,2011-04-14 19:16:00,2011-04-14 19:16:00,0,£100-500,1 order
15136,1286.7,4,776,18.92205882352941,2011-09-04 16:05:00,2011-12-07 12:26:00,93,£1k-5k,3-4 orders
15139,178.96,2,208,13.766153846153847,2011-01-07 12:44:00,2011-04-14 11:39:00,96,£100-500,2 orders
15140,2354.25,7,1572,29.428125,2011-03-20 14:37:00,2011-10-18 14:07:00,211,£1k-5k,5-9 orders
15142,498.74,1,365,19.182307692307692,2011-10-24 12:51:00,2011-10-24 12:51:00,0,£100-500,1 order
15143,259.45,1,150,18.532142857142855,2011-04-28 12:03:00,2011-04-28 12:03:00,0,£100-500,1 order
15144,6580.44,17,3050,30.324608294930872,2011-01-31 13:17:00,2011-12-01 15:12:00,304,£5k-10k,10-19 orders
15145,1194.73,4,756,17.83179104477612,2011-04-05 15:20:00,2011-12-05 17:21:00,244,£1k-5k,3-4 orders
15146,1327.16,2,1473,14.584175824175825,2011-02-21 13:07:00,2011-06-28 12:09:00,126,£1k-5k,2 orders
15147,623.5,1,366,22.267857142857142,2011-04-13 15:57:00,2011-04-13 15:57:00,0,£500-1k,1 order
15148,301.29,1,187,15.0645,2011-11-29 08:21:00,2011-11-29 08:21:00,0,£100-500,1 order
15149,520.8000000000001,1,128,22.643478260869568,2011-07-29 10:58:00,2011-07-29 10:58:00,0,£500-1k,1 order
15150,5314.47,10,3658,15.494081632653062,2011-03-15 14:21:00,2011-11-22 12:52:00,251,£5k-10k,10-19 orders
15152,4745.69,13,2704,17.511771217712177,2011-06-05 15:36:00,2011-11-30 12:32:00,177,£1k-5k,10-19 orders
15153,329.25,1,198,14.965909090909092,2011-11-08 17:09:00,2011-11-08 17:09:00,0,£100-500,1 order
15154,296.42,1,104,3.487294117647059,2011-09-25 16:05:00,2011-09-25 16:05:00,0,£100-500,1 order
15156,961.49,3,597,17.481636363636365,2011-11-06 12:41:00,2011-12-08 18:22:00,32,£500-1k,3-4 orders
15157,1936.07,3,2392,15.48856,2010-12-16 13:44:00,2011-12-06 11:28:00,354,£1k-5k,3-4 orders
15158,401.40000000000003,1,198,57.34285714285715,2011-10-25 13:53:00,2011-10-25 13:53:00,0,£100-500,1 order
15159,18641.010000000002,30,11441,26.254943661971833,2010-12-13 15:44:00,2011-12-08 12:05:00,359,£10k+,20+ orders
15160,158.16,1,84,39.54,2010-12-17 14:15:00,2010-12-17 14:15:00,0,£100-500,1 order
15163,304.47,2,186,10.49896551724138,2011-05-31 15:22:00,2011-11-21 13:10:00,173,£100-500,2 orders
15164,843.05,3,360,8.18495145631068,2011-01-04 14:21:00,2011-10-02 12:05:00,270,£500-1k,3-4 orders
15165,487.75,1,160,18.064814814814813,2010-12-01 14:03:00,2010-12-01 14:03:00,0,£100-500,1 order
15167,163.0,1,67,3.975609756097561,2011-01-23 12:41:00,2011-01-23 12:41:00,0,£100-500,1 order
15168,106.56,1,52,21.312,2011-11-14 11:26:00,2011-11-14 11:26:00,0,£100-500,1 order
15171,1289.5,1,290,257.9,2011-01-12 15:36:00,2011-01-12 15:36:00,0,£1k-5k,1 order
15172,1624.05,5,1611,14.764090909090909,2011-04-17 11:56:00,2011-12-01 11:51:00,227,£1k-5k,5-9 orders
15174,135.75,1,145,12.340909090909092,2011-01-21 09:06:00,2011-01-21 09:06:00,0,£100-500,1 order
15175,224.14,1,454,9.745217391304347,2011-09-29 11:31:00,2011-09-29 11:31:00,0,£100-500,1 order
15178,40.5,1,30,13.5,2011-03-24 15:12:00,2011-03-24 15:12:00,0,£0-100,1 order
15179,2206.95,5,1938,23.73064516129032,2011-01-24 13:48:00,2011-11-21 12:53:00,300,£1k-5k,5-9 orders
15180,87.5,1,36,14.583333333333334,2010-12-07 14:57:00,2010-12-07 14:57:00,0,£0-100,1 order
15181,689.4799999999999,3,544,43.092499999999994,2011-03-15 12:03:00,2011-10-04 13:58:00,203,£500-1k,3-4 orders
15182,622.85,2,253,21.477586206896554,2011-03-16 12:42:00,2011-07-08 13:37:00,114,£500-1k,2 orders
15184,406.76,2,223,6.456507936507936,2011-06-02 12:06:00,2011-11-10 13:41:00,161,£100-500,2 orders
15185,310.62,1,666,14.791428571428572,2011-09-30 14:06:00,2011-09-30 14:06:00,0,£100-500,1 order
15186,411.41,2,215,21.653157894736843,2011-06-24 14:54:00,2011-11-25 14:58:00,154,£100-500,2 orders
15187,4777.18,16,1887,52.49648351648352,2011-05-11 13:49:00,2011-12-08 11:56:00,210,£1k-5k,10-19 orders
15189,16225.39,41,6149,76.53485849056604,2011-01-11 12:29:00,2011-12-08 13:22:00,331,£10k+,20+ orders
15192,1044.32,3,918,20.47686274509804,2010-12-09 14:56:00,2011-08-12 11:41:00,245,£1k-5k,3-4 orders
15193,499.32,1,144,26.28,2011-10-10 08:23:00,2011-10-10 08:23:00,0,£100-500,1 order
15194,7616.53,15,5703,24.569451612903226,2010-12-06 15:00:00,2011-12-06 15:10:00,365,£5k-10k,10-19 orders
15195,3861.0,1,1404,3861.0,2011-12-07 12:20:00,2011-12-07 12:20:00,0,£1k-5k,1 order
15197,1079.6100000000001,3,469,33.737812500000004,2010-12-16 18:01:00,2011-11-29 10:00:00,347,£1k-5k,3-4 orders
15198,193.64,2,120,19.363999999999997,2011-08-07 15:16:00,2011-09-08 14:42:00,31,£100-500,2 orders
15199,1268.7,4,396,97.5923076923077,2011-02-04 14:04:00,2011-10-11 15:12:00,249,£1k-5k,3-4 orders
15201,1236.54,5,1210,17.92086956521739,2011-04-06 14:02:00,2011-09-13 14:53:00,160,£1k-5k,5-9 orders
15203,1827.8,6,1753,12.871830985915492,2011-02-01 12:29:00,2011-11-14 08:16:00,285,£1k-5k,5-9 orders
15204,316.58,1,258,35.175555555555555,2010-12-17 13:49:00,2010-12-17 13:49:00,0,£100-500,1 order
15205,653.24,2,378,17.655135135135136,2011-08-04 16:07:00,2011-09-15 19:36:00,42,£500-1k,2 orders
15206,420.29999999999995,4,162,46.699999999999996,2011-03-09 08:59:00,2011-11-29 13:41:00,265,£100-500,3-4 orders
15208,870.12,5,316,20.717142857142857,2010-12-21 13:03:00,2011-12-08 17:24:00,352,£500-1k,5-9 orders
15210,331.18,1,228,16.559,2011-04-28 16:11:00,2011-04-28 16:11:00,0,£100-500,1 order
15211,894.4100000000001,2,240,17.20019230769231,2010-12-09 16:08:00,2011-10-10 13:31:00,304,£500-1k,2 orders
15212,101.8,1,36,20.36,2011-04-12 13:45:00,2011-04-12 13:45:00,0,£100-500,1 order
15213,328.35,2,272,13.68125,2011-01-14 11:05:00,2011-01-25 12:21:00,11,£100-500,2 orders
15214,1661.44,8,1254,15.104000000000001,2011-04-11 09:46:00,2011-12-08 12:07:00,241,£1k-5k,5-9 orders
15215,734.94,3,225,20.998285714285714,2011-09-04 12:24:00,2011-10-24 11:41:00,49,£500-1k,3-4 orders
15216,96.6,1,28,48.3,2011-09-13 11:41:00,2011-09-13 11:41:00,0,£0-100,1 order
15218,5756.89,11,3329,34.680060240963854,2011-01-25 11:20:00,2011-11-29 11:48:00,308,£5k-10k,10-19 orders
15219,305.75,1,45,33.97222222222222,2011-06-16 16:57:00,2011-06-16 16:57:00,0,£100-500,1 order
15220,1778.96,6,1393,15.204786324786324,2011-03-04 10:24:00,2011-10-19 12:39:00,229,£1k-5k,5-9 orders
15221,403.25,1,43,80.65,2010-12-08 13:08:00,2010-12-08 13:08:00,0,£100-500,1 order
15222,585.0,1,440,117.0,2011-01-25 08:03:00,2011-01-25 08:03:00,0,£500-1k,1 order
15223,755.75,2,213,37.7875,2011-04-04 12:17:00,2011-04-28 11:31:00,23,£500-1k,2 orders
15224,322.08,2,152,23.005714285714284,2010-12-12 12:34:00,2010-12-16 15:02:00,4,£100-500,2 orders
15225,409.40000000000003,1,226,17.8,2011-04-19 14:51:00,2011-04-19 14:51:00,0,£100-500,1 order
15226,154.41,1,71,19.30125,2011-02-02 11:41:00,2011-02-02 11:41:00,0,£100-500,1 order
15227,1219.4,5,750,21.024137931034485,2011-01-26 15:31:00,2011-11-03 11:59:00,280,£1k-5k,5-9 orders
15228,3386.71,4,2255,27.09368,2011-02-18 09:04:00,2011-10-04 13:56:00,228,£1k-5k,3-4 orders
15230,429.6,2,351,18.678260869565218,2011-04-13 11:04:00,2011-04-14 14:39:00,1,£100-500,2 orders
15232,612.06,2,686,19.743870967741934,2011-07-22 12:21:00,2011-08-18 16:27:00,27,£500-1k,2 orders
15234,197.0,1,196,14.071428571428571,2011-03-08 08:53:00,2011-03-08 08:53:00,0,£100-500,1 order
15235,2247.51,12,1324,15.716853146853149,2010-12-01 17:22:00,2011-05-06 09:44:00,155,£1k-5k,10-19 orders
15236,321.05,1,269,21.403333333333332,2011-02-14 10:52:00,2011-02-14 10:52:00,0,£100-500,1 order
15237,1412.32,4,1071,14.265858585858584,2011-04-26 15:04:00,2011-12-08 09:46:00,225,£1k-5k,3-4 orders
15238,1071.99,3,692,21.4398,2011-06-08 16:00:00,2011-11-10 14:28:00,154,£1k-5k,3-4 orders
15239,780.59,2,594,15.930408163265307,2011-09-22 09:53:00,2011-11-29 14:14:00,68,£500-1k,2 orders
15240,1706.57,5,1369,21.879102564102563,2011-02-01 08:23:00,2011-10-26 09:50:00,267,£1k-5k,5-9 orders
15241,1756.44,8,1818,15.967636363636364,2011-03-01 11:02:00,2011-10-04 09:05:00,216,£1k-5k,5-9 orders
15243,316.68,1,185,14.394545454545455,2011-09-26 14:12:00,2011-09-26 14:12:00,0,£100-500,1 order
15244,631.57,2,405,18.57558823529412,2011-04-05 15:12:00,2011-10-05 13:19:00,182,£500-1k,2 orders
15245,2515.84,3,1784,28.267865168539327,2011-03-23 13:42:00,2011-07-28 18:56:00,127,£1k-5k,3-4 orders
15246,514.15,2,247,15.58030303030303,2010-12-16 09:46:00,2011-04-15 14:45:00,120,£500-1k,2 orders
15247,356.0,1,160,59.333333333333336,2011-08-09 12:52:00,2011-08-09 12:52:00,0,£100-500,1 order
15249,6688.46,13,3577,19.109885714285713,2011-03-28 12:49:00,2011-11-08 11:45:00,224,£5k-10k,10-19 orders
15251,10484.99,11,6171,94.45936936936937,2011-04-12 10:38:00,2011-11-30 15:02:00,232,£10k+,10-19 orders
15252,740.78,2,522,16.83590909090909,2011-06-09 14:15:00,2011-11-03 13:30:00,146,£500-1k,2 orders
15253,918.1999999999999,5,866,17.32452830188679,2011-06-23 12:19:00,2011-11-23 16:22:00,153,£500-1k,5-9 orders
15254,300.36,1,275,16.686666666666667,2011-08-04 15:04:00,2011-08-04 15:04:00,0,£100-500,1 order
15255,890.85,1,489,18.95425531914894,2011-10-04 12:43:00,2011-10-04 12:43:00,0,£500-1k,1 order
15256,98.45,1,55,16.408333333333335,2011-07-14 11:47:00,2011-07-14 11:47:00,0,£0-100,1 order
15257,317.15,1,46,45.30714285714286,2011-03-01 12:58:00,2011-03-01 12:58:00,0,£100-500,1 order
15258,623.16,2,142,18.328235294117647,2011-05-06 14:16:00,2011-06-24 12:30:00,48,£500-1k,2 orders
15260,1810.77,7,885,23.516493506493507,2010-12-02 12:09:00,2011-08-31 13:55:00,272,£1k-5k,5-9 orders
15261,254.82,1,270,13.41157894736842,2011-07-27 15:20:00,2011-07-27 15:20:00,0,£100-500,1 order
15262,178.95000000000002,1,73,17.895000000000003,2011-01-20 12:16:00,2011-01-20 12:16:00,0,£100-500,1 order
15263,156.51,1,89,13.042499999999999,2011-08-25 10:26:00,2011-08-25 10:26:00,0,£100-500,1 order
15264,393.74,1,265,17.11913043478261,2011-10-06 13:49:00,2011-10-06 13:49:00,0,£100-500,1 order
15265,1506.1200000000001,2,612,18.36731707317073,2011-04-18 12:16:00,2011-07-11 14:46:00,84,£1k-5k,2 orders
15266,119.3,1,18,19.883333333333333,2011-01-05 13:40:00,2011-01-05 13:40:00,0,£100-500,1 order
15267,1717.36,5,944,156.12363636363636,2011-06-10 10:24:00,2011-11-17 15:59:00,160,£1k-5k,5-9 orders
15269,408.8,1,26,204.4,2011-11-16 09:32:00,2011-11-16 09:32:00,0,£100-500,1 order
15270,2379.49,7,1521,58.03634146341463,2011-02-02 13:25:00,2011-11-24 09:24:00,294,£1k-5k,5-9 orders
15271,2507.07,15,1262,9.149890510948905,2010-12-09 13:47:00,2011-12-02 14:11:00,358,£1k-5k,10-19 orders
15272,721.94,2,310,11.45936507936508,2011-09-14 16:36:00,2011-10-13 12:59:00,28,£500-1k,2 orders
15274,716.57,2,619,15.246170212765959,2011-11-21 14:17:00,2011-12-05 16:57:00,14,£500-1k,2 orders
15275,615.14,1,498,15.003414634146342,2011-11-02 11:20:00,2011-11-02 11:20:00,0,£500-1k,1 order
15276,135.31,1,64,2.602115384615385,2011-10-04 16:39:00,2011-10-04 16:39:00,0,£100-500,1 order
15277,255.89999999999998,1,205,21.325,2011-10-24 10:08:00,2011-10-24 10:08:00,0,£100-500,1 order
15279,290.51,1,189,15.29,2010-12-20 10:48:00,2010-12-20 10:48:00,0,£100-500,1 order
15280,113.12,1,154,7.07,2011-06-20 17:14:00,2011-06-20 17:14:00,0,£100-500,1 order
15281,2332.15,9,1211,16.778057553956835,2011-01-10 15:51:00,2011-10-12 09:10:00,274,£1k-5k,5-9 orders
15286,240.55,1,55,80.18333333333334,2011-10-21 11:08:00,2011-10-21 11:08:00,0,£100-500,1 order
15287,486.69,2,433,24.3345,2011-09-30 12:30:00,2011-11-17 15:34:00,48,£100-500,2 orders
15288,2306.52,5,775,26.210454545454546,2010-12-09 13:59:00,2011-10-27 16:58:00,322,£1k-5k,5-9 orders
15289,939.78,3,1008,16.20310344827586,2011-04-04 12:44:00,2011-11-10 13:49:00,220,£500-1k,3-4 orders
15290,7943.22,18,4501,38.93735294117647,2010-12-15 16:03:00,2011-12-05 11:39:00,354,£5k-10k,10-19 orders
15291,4668.3,15,2103,45.32330097087379,2010-12-01 09:32:00,2011-11-14 11:02:00,348,£1k-5k,10-19 orders
15292,180.94,1,56,7.2376,2011-05-22 15:00:00,2011-05-22 15:00:00,0,£100-500,1 order
15296,3672.86,6,1766,18.932268041237116,2011-01-17 11:57:00,2011-10-20 11:47:00,275,£1k-5k,5-9 orders
15297,641.94,3,292,16.46,2011-10-07 09:42:00,2011-11-29 16:32:00,53,£500-1k,3-4 orders
15298,4799.9,12,3116,24.999479166666664,2010-12-08 13:55:00,2011-12-07 17:17:00,364,£1k-5k,10-19 orders
15299,4507.01,7,2948,643.8585714285715,2010-12-02 16:48:00,2011-10-03 14:19:00,304,£1k-5k,5-9 orders
15300,496.44,1,292,17.73,2011-10-06 17:08:00,2011-10-06 17:08:00,0,£100-500,1 order
15301,5070.35,12,2775,20.865637860082305,2010-12-06 12:21:00,2011-10-20 09:57:00,317,£5k-10k,10-19 orders
15303,574.02,1,248,18.516774193548386,2011-02-22 13:59:00,2011-02-22 13:59:00,0,£500-1k,1 order
15304,694.4000000000001,8,104,30.19130434782609,2010-12-06 11:42:00,2011-10-10 10:23:00,307,£500-1k,5-9 orders
15306,1174.35,3,810,20.247413793103448,2011-07-14 15:22:00,2011-10-06 12:56:00,83,£1k-5k,3-4 orders
15307,205.3,1,37,17.108333333333334,2011-09-05 11:38:00,2011-09-05 11:38:00,0,£100-500,1 order
15308,310.47,1,175,16.340526315789475,2011-03-10 13:08:00,2011-03-10 13:08:00,0,£100-500,1 order
15311,60767.9,91,38194,25.543463640184953,2010-12-01 09:41:00,2011-12-09 12:00:00,373,£10k+,20+ orders
15312,924.85,4,516,19.677659574468084,2010-12-20 12:51:00,2011-09-25 13:10:00,279,£500-1k,3-4 orders
15313,52.0,1,25,52.0,2011-08-21 16:02:00,2011-08-21 16:02:00,0,£0-100,1 order
15314,327.97,1,313,13.665416666666667,2011-05-24 14:39:00,2011-05-24 14:39:00,0,£100-500,1 order
15315,570.5,2,862,15.41891891891892,2011-08-15 15:17:00,2011-10-06 12:51:00,51,£500-1k,2 orders
15316,165.0,1,100,165.0,2011-01-17 11:34:00,2011-01-17 11:34:00,0,£100-500,1 order
15318,312.62,1,642,9.473333333333333,2011-12-06 11:30:00,2011-12-06 11:30:00,0,£100-500,1 order
15319,204.5,1,175,12.78125,2011-03-01 12:48:00,2011-03-01 12:48:00,0,£100-500,1 order
15320,267.13,1,326,7.420277777777778,2011-10-26 13:27:00,2011-10-26 13:27:00,0,£100-500,1 order
15321,2748.31,3,1181,28.92957894736842,2011-02-21 11:10:00,2011-09-30 09:40:00,220,£1k-5k,3-4 orders
15322,679.68,1,416,16.18285714285714,2011-09-15 09:34:00,2011-09-15 09:34:00,0,£500-1k,1 order
15325,162.29,1,232,3.3120408163265305,2011-08-28 11:55:00,2011-08-28 11:55:00,0,£100-500,1 order
15326,311.71,1,386,10.748620689655171,2011-01-10 11:38:00,2011-01-10 11:38:00,0,£100-500,1 order
15327,208.75,1,116,20.875,2011-10-18 11:55:00,2011-10-18 11:55:00,0,£100-500,1 order
15329,1049.7,3,486,18.41578947368421,2011-06-21 10:37:00,2011-10-31 15:36:00,132,£1k-5k,3-4 orders
15330,714.96,2,1312,54.99692307692308,2011-10-10 12:30:00,2011-11-07 17:50:00,28,£500-1k,2 orders
15332,1661.06,4,652,47.45885714285714,2010-12-05 12:00:00,2010-12-08 14:43:00,3,£1k-5k,3-4 orders
15333,1028.56,1,344,64.285,2011-05-15 13:27:00,2011-05-15 13:27:00,0,£1k-5k,1 order
15334,351.67,3,274,3.5522222222222224,2011-06-19 13:51:00,2011-07-06 11:22:00,16,£100-500,3-4 orders
15335,173.97,1,80,4.8325,2011-10-17 12:50:00,2011-10-17 12:50:00,0,£100-500,1 order
15339,574.07,2,416,6.675232558139536,2011-01-25 13:15:00,2011-10-04 12:51:00,251,£500-1k,2 orders
15341,2020.52,1,812,118.85411764705883,2011-09-20 09:40:00,2011-09-20 09:40:00,0,£1k-5k,1 order
15342,406.09,1,283,16.920416666666664,2011-08-02 10:19:00,2011-08-02 10:19:00,0,£100-500,1 order
15343,364.5,1,84,17.357142857142858,2011-09-13 13:55:00,2011-09-13 13:55:00,0,£100-500,1 order
15344,563.94,3,116,21.69,2011-09-26 14:48:00,2011-12-09 10:45:00,73,£500-1k,3-4 orders
15345,393.54,1,81,19.677,2011-10-25 11:28:00,2011-10-25 11:28:00,0,£100-500,1 order
15346,252.42000000000002,1,144,14.848235294117648,2011-01-11 11:18:00,2011-01-11 11:18:00,0,£100-500,1 order
15347,201.60000000000002,1,130,40.32000000000001,2010-12-08 15:25:00,2010-12-08 15:25:00,0,£100-500,1 order
15348,158.04,1,84,17.56,2011-09-28 13:17:00,2011-09-28 13:17:00,0,£100-500,1 order
15349,473.81,2,327,6.580694444444444,2011-06-05 15:46:00,2011-07-04 16:06:00,29,£100-500,2 orders
15350,115.65,1,51,23.130000000000003,2010-12-01 13:33:00,2010-12-01 13:33:00,0,£100-500,1 order
15351,1960.1100000000001,7,753,8.7116,2010-12-05 11:49:00,2011-11-27 12:52:00,357,£1k-5k,5-9 orders
15353,777.02,2,343,12.333650793650794,2010-12-07 11:49:00,2011-03-30 12:15:00,113,£500-1k,2 orders
15355,277.05,2,45,19.789285714285715,2011-10-17 15:22:00,2011-11-10 13:44:00,23,£100-500,2 orders
15356,2766.5,10,1673,5.330443159922929,2010-12-06 14:05:00,2011-11-08 13:11:00,336,£1k-5k,10-19 orders
15358,8347.2,22,7050,15.149183303085302,2010-12-09 10:04:00,2011-12-05 09:04:00,360,£5k-10k,20+ orders
15360,427.93,1,223,32.917692307692306,2011-10-31 09:35:00,2011-10-31 09:35:00,0,£100-500,1 order
15361,418.92,1,336,59.84571428571429,2010-12-13 09:52:00,2010-12-13 09:52:00,0,£100-500,1 order
15363,326.0,1,144,20.375,2010-12-02 12:28:00,2010-12-02 12:28:00,0,£100-500,1 order
15364,913.19,2,493,31.489310344827587,2011-03-30 13:39:00,2011-09-05 09:46:00,158,£500-1k,2 orders
15365,2314.32,7,1084,20.301052631578948,2011-01-28 13:08:00,2011-11-14 08:29:00,289,£1k-5k,5-9 orders
15366,602.51,2,621,13.69340909090909,2010-12-16 15:59:00,2011-09-25 15:01:00,282,£500-1k,2 orders
15367,1877.59,4,1057,19.764105263157894,2011-03-09 13:53:00,2011-10-13 14:13:00,218,£1k-5k,3-4 orders
15368,446.94000000000005,1,230,111.73500000000001,2011-11-18 14:42:00,2011-11-18 14:42:00,0,£100-500,1 order
15370,2386.05,7,830,25.383510638297874,2011-01-11 11:32:00,2011-10-30 10:58:00,291,£1k-5k,5-9 orders
15372,2007.3999999999999,1,2924,74.34814814814814,2011-07-25 16:39:00,2011-07-25 16:39:00,0,£1k-5k,1 order
15373,2415.91,12,500,18.302348484848483,2010-12-03 14:40:00,2011-12-01 15:05:00,363,£1k-5k,10-19 orders
15374,168.0,1,126,56.0,2011-08-03 09:59:00,2011-08-03 09:59:00,0,£100-500,1 order
15376,1233.3600000000001,3,619,10.541538461538462,2011-05-01 13:45:00,2011-10-30 15:04:00,182,£1k-5k,3-4 orders
15379,3703.29,7,2305,19.089123711340207,2010-12-16 13:02:00,2011-06-23 13:13:00,189,£1k-5k,5-9 orders
15380,1690.2600000000002,5,376,46.951666666666675,2010-12-09 15:01:00,2011-12-01 12:13:00,356,£1k-5k,5-9 orders
15381,596.85,2,171,74.60625,2011-03-16 13:44:00,2011-05-10 11:55:00,54,£500-1k,2 orders
15382,5955.71,6,4012,19.7208940397351,2011-02-17 12:01:00,2011-11-25 10:58:00,280,£5k-10k,5-9 orders
15384,642.41,2,596,15.668536585365853,2010-12-15 11:34:00,2011-06-23 10:57:00,189,£500-1k,2 orders
15385,316.88,1,161,26.406666666666666,2011-10-30 15:11:00,2011-10-30 15:11:00,0,£100-500,1 order
15386,394.14,1,446,12.714193548387096,2011-06-06 13:47:00,2011-06-06 13:47:00,0,£100-500,1 order
15388,140.54,1,88,14.053999999999998,2011-03-14 13:53:00,2011-03-14 13:53:00,0,£100-500,1 order
15389,500.0,1,400,500.0,2011-06-20 16:18:00,2011-06-20 16:18:00,0,£100-500,1 order
15392,1535.53,4,1277,18.280119047619046,2010-12-14 15:50:00,2011-12-05 11:01:00,355,£1k-5k,3-4 orders
15393,231.86,2,150,19.32166666666667,2011-03-03 16:58:00,2011-11-23 16:48:00,264,£100-500,2 orders
15394,2183.54,4,910,25.68870588235294,2010-12-16 12:46:00,2011-11-30 11:49:00,348,£1k-5k,3-4 orders
15395,107.45,1,17,15.35,2011-01-18 12:40:00,2011-01-18 12:40:00,0,£100-500,1 order
15396,288.18,1,122,20.584285714285716,2011-08-19 10:56:00,2011-08-19 10:56:00,0,£100-500,1 order
15397,94.0,1,20,15.666666666666666,2011-02-23 09:25:00,2011-02-23 09:25:00,0,£0-100,1 order
15398,1345.53,2,769,18.43191780821918,2011-09-22 14:56:00,2011-11-23 16:47:00,62,£1k-5k,2 orders
15399,815.77,3,611,16.3154,2011-09-21 15:57:00,2011-12-08 13:04:00,77,£500-1k,3-4 orders
15400,716.2,5,390,59.68333333333334,2011-03-06 11:27:00,2011-09-08 13:57:00,186,£500-1k,5-9 orders
15402,626.77,2,694,14.923095238095238,2011-05-27 13:32:00,2011-07-14 12:17:00,47,£500-1k,2 orders
15405,349.1,1,193,43.6375,2011-06-03 14:44:00,2011-06-03 14:44:00,0,£100-500,1 order
15406,510.71000000000004,2,254,9.636037735849058,2011-02-11 16:19:00,2011-11-08 13:22:00,269,£500-1k,2 orders
15407,1056.44,4,558,6.90483660130719,2011-02-07 13:18:00,2011-11-06 11:55:00,271,£1k-5k,3-4 orders
15408,267.18,1,106,7.858235294117647,2011-03-20 15:02:00,2011-03-20 15:02:00,0,£100-500,1 order
15410,3450.84,8,1200,28.285573770491805,2011-03-23 10:15:00,2011-09-16 14:47:00,177,£1k-5k,5-9 orders
15411,1358.88,4,530,13.726060606060607,2011-06-10 12:30:00,2011-11-13 15:19:00,156,£1k-5k,3-4 orders
15412,190.53,1,108,19.053,2011-06-21 15:24:00,2011-06-21 15:24:00,0,£100-500,1 order
15414,774.9000000000001,3,443,19.86923076923077,2011-04-11 13:45:00,2011-11-30 09:50:00,232,£500-1k,3-4 orders
15415,572.8100000000001,1,575,11.933541666666668,2011-01-30 14:13:00,2011-01-30 14:13:00,0,£500-1k,1 order
15416,3984.32,4,2090,20.75166666666667,2011-03-02 08:41:00,2011-10-06 09:38:00,218,£1k-5k,3-4 orders
15417,508.8,1,284,18.17142857142857,2011-09-15 15:26:00,2011-09-15 15:26:00,0,£500-1k,1 order
15419,135.86,1,230,16.9825,2011-11-15 09:23:00,2011-11-15 09:23:00,0,£100-500,1 order
15421,950.36,4,500,17.93132075471698,2011-02-02 14:36:00,2011-10-12 09:20:00,251,£500-1k,3-4 orders
15422,97.7,2,38,16.283333333333335,2011-01-20 14:17:00,2011-01-20 16:17:00,0,£0-100,2 orders
15423,43.5,1,101,21.75,2011-11-01 14:01:00,2011-11-01 14:01:00,0,£0-100,1 order
15424,383.34,2,554,22.54941176470588,2011-03-30 13:00:00,2011-03-30 13:02:00,0,£100-500,2 orders
15426,1447.39,5,674,4.956815068493151,2010-12-05 13:55:00,2011-11-20 15:36:00,350,£1k-5k,5-9 orders
15427,1483.14,3,1013,4.84686274509804,2011-10-23 14:47:00,2011-11-06 14:29:00,13,£1k-5k,3-4 orders
15428,93.78,1,102,15.63,2011-11-24 16:54:00,2011-11-24 16:54:00,0,£0-100,1 order
15429,397.35,2,380,4.845731707317073,2011-09-25 13:42:00,2011-11-13 12:28:00,48,£100-500,2 orders
15432,171.19,1,65,17.119,2011-11-16 16:30:00,2011-11-16 16:30:00,0,£100-500,1 order
15433,533.3,2,534,13.00731707317073,2011-03-17 14:12:00,2011-05-10 10:45:00,53,£500-1k,2 orders
15434,1041.48,5,647,18.936,2011-05-23 14:18:00,2011-12-01 13:33:00,191,£1k-5k,5-9 orders
15435,149.29,1,54,5.147931034482759,2011-11-17 16:39:00,2011-11-17 16:39:00,0,£100-500,1 order
15436,1122.53,3,613,3.4119452887537993,2011-04-19 16:52:00,2011-11-27 16:05:00,221,£1k-5k,3-4 orders
15437,200.16,1,79,4.4479999999999995,2011-03-22 13:11:00,2011-03-22 13:11:00,0,£100-500,1 order
15438,156.57999999999998,1,59,6.263199999999999,2011-07-31 14:19:00,2011-07-31 14:19:00,0,£100-500,1 order
15440,383.68,3,197,6.188387096774194,2011-05-15 11:30:00,2011-10-16 12:16:00,154,£100-500,3-4 orders
15442,594.0,1,120,297.0,2011-04-05 12:24:00,2011-04-05 12:24:00,0,£500-1k,1 order
15443,3236.91,7,1663,8.473586387434555,2011-01-23 13:25:00,2011-12-08 10:40:00,318,£1k-5k,5-9 orders
15444,1418.26,2,764,6.476073059360731,2011-10-30 16:12:00,2011-11-30 17:37:00,31,£1k-5k,2 orders
15445,113.5,1,58,22.7,2011-03-20 15:06:00,2011-03-20 15:06:00,0,£100-500,1 order
15447,155.17,1,85,17.24111111111111,2011-01-13 11:26:00,2011-01-13 11:26:00,0,£100-500,1 order
15448,494.64,1,232,17.665714285714284,2011-01-31 10:42:00,2011-01-31 10:42:00,0,£100-500,1 order
15449,974.52,3,812,16.242,2011-03-23 10:43:00,2011-11-13 15:02:00,235,£500-1k,3-4 orders
15450,429.84,1,376,14.328,2011-11-09 17:11:00,2011-11-09 17:11:00,0,£100-500,1 order
15452,538.73,3,283,9.28844827586207,2011-03-20 15:21:00,2011-11-10 12:13:00,234,£500-1k,3-4 orders
15453,1388.37,7,845,4.854440559440559,2011-06-05 12:37:00,2011-12-08 10:59:00,185,£1k-5k,5-9 orders
15454,179.1,1,86,7.164,2010-12-12 14:21:00,2010-12-12 14:21:00,0,£100-500,1 order
15456,447.22,3,660,7.453666666666667,2010-12-15 15:34:00,2011-03-01 13:51:00,75,£100-500,3-4 orders
15457,237.07,1,132,4.087413793103448,2011-03-22 15:31:00,2011-03-22 15:31:00,0,£100-500,1 order
15458,161.64,1,156,23.09142857142857,2011-11-14 13:08:00,2011-11-14 13:08:00,0,£100-500,1 order
15460,216.76,1,109,3.7372413793103445,2010-12-20 16:08:00,2010-12-20 16:08:00,0,£100-500,1 order
15462,234.6,3,172,21.327272727272728,2011-06-05 15:36:00,2011-09-06 13:11:00,92,£100-500,3-4 orders
15463,126.14,1,106,18.02,2011-11-10 12:57:00,2011-11-10 12:57:00,0,£100-500,1 order
15464,1048.85,1,350,6.680573248407643,2011-01-05 15:56:00,2011-01-05 15:56:00,0,£1k-5k,1 order
15465,7354.62,18,1257,75.82082474226804,2010-12-05 10:12:00,2011-11-20 10:11:00,349,£5k-10k,10-19 orders
15466,334.53,1,246,5.868947368421052,2011-09-15 14:08:00,2011-09-15 14:08:00,0,£100-500,1 order
15467,524.88,3,310,10.093846153846155,2011-07-10 14:42:00,2011-11-30 14:17:00,142,£500-1k,3-4 orders
15468,467.51,2,155,19.479583333333334,2011-10-19 13:38:00,2011-10-19 13:49:00,0,£100-500,2 orders
15469,538.55,2,153,22.43958333333333,2011-08-11 16:54:00,2011-10-20 16:21:00,69,£500-1k,2 orders
15471,469.48,1,266,6.097142857142857,2011-12-07 14:12:00,2011-12-07 14:12:00,0,£100-500,1 order
15472,371.56,1,251,4.888947368421053,2011-08-18 15:17:00,2011-08-18 15:17:00,0,£100-500,1 order
15473,1771.2,7,672,161.01818181818183,2011-10-10 11:12:00,2011-11-25 15:15:00,46,£1k-5k,5-9 orders
15475,454.10999999999996,1,319,15.658965517241377,2011-09-23 15:20:00,2011-09-23 15:20:00,0,£100-500,1 order
15478,1441.42,2,585,31.33521739130435,2011-10-14 11:09:00,2011-10-30 14:19:00,16,£1k-5k,2 orders
15480,905.5,1,303,20.122222222222224,2011-08-15 14:32:00,2011-08-15 14:32:00,0,£500-1k,1 order
15482,11054.96,12,5020,112.80571428571427,2010-12-16 10:08:00,2011-11-24 10:46:00,343,£10k+,10-19 orders
15483,233.81,4,295,2.656931818181818,2011-03-18 12:26:00,2011-07-01 13:07:00,105,£100-500,3-4 orders
15484,3594.31,4,3152,19.118670212765956,2011-09-22 13:31:00,2011-12-08 15:03:00,77,£1k-5k,3-4 orders
15485,2575.0,3,1306,29.941860465116278,2010-12-01 13:23:00,2011-11-09 14:31:00,343,£1k-5k,3-4 orders
15488,91.32000000000001,1,73,45.660000000000004,2011-09-08 10:11:00,2011-09-08 10:11:00,0,£0-100,1 order
15489,1134.28,3,608,22.6856,2011-05-12 12:54:00,2011-11-17 08:53:00,188,£1k-5k,3-4 orders
15491,3100.09,6,1646,20.130454545454548,2011-04-18 10:04:00,2011-09-05 15:56:00,140,£1k-5k,5-9 orders
15492,659.4599999999999,2,483,18.841714285714282,2011-09-26 14:02:00,2011-11-11 14:53:00,46,£500-1k,2 orders
15493,2001.8,5,560,6.74006734006734,2011-03-14 11:44:00,2011-11-07 12:04:00,238,£1k-5k,5-9 orders
15494,1299.23,2,1148,10.39384,2011-08-10 15:29:00,2011-11-18 14:51:00,99,£1k-5k,2 orders
15497,1262.2,2,624,84.14666666666668,2011-01-24 10:01:00,2011-11-22 11:51:00,302,£1k-5k,2 orders
15498,13316.4,27,6105,26.00859375,2010-12-08 12:29:00,2011-12-07 12:48:00,364,£10k+,20+ orders
15500,1131.56,4,572,16.640588235294118,2011-09-19 13:47:00,2011-12-01 13:47:00,73,£1k-5k,3-4 orders
15502,10384.93,12,4236,48.75553990610329,2010-12-05 15:40:00,2011-11-24 12:48:00,353,£10k+,10-19 orders
15503,147.09,1,74,2.1012857142857144,2010-12-12 10:57:00,2010-12-12 10:57:00,0,£100-500,1 order
15504,52.83,1,33,4.063846153846153,2011-09-19 13:45:00,2011-09-19 13:45:00,0,£0-100,1 order
15505,3610.96,5,2390,37.22639175257732,2011-07-07 13:33:00,2011-10-18 07:56:00,102,£1k-5k,5-9 orders
15506,979.26,3,848,5.971097560975609,2011-07-24 11:45:00,2011-11-17 12:11:00,116,£500-1k,3-4 orders
15507,492.36,1,162,10.703478260869565,2011-06-21 11:19:00,2011-06-21 11:19:00,0,£100-500,1 order
15508,1000.27,6,440,10.8725,2011-04-18 15:31:00,2011-06-03 15:43:00,46,£1k-5k,5-9 orders
15510,250.0,1,2,250.0,2011-01-13 12:10:00,2011-01-13 12:10:00,0,£100-500,1 order
15511,909.23,5,271,5.6826875,2011-09-15 15:05:00,2011-11-28 09:43:00,73,£500-1k,5-9 orders
15512,121.0,2,68,17.285714285714285,2010-12-15 12:01:00,2011-07-07 10:20:00,203,£100-500,2 orders
15513,14758.220000000001,19,5709,47.91629870129871,2010-12-01 11:22:00,2011-11-06 14:36:00,340,£10k+,10-19 orders
15514,4139.46,11,2160,23.255393258426967,2010-12-10 13:50:00,2011-11-27 14:40:00,352,£1k-5k,10-19 orders
15516,62.43,3,27,4.162,2011-10-24 11:33:00,2011-10-26 10:51:00,1,£0-100,3-4 orders
15517,267.03,1,293,9.889999999999999,2011-04-20 14:02:00,2011-04-20 14:02:00,0,£100-500,1 order
15518,1942.45,8,1273,9.076869158878505,2011-01-11 12:55:00,2011-10-06 13:05:00,268,£1k-5k,5-9 orders
15520,343.5,1,314,19.083333333333332,2011-12-08 10:58:00,2011-12-08 10:58:00,0,£100-500,1 order
15521,3000.2,8,1836,16.217297297297296,2011-03-30 09:15:00,2011-10-30 13:42:00,214,£1k-5k,5-9 orders
15522,398.84,2,573,6.99719298245614,2011-09-13 12:26:00,2011-11-07 11:26:00,54,£100-500,2 orders
15523,412.01000000000005,1,132,41.20100000000001,2011-09-16 16:29:00,2011-09-16 16:29:00,0,£100-500,1 order
15524,440.0,1,4,440.0,2011-11-15 12:09:00,2011-11-15 12:09:00,0,£100-500,1 order
15525,825.92,3,416,4.64,2010-12-01 13:17:00,2011-12-07 14:43:00,371,£500-1k,3-4 orders
15526,148.44,2,24,37.11,2011-11-06 15:01:00,2011-11-06 15:04:00,0,£100-500,2 orders
15527,2429.78,8,992,14.906625766871167,2010-12-20 14:15:00,2011-11-21 12:17:00,335,£1k-5k,5-9 orders
15528,229.33,1,123,8.820384615384615,2011-03-30 16:14:00,2011-03-30 16:14:00,0,£100-500,1 order
15529,3995.23,11,3496,5.945282738095238,2010-12-08 12:24:00,2011-11-17 11:29:00,343,£1k-5k,10-19 orders
15530,1502.35,4,950,13.910648148148148,2011-04-07 11:16:00,2011-11-18 12:25:00,225,£1k-5k,3-4 orders
15531,2007.44,2,1105,8.804561403508773,2011-11-09 17:47:00,2011-12-01 18:43:00,22,£1k-5k,2 orders
15532,1580.93,4,521,6.1755078125,2010-12-16 16:45:00,2011-11-14 14:51:00,332,£1k-5k,3-4 orders
15533,807.57,3,289,9.729759036144578,2011-09-11 15:41:00,2011-11-20 15:35:00,69,£500-1k,3-4 orders
15535,536.4,4,143,7.152,2011-01-16 12:35:00,2011-06-19 16:02:00,154,£500-1k,3-4 orders
15537,110.92,1,29,4.621666666666667,2011-06-29 13:10:00,2011-06-29 13:10:00,0,£100-500,1 order
15539,538.46,1,410,13.133170731707319,2011-12-02 13:36:00,2011-12-02 13:36:00,0,£500-1k,1 order
15540,213.3,1,200,14.22,2011-11-28 13:51:00,2011-11-28 13:51:00,0,£100-500,1 order
15541,85.13000000000001,1,49,2.9355172413793107,2011-08-17 14:58:00,2011-08-17 14:58:00,0,£0-100,1 order
15543,127.86,1,86,4.566428571428571,2011-02-24 15:26:00,2011-02-24 15:26:00,0,£100-500,1 order
15544,3546.71,9,3109,13.693861003861004,2010-12-02 12:47:00,2011-11-30 16:43:00,363,£1k-5k,5-9 orders
15545,292.71999999999997,2,163,3.613827160493827,2010-12-03 17:28:00,2011-10-16 13:24:00,316,£100-500,2 orders
15547,4954.84,14,4032,7.058176638176638,2010-12-12 13:26:00,2011-12-02 12:52:00,354,£1k-5k,10-19 orders
15549,1693.26,3,698,14.724,2011-01-27 15:38:00,2011-09-23 16:22:00,239,£1k-5k,3-4 orders
15550,575.63,4,295,9.43655737704918,2011-02-11 12:49:00,2011-12-05 15:38:00,297,£500-1k,3-4 orders
15551,436.06,1,218,15.036551724137931,2011-11-03 12:37:00,2011-11-03 12:37:00,0,£100-500,1 order
15552,90.12,1,60,5.301176470588236,2011-05-06 14:47:00,2011-05-06 14:47:00,0,£0-100,1 order
15553,437.23,1,451,7.807678571428572,2011-10-10 14:02:00,2011-10-10 14:02:00,0,£100-500,1 order
15554,217.2,1,74,15.514285714285714,2011-03-07 09:00:00,2011-03-07 09:00:00,0,£100-500,1 order
15555,4805.17,16,4439,5.345016685205784,2010-12-05 14:45:00,2011-11-27 16:19:00,357,£1k-5k,10-19 orders
15556,279.77,1,236,9.024838709677418,2011-11-15 16:08:00,2011-11-15 16:08:00,0,£100-500,1 order
15557,473.65000000000003,1,219,23.6825,2011-11-11 12:46:00,2011-11-11 12:46:00,0,£100-500,1 order
15561,800.59,4,267,29.651481481481483,2011-05-08 11:38:00,2011-11-28 11:07:00,203,£500-1k,3-4 orders
15562,134.55,1,39,134.55,2010-12-23 09:55:00,2010-12-23 09:55:00,0,£100-500,1 order
15563,1400.44,4,1501,12.393274336283186,2010-12-16 11:27:00,2011-11-17 14:50:00,336,£1k-5k,3-4 orders
15565,173.16,2,60,21.645,2011-09-30 10:44:00,2011-10-20 14:33:00,20,£100-500,2 orders
15567,186.01,1,223,26.572857142857142,2011-11-21 10:48:00,2011-11-21 10:48:00,0,£100-500,1 order
15568,758.29,3,461,14.307358490566036,2011-09-27 14:37:00,2011-12-07 11:27:00,70,£500-1k,3-4 orders
15569,1375.71,5,666,44.377741935483876,2011-01-11 13:26:00,2011-08-28 10:15:00,228,£1k-5k,5-9 orders
15570,4165.52,12,2067,12.896346749226007,2010-12-05 12:57:00,2011-12-02 14:47:00,362,£1k-5k,10-19 orders
15571,650.4300000000001,4,264,11.411052631578949,2011-09-22 13:15:00,2011-11-28 10:02:00,66,£500-1k,3-4 orders
15572,2552.86,7,1229,11.873767441860466,2011-03-06 14:44:00,2011-12-05 10:09:00,273,£1k-5k,5-9 orders
15573,607.45,2,363,5.840865384615385,2011-09-15 12:16:00,2011-11-08 11:38:00,53,£500-1k,2 orders
15574,702.25,4,349,4.180059523809524,2010-12-02 15:46:00,2011-06-15 12:01:00,194,£500-1k,3-4 orders
15576,940.6700000000001,1,404,20.90377777777778,2011-11-02 12:03:00,2011-11-02 12:03:00,0,£500-1k,1 order
15577,258.88,3,89,6.637948717948718,2011-02-07 13:32:00,2011-07-11 17:03:00,154,£100-500,3-4 orders
15578,127.1,1,52,9.776923076923076,2011-06-30 13:03:00,2011-06-30 13:03:00,0,£100-500,1 order
15579,348.6,2,120,6.835294117647059,2011-01-30 12:09:00,2011-10-02 12:45:00,245,£100-500,2 orders
15581,3679.9700000000003,13,286,24.69778523489933,2010-12-08 14:38:00,2011-08-11 09:38:00,245,£1k-5k,10-19 orders
15582,682.9100000000001,3,453,15.52068181818182,2011-05-03 13:36:00,2011-11-15 09:55:00,195,£500-1k,3-4 orders
15584,725.11,4,314,5.895203252032521,2011-06-30 16:39:00,2011-11-16 10:55:00,138,£500-1k,3-4 orders
15585,455.3,1,320,14.687096774193549,2011-06-16 08:38:00,2011-06-16 08:38:00,0,£100-500,1 order
15587,913.6800000000001,4,312,101.52000000000001,2010-12-23 09:59:00,2011-10-20 13:37:00,301,£500-1k,3-4 orders
15589,478.53000000000003,3,243,16.501034482758623,2011-02-02 10:46:00,2011-03-29 09:54:00,54,£100-500,3-4 orders
15592,388.58,1,354,16.190833333333334,2011-10-24 08:59:00,2011-10-24 08:59:00,0,£100-500,1 order
15593,199.8,1,60,39.96,2011-09-30 11:46:00,2011-09-30 11:46:00,0,£100-500,1 order
15594,1771.78,5,983,17.201747572815535,2011-04-19 10:08:00,2011-11-24 08:53:00,218,£1k-5k,5-9 orders
15596,1406.59,5,561,18.267402597402597,2010-12-09 16:10:00,2011-08-31 10:55:00,264,£1k-5k,5-9 orders
15597,324.57,1,279,14.753181818181817,2011-11-04 13:26:00,2011-11-04 13:26:00,0,£100-500,1 order
15598,240.68,1,160,17.19142857142857,2011-10-17 16:04:00,2011-10-17 16:04:00,0,£100-500,1 order
15599,761.74,2,718,14.648846153846154,2011-05-19 13:05:00,2011-11-13 11:44:00,177,£500-1k,2 orders
15601,6776.56,14,4983,16.52819512195122,2010-12-02 10:39:00,2011-11-28 15:15:00,361,£5k-10k,10-19 orders
15602,1297.8700000000001,9,1137,28.214565217391307,2010-12-06 15:35:00,2011-12-01 14:14:00,359,£1k-5k,5-9 orders
15603,48.480000000000004,1,96,24.240000000000002,2011-09-22 10:04:00,2011-09-22 10:04:00,0,£0-100,1 order
15604,216.39,1,159,12.728823529411764,2011-10-18 14:47:00,2011-10-18 14:47:00,0,£100-500,1 order
15605,1198.23,5,441,17.88402985074627,2010-12-01 13:38:00,2011-11-03 14:17:00,337,£1k-5k,5-9 orders
15606,2920.16,9,892,37.92415584415584,2011-01-19 12:07:00,2011-10-09 15:47:00,263,£1k-5k,5-9 orders
15607,104.76,1,202,8.05846153846154,2011-01-07 12:44:00,2011-01-07 12:44:00,0,£100-500,1 order
15608,1093.68,4,714,18.228,2011-08-11 09:56:00,2011-11-11 13:20:00,92,£1k-5k,3-4 orders
15609,298.48,1,148,18.655,2011-06-08 13:00:00,2011-06-08 13:00:00,0,£100-500,1 order
15610,112.46000000000001,1,66,18.743333333333336,2011-10-19 10:36:00,2011-10-19 10:36:00,0,£100-500,1 order
15611,1591.45,13,504,37.01046511627907,2011-01-09 11:32:00,2011-11-30 12:36:00,325,£1k-5k,10-19 orders
15612,195.15,2,52,32.525,2011-10-09 12:49:00,2011-11-03 14:52:00,25,£100-500,2 orders
15615,10399.74,23,5508,24.585673758865248,2010-12-15 16:21:00,2011-11-29 14:42:00,348,£10k+,20+ orders
15618,776.851,4,454,17.263355555555556,2011-07-26 10:13:00,2011-11-07 08:34:00,103,£500-1k,3-4 orders
15619,336.40000000000003,1,136,112.13333333333334,2011-11-29 08:14:00,2011-11-29 08:14:00,0,£100-500,1 order
15620,1553.18,3,915,15.5318,2010-12-16 14:34:00,2011-10-14 12:41:00,301,£1k-5k,3-4 orders
15621,1293.03,4,501,80.814375,2011-11-18 11:49:00,2011-12-05 14:01:00,17,£1k-5k,3-4 orders
15622,3709.56,9,1674,20.051675675675675,2011-03-02 13:42:00,2011-10-27 16:44:00,239,£1k-5k,5-9 orders
15623,301.03,1,125,15.843684210526314,2011-07-21 17:26:00,2011-07-21 17:26:00,0,£100-500,1 order
15624,588.13,4,357,17.297941176470587,2011-03-28 13:32:00,2011-08-15 11:38:00,139,£500-1k,3-4 orders
15625,1534.26,4,1188,23.9728125,2011-04-18 14:01:00,2011-08-28 10:21:00,131,£1k-5k,3-4 orders
15626,675.8,2,766,13.791836734693877,2011-01-14 10:10:00,2011-09-26 10:03:00,254,£500-1k,2 orders
15628,2870.2400000000002,9,1894,18.51767741935484,2010-12-08 09:51:00,2011-12-05 10:24:00,362,£1k-5k,5-9 orders
15630,1186.35,2,800,19.772499999999997,2011-05-19 10:16:00,2011-10-25 15:36:00,159,£1k-5k,2 orders
15632,3285.31,8,2109,19.67251497005988,2011-03-10 08:29:00,2011-11-24 09:51:00,259,£1k-5k,5-9 orders
15634,243.55,1,99,16.236666666666668,2011-11-22 16:28:00,2011-11-22 16:28:00,0,£100-500,1 order
15636,724.76,2,284,28.9904,2011-03-02 14:50:00,2011-09-11 11:17:00,192,£500-1k,2 orders
15637,223.36,1,128,14.890666666666668,2011-10-18 08:28:00,2011-10-18 08:28:00,0,£100-500,1 order
15639,425.32,1,323,17.0128,2011-07-28 14:30:00,2011-07-28 14:30:00,0,£100-500,1 order
15640,12515.66,15,6607,25.858801652892563,2010-12-02 15:40:00,2011-12-05 14:35:00,367,£10k+,10-19 orders
15641,1887.2,4,1562,15.858823529411765,2010-12-15 14:45:00,2011-08-26 14:04:00,253,£1k-5k,3-4 orders
15643,664.0,3,246,20.12121212121212,2011-03-02 14:34:00,2011-06-01 07:38:00,90,£500-1k,3-4 orders
15644,813.0,4,557,3.4159663865546217,2011-03-23 15:37:00,2011-06-26 14:54:00,94,£500-1k,3-4 orders
15645,612.01,1,256,11.769423076923077,2011-11-21 11:55:00,2011-11-21 11:55:00,0,£500-1k,1 order
15646,447.64000000000004,3,394,12.789714285714288,2010-12-02 16:59:00,2011-07-05 09:53:00,214,£100-500,3-4 orders
15648,657.35,2,221,26.294,2011-03-17 18:59:00,2011-05-19 15:53:00,62,£500-1k,2 orders
15649,816.0,2,192,408.0,2010-12-07 10:06:00,2011-01-07 13:34:00,31,£500-1k,2 orders
15651,646.3,3,479,20.196875,2011-03-24 08:56:00,2011-11-03 08:41:00,223,£500-1k,3-4 orders
15652,337.74,1,208,16.082857142857144,2011-09-09 14:22:00,2011-09-09 14:22:00,0,£100-500,1 order
15653,877.4399999999999,2,1200,146.23999999999998,2011-08-16 09:50:00,2011-09-08 10:49:00,23,£500-1k,2 orders
15654,922.53,2,475,43.93,2011-11-13 15:15:00,2011-11-30 13:08:00,16,£500-1k,2 orders
15655,560.67,1,324,16.490294117647057,2011-04-10 15:25:00,2011-04-10 15:25:00,0,£500-1k,1 order
15656,748.5,4,343,15.925531914893616,2011-02-28 15:32:00,2011-10-25 14:56:00,238,£500-1k,3-4 orders
15657,30.0,1,24,30.0,2011-11-17 12:19:00,2011-11-17 12:19:00,0,£0-100,1 order
15658,1024.1000000000001,5,242,21.33541666666667,2010-12-02 10:53:00,2011-06-02 15:22:00,182,£1k-5k,5-9 orders
15659,306.45,1,111,27.85909090909091,2011-10-27 09:23:00,2011-10-27 09:23:00,0,£100-500,1 order
15660,1600.86,9,1050,17.787333333333333,2010-12-09 09:49:00,2011-11-14 16:58:00,340,£1k-5k,5-9 orders
15661,309.8,2,236,61.96,2011-01-05 12:32:00,2011-01-26 13:56:00,21,£100-500,2 orders
15663,138.14,1,106,15.348888888888887,2011-08-25 15:50:00,2011-08-25 15:50:00,0,£100-500,1 order
15664,386.43,1,157,22.731176470588235,2011-10-20 10:57:00,2011-10-20 10:57:00,0,£100-500,1 order
15665,2242.01,2,1666,19.327672413793106,2011-04-10 15:09:00,2011-06-24 14:57:00,74,£1k-5k,2 orders
15667,301.32,1,240,23.178461538461537,2011-10-31 10:56:00,2011-10-31 10:56:00,0,£100-500,1 order
15668,76.32000000000001,1,72,76.32000000000001,2011-05-06 10:39:00,2011-05-06 10:39:00,0,£0-100,1 order
15669,684.34,4,342,20.737575757575758,2011-03-21 09:13:00,2011-10-30 16:03:00,223,£500-1k,3-4 orders
15670,173.05,1,91,14.420833333333334,2011-02-16 10:50:00,2011-02-16 10:50:00,0,£100-500,1 order
15671,2657.13,7,1699,34.065769230769234,2011-03-14 09:37:00,2011-11-21 12:43:00,252,£1k-5k,5-9 orders
15673,2881.02,4,1514,18.587225806451613,2011-01-16 16:25:00,2011-09-12 16:12:00,238,£1k-5k,3-4 orders
15674,2446.6,5,1275,21.46140350877193,2011-03-30 09:19:00,2011-09-27 15:17:00,181,£1k-5k,5-9 orders
15675,323.69,3,527,15.413809523809524,2011-03-04 14:21:00,2011-09-19 13:48:00,198,£100-500,3-4 orders
15676,3435.76,3,2252,17.00871287128713,2011-03-01 10:19:00,2011-11-21 12:40:00,265,£1k-5k,3-4 orders
15677,657.23,1,319,19.916060606060608,2011-10-21 15:36:00,2011-10-21 15:36:00,0,£500-1k,1 order
15678,352.7,1,184,29.391666666666666,2011-10-18 09:25:00,2011-10-18 09:25:00,0,£100-500,1 order
15679,781.28,4,1170,7.102545454545455,2011-06-10 08:24:00,2011-11-15 16:19:00,158,£500-1k,3-4 orders
15680,1333.68,3,952,17.09846153846154,2010-12-08 14:43:00,2011-11-30 13:46:00,356,£1k-5k,3-4 orders
15681,1426.16,5,816,26.90867924528302,2011-03-04 13:46:00,2011-11-14 16:30:00,255,£1k-5k,5-9 orders
15683,193.75,1,131,19.375,2011-08-14 12:56:00,2011-08-14 12:56:00,0,£100-500,1 order
15687,2993.1,9,1310,18.030722891566263,2011-01-13 15:13:00,2011-12-01 08:33:00,321,£1k-5k,5-9 orders
15689,254.1,2,84,28.233333333333334,2010-12-13 09:57:00,2011-08-12 09:37:00,241,£100-500,2 orders
15690,239.76,2,408,12.618947368421052,2011-08-31 11:40:00,2011-12-05 15:59:00,96,£100-500,2 orders
15691,136.8,1,72,68.4,2011-04-01 15:13:00,2011-04-01 15:13:00,0,£100-500,1 order
15692,191.04,1,138,15.92,2011-11-11 14:12:00,2011-11-11 14:12:00,0,£100-500,1 order
15694,6479.4,14,1677,83.06923076923077,2010-12-02 07:49:00,2011-12-09 09:44:00,372,£5k-10k,10-19 orders
15695,409.98,2,212,18.635454545454547,2011-03-18 08:31:00,2011-03-18 08:32:00,0,£100-500,2 orders
15696,2736.46,8,1028,16.002690058479534,2011-01-17 11:24:00,2011-11-06 14:02:00,293,£1k-5k,5-9 orders
15699,309.65,1,113,17.202777777777776,2011-11-22 08:26:00,2011-11-22 08:26:00,0,£100-500,1 order
15700,696.68,2,357,8.10093023255814,2011-06-19 15:36:00,2011-06-20 16:53:00,1,£500-1k,2 orders
15701,1542.14,4,923,6.506919831223629,2011-08-21 12:36:00,2011-12-07 14:39:00,108,£1k-5k,3-4 orders
15703,211.5,1,66,42.3,2011-03-20 10:51:00,2011-03-20 10:51:00,0,£100-500,1 order
15704,2293.62,4,1028,19.603589743589744,2011-05-08 12:42:00,2011-07-22 13:35:00,75,£1k-5k,3-4 orders
15705,143.1,1,62,23.849999999999998,2011-05-22 15:37:00,2011-05-22 15:37:00,0,£100-500,1 order
15706,1060.56,4,321,19.28290909090909,2011-08-15 14:32:00,2011-10-07 10:09:00,52,£1k-5k,3-4 orders
15707,945.58,4,605,4.418598130841121,2011-09-14 14:19:00,2011-11-04 14:35:00,51,£500-1k,3-4 orders
15708,3364.2400000000002,7,1267,11.68138888888889,2010-12-05 11:12:00,2011-10-30 10:54:00,328,£1k-5k,5-9 orders
15709,133.25,1,121,22.208333333333332,2011-03-01 10:38:00,2011-03-01 10:38:00,0,£100-500,1 order
15712,1072.3600000000001,5,486,20.233207547169815,2011-02-25 11:32:00,2011-11-30 14:09:00,278,£1k-5k,5-9 orders
15713,356.7,2,150,18.773684210526316,2010-12-08 15:16:00,2011-07-19 13:34:00,222,£100-500,2 orders
15714,330.88,2,187,9.453714285714286,2011-09-23 11:25:00,2011-11-28 11:26:00,66,£100-500,2 orders
15716,1118.81,4,744,9.481440677966102,2010-12-05 12:26:00,2011-07-17 11:59:00,223,£1k-5k,3-4 orders
15717,150.3,1,70,21.47142857142857,2011-04-19 13:21:00,2011-04-19 13:21:00,0,£100-500,1 order
15719,5045.61,13,2725,5.384855923159018,2011-01-06 12:31:00,2011-11-07 12:29:00,304,£5k-10k,10-19 orders
15720,598.73,1,281,4.677578125,2011-11-15 14:48:00,2011-11-15 14:48:00,0,£500-1k,1 order
15721,507.08,1,409,5.572307692307692,2011-11-28 12:14:00,2011-11-28 12:14:00,0,£500-1k,1 order
15722,2222.56,5,1026,32.21101449275362,2011-02-22 12:24:00,2011-11-04 11:43:00,254,£1k-5k,5-9 orders
15723,203.1,1,87,4.953658536585365,2010-12-10 11:12:00,2010-12-10 11:12:00,0,£100-500,1 order
15724,218.25,2,73,19.84090909090909,2011-02-28 10:40:00,2011-05-22 14:40:00,83,£100-500,2 orders
15725,415.25,1,221,12.9765625,2011-11-24 14:51:00,2011-11-24 14:51:00,0,£100-500,1 order
15727,5178.96,7,3065,17.14887417218543,2010-12-15 15:47:00,2011-11-23 12:36:00,342,£5k-10k,5-9 orders
15729,85.0,1,28,17.0,2011-05-11 12:36:00,2011-05-11 12:36:00,0,£0-100,1 order
15730,1120.88,3,689,16.01257142857143,2011-05-17 12:43:00,2011-10-05 12:31:00,140,£1k-5k,3-4 orders
15732,294.12,2,215,21.00857142857143,2010-12-02 15:00:00,2011-05-11 14:24:00,159,£100-500,2 orders
15733,162.3,1,62,16.23,2011-03-02 09:05:00,2011-03-02 09:05:00,0,£100-500,1 order
15734,1339.45,2,346,51.517307692307696,2011-05-23 14:59:00,2011-08-17 10:50:00,85,£1k-5k,2 orders
15737,1205.1200000000001,8,599,16.73777777777778,2011-04-11 10:01:00,2011-11-25 11:21:00,228,£1k-5k,5-9 orders
15738,4812.42,16,2982,27.817456647398846,2010-12-02 12:50:00,2011-11-21 08:26:00,353,£1k-5k,10-19 orders
15739,449.12,1,472,56.14,2011-10-04 13:42:00,2011-10-04 13:42:00,0,£100-500,1 order
15740,154.88,1,152,17.20888888888889,2011-10-21 14:29:00,2011-10-21 14:29:00,0,£100-500,1 order
15743,784.46,4,216,8.914318181818182,2011-06-08 10:14:00,2011-11-23 17:19:00,168,£500-1k,3-4 orders
15744,34.8,1,120,11.6,2011-09-23 09:52:00,2011-09-23 09:52:00,0,£0-100,1 order
15745,1094.59,4,421,17.654677419354837,2011-04-17 13:04:00,2011-11-20 13:45:00,217,£1k-5k,3-4 orders
15746,196.88,1,178,7.031428571428571,2011-07-28 15:21:00,2011-07-28 15:21:00,0,£100-500,1 order
15747,974.04,3,480,10.473548387096773,2011-06-20 11:30:00,2011-11-27 12:26:00,160,£500-1k,3-4 orders
15748,149.31,1,51,7.11,2011-10-30 12:51:00,2011-10-30 12:51:00,0,£100-500,1 order
15749,44534.3,3,18028,4453.43,2011-01-11 12:55:00,2011-04-18 13:20:00,97,£10k+,3-4 orders
15750,2465.48,8,1786,8.414607508532423,2010-12-08 10:36:00,2011-12-07 12:34:00,364,£1k-5k,5-9 orders
15752,2637.38,7,1978,6.41698296836983,2010-12-02 09:43:00,2011-10-31 11:37:00,333,£1k-5k,5-9 orders
15753,79.2,1,144,79.2,2011-02-08 12:41:00,2011-02-08 12:41:00,0,£0-100,1 order
15754,458.57,3,199,16.3775,2011-04-07 12:24:00,2011-10-19 14:40:00,195,£100-500,3-4 orders
15755,2364.25,6,1427,16.7677304964539,2011-02-18 11:53:00,2011-11-29 14:57:00,284,£1k-5k,5-9 orders
15756,532.96,4,242,2.7758333333333334,2011-04-04 14:00:00,2011-10-09 13:30:00,187,£500-1k,3-4 orders
15757,714.42,2,491,15.876,2011-05-06 11:40:00,2011-10-05 12:14:00,152,£500-1k,2 orders
15758,205.25,1,47,22.805555555555557,2011-11-15 10:48:00,2011-11-15 10:48:00,0,£100-500,1 order
15759,253.04,3,60,36.14857142857143,2010-12-16 15:29:00,2011-05-05 15:13:00,139,£100-500,3-4 orders
15762,583.75,2,251,15.777027027027026,2011-09-23 15:17:00,2011-10-05 16:15:00,12,£500-1k,2 orders
15763,1086.92,2,271,17.818360655737706,2011-09-23 12:10:00,2011-11-08 09:44:00,45,£1k-5k,2 orders
15764,3279.97,6,2050,18.222055555555553,2011-03-08 09:23:00,2011-09-12 17:58:00,188,£1k-5k,5-9 orders
15766,315.06,1,170,28.64181818181818,2011-10-06 17:03:00,2011-10-06 17:03:00,0,£100-500,1 order
15768,621.8299999999999,3,244,23.03074074074074,2011-04-28 09:20:00,2011-08-16 10:48:00,110,£500-1k,3-4 orders
15769,56252.72,26,29672,432.7132307692308,2010-12-03 15:16:00,2011-12-02 13:52:00,363,£10k+,20+ orders
15773,635.6800000000001,1,311,63.568000000000005,2011-12-04 12:48:00,2011-12-04 12:48:00,0,£500-1k,1 order
15774,270.8,1,87,10.832,2011-10-02 12:04:00,2011-10-02 12:04:00,0,£100-500,1 order
15775,104.9,1,68,14.985714285714286,2011-04-08 12:56:00,2011-04-08 12:56:00,0,£100-500,1 order
15776,241.62,1,138,13.423333333333334,2011-07-29 13:46:00,2011-07-29 13:46:00,0,£100-500,1 order
15777,1047.11,4,378,49.862380952380946,2010-12-13 16:38:00,2011-04-12 16:43:00,120,£1k-5k,3-4 orders
15780,475.28000000000003,3,220,16.38896551724138,2010-12-17 11:43:00,2011-06-09 12:01:00,174,£100-500,3-4 orders
15781,345.46,3,180,17.273,2011-02-07 09:15:00,2011-11-14 14:57:00,280,£100-500,3-4 orders
15782,2614.7400000000002,3,864,60.80790697674419,2011-09-11 14:29:00,2011-11-30 10:49:00,79,£1k-5k,3-4 orders
15783,246.3,1,212,17.592857142857145,2011-11-29 09:50:00,2011-11-29 09:50:00,0,£100-500,1 order
15785,2328.9700000000003,5,1612,28.059879518072293,2011-02-17 14:17:00,2011-11-07 11:33:00,262,£1k-5k,5-9 orders
15786,4932.2,3,3364,18.47265917602996,2011-08-17 13:33:00,2011-10-24 14:13:00,68,£1k-5k,3-4 orders
15787,948.05,3,540,4.602184466019417,2011-10-09 13:11:00,2011-11-13 14:55:00,35,£500-1k,3-4 orders
15789,351.3,1,438,14.052,2010-12-16 14:35:00,2010-12-16 14:35:00,0,£100-500,1 order
15790,220.85,1,114,6.31,2011-11-29 14:53:00,2011-11-29 14:53:00,0,£100-500,1 order
15791,1612.69,2,731,21.502533333333336,2011-05-19 15:15:00,2011-10-27 10:14:00,160,£1k-5k,2 orders
15793,965.61,3,553,80.4675,2011-03-16 10:45:00,2011-11-25 09:31:00,253,£500-1k,3-4 orders
15795,610.01,1,581,14.524047619047618,2011-07-13 10:43:00,2011-07-13 10:43:00,0,£500-1k,1 order
15796,2711.56,8,861,20.38766917293233,2011-02-10 15:40:00,2011-12-08 19:55:00,301,£1k-5k,5-9 orders
15797,2207.4,4,873,275.925,2011-01-24 15:47:00,2011-08-18 17:04:00,206,£1k-5k,3-4 orders
15799,884.14,3,955,9.021836734693878,2011-01-09 15:13:00,2011-09-25 12:46:00,258,£500-1k,3-4 orders
15800,699.08,2,335,5.874621848739496,2011-04-07 12:39:00,2011-08-24 14:23:00,139,£500-1k,2 orders
15801,1063.95,3,570,16.62421875,2011-08-22 09:53:00,2011-10-24 13:52:00,63,£1k-5k,3-4 orders
15802,451.42,1,1,451.42,2011-07-20 11:38:00,2011-07-20 11:38:00,0,£100-500,1 order
15803,415.82000000000005,1,290,51.977500000000006,2011-10-19 14:56:00,2011-10-19 14:56:00,0,£100-500,1 order
15804,4206.39,13,2565,16.05492366412214,2011-05-25 10:12:00,2011-12-09 12:31:00,198,£1k-5k,10-19 orders
15805,5528.4800000000005,17,3387,18.367043189368772,2010-12-10 09:33:00,2011-11-16 16:32:00,341,£5k-10k,10-19 orders
15806,784.58,3,602,25.309032258064516,2011-03-08 09:24:00,2011-10-24 14:35:00,230,£500-1k,3-4 orders
15807,903.9,3,430,18.83125,2011-09-23 14:43:00,2011-10-20 14:10:00,26,£500-1k,3-4 orders
15808,3734.9700000000003,4,1343,17.95658653846154,2010-12-05 13:05:00,2011-02-06 14:33:00,63,£1k-5k,3-4 orders
15809,515.77,5,301,14.736285714285714,2011-02-10 11:16:00,2011-11-03 16:40:00,266,£500-1k,5-9 orders
15810,1391.98,4,861,15.640224719101123,2011-02-16 09:11:00,2011-09-22 09:38:00,218,£1k-5k,3-4 orders
15811,2218.62,6,1071,16.681353383458646,2010-12-09 15:29:00,2011-11-17 15:31:00,343,£1k-5k,5-9 orders
15812,1801.14,5,922,43.930243902439024,2011-01-26 12:12:00,2011-08-24 14:19:00,210,£1k-5k,5-9 orders
15813,1303.9099999999999,2,603,32.59775,2011-04-14 09:09:00,2011-05-16 08:13:00,31,£1k-5k,2 orders
15814,1945.33,4,1271,27.018472222222222,2011-10-20 09:04:00,2011-11-23 08:17:00,33,£1k-5k,3-4 orders
15815,2100.6,5,1856,42.86938775510204,2011-03-25 08:43:00,2011-10-07 12:42:00,196,£1k-5k,5-9 orders
15819,1905.45,4,1357,15.491463414634147,2011-03-08 09:45:00,2011-10-21 14:50:00,227,£1k-5k,3-4 orders
15820,206.98,1,128,12.175294117647057,2011-01-24 12:00:00,2011-01-24 12:00:00,0,£100-500,1 order
15821,570.96,2,202,9.209032258064516,2011-10-09 13:28:00,2011-10-26 15:48:00,17,£500-1k,2 orders
15822,885.47,2,375,26.832424242424242,2010-12-15 13:38:00,2011-12-06 14:50:00,356,£500-1k,2 orders
15823,15.0,1,1,15.0,2010-12-02 15:08:00,2010-12-02 15:08:00,0,£0-100,1 order
15825,532.94,1,220,26.647000000000002,2011-06-20 13:27:00,2011-06-20 13:27:00,0,£500-1k,1 order
15826,1654.31,3,963,24.328088235294118,2011-05-13 10:44:00,2011-10-14 16:05:00,154,£1k-5k,3-4 orders
15827,1836.0900000000001,14,882,15.966000000000001,2010-12-02 13:06:00,2011-09-27 15:35:00,299,£1k-5k,10-19 orders
15829,636.14,2,996,12.473333333333333,2011-07-22 10:23:00,2011-09-01 16:45:00,41,£500-1k,2 orders
15830,576.0,1,415,14.76923076923077,2011-11-02 10:40:00,2011-11-02 10:40:00,0,£500-1k,1 order
15831,801.76,3,1105,11.790588235294118,2011-01-19 14:52:00,2011-10-12 13:14:00,265,£500-1k,3-4 orders
15832,836.79,1,465,15.49611111111111,2011-03-30 15:29:00,2011-03-30 15:29:00,0,£500-1k,1 order
15834,2233.75,4,965,8.182234432234432,2011-03-07 17:52:00,2011-09-30 14:41:00,206,£1k-5k,3-4 orders
15835,954.09,4,439,19.0818,2011-01-13 10:35:00,2011-10-26 15:47:00,286,£500-1k,3-4 orders
15836,137.37,1,26,13.737,2011-10-20 17:13:00,2011-10-20 17:13:00,0,£100-500,1 order
15837,391.98,1,189,16.3325,2011-10-06 09:01:00,2011-10-06 09:01:00,0,£100-500,1 order
15838,33643.08,19,18368,201.45556886227547,2010-12-07 11:26:00,2011-11-28 14:00:00,356,£10k+,10-19 orders
15839,1048.49,3,675,16.911129032258064,2011-07-14 16:35:00,2011-11-06 13:54:00,114,£1k-5k,3-4 orders
15840,355.56,2,396,13.168888888888889,2011-06-20 11:42:00,2011-10-12 09:08:00,113,£100-500,2 orders
15841,1224.06,4,942,26.043829787234042,2011-01-05 11:25:00,2011-09-28 12:15:00,266,£1k-5k,3-4 orders
15843,118.95000000000002,1,27,14.868750000000002,2011-02-09 10:19:00,2011-02-09 10:19:00,0,£100-500,1 order
15844,130.73999999999998,1,134,11.885454545454543,2011-10-24 15:19:00,2011-10-24 15:19:00,0,£100-500,1 order
15845,3711.77,8,1926,26.896884057971015,2011-01-06 17:19:00,2011-11-22 09:42:00,319,£1k-5k,5-9 orders
15847,389.27,2,449,17.694090909090907,2011-02-24 16:46:00,2011-11-01 14:41:00,249,£100-500,2 orders
15850,238.85,2,302,2.4623711340206187,2011-06-24 14:16:00,2011-11-20 14:14:00,148,£100-500,2 orders
15852,160.71,2,48,7.305000000000001,2011-05-26 13:26:00,2011-06-06 11:22:00,10,£100-500,2 orders
15853,110.8,1,135,3.6933333333333334,2011-10-19 10:38:00,2011-10-19 10:38:00,0,£100-500,1 order
15854,2974.65,12,939,21.247500000000002,2010-12-13 11:47:00,2011-12-05 13:39:00,357,£1k-5k,10-19 orders
15855,712.24,5,470,8.903,2011-03-21 12:32:00,2011-07-26 10:20:00,126,£500-1k,5-9 orders
15856,16387.57,27,11005,25.40708527131783,2010-12-09 13:34:00,2011-12-05 17:09:00,361,£10k+,20+ orders
15857,297.0,1,308,21.214285714285715,2011-11-21 12:18:00,2011-11-21 12:18:00,0,£100-500,1 order
15858,1438.85,5,1167,7.533246073298429,2010-12-07 14:31:00,2011-11-24 12:48:00,351,£1k-5k,5-9 orders
15860,977.21,8,440,6.881760563380282,2010-12-06 11:38:00,2011-10-30 11:25:00,327,£500-1k,5-9 orders
15861,3165.36,8,2544,5.797362637362638,2011-03-17 20:12:00,2011-11-27 15:59:00,254,£1k-5k,5-9 orders
15862,832.88,4,585,5.665850340136054,2010-12-01 11:21:00,2011-12-01 13:28:00,365,£500-1k,3-4 orders
15863,68.84,2,19,3.8244444444444445,2011-05-31 11:36:00,2011-11-14 12:49:00,167,£0-100,2 orders
15864,1936.3200000000002,6,1192,96.816,2011-01-27 16:43:00,2011-11-17 13:32:00,293,£1k-5k,5-9 orders
15865,895.13,3,368,22.37825,2011-05-10 11:44:00,2011-10-30 12:43:00,173,£500-1k,3-4 orders
15866,230.53,1,126,5.122888888888889,2011-08-30 14:09:00,2011-08-30 14:09:00,0,£100-500,1 order
15867,3812.64,15,2054,8.270368763557483,2010-12-05 14:17:00,2011-12-04 13:32:00,363,£1k-5k,10-19 orders
15869,149.64,2,175,9.975999999999999,2011-03-07 17:19:00,2011-03-07 17:23:00,0,£100-500,2 orders
15870,354.09000000000003,1,335,4.659078947368421,2011-11-07 10:58:00,2011-11-07 10:58:00,0,£100-500,1 order
15872,360.93,2,212,2.819765625,2011-11-25 11:54:00,2011-11-25 11:55:00,0,£100-500,2 orders
15874,4405.88,7,2534,36.71566666666667,2011-02-28 13:28:00,2011-10-07 12:31:00,220,£1k-5k,5-9 orders
15877,493.28,2,371,3.823875968992248,2011-11-22 11:18:00,2011-12-08 11:53:00,16,£100-500,2 orders
15880,343.28000000000003,1,211,3.2693333333333334,2010-12-05 13:00:00,2010-12-05 13:00:00,0,£100-500,1 order
15881,501.39000000000004,5,260,17.289310344827587,2010-12-10 13:32:00,2011-01-31 16:59:00,52,£500-1k,5-9 orders
15882,516.36,4,276,22.450434782608696,2010-12-06 13:01:00,2011-05-25 11:35:00,169,£500-1k,3-4 orders
15883,396.48,2,223,8.091428571428573,2011-11-06 14:50:00,2011-12-07 17:05:00,31,£100-500,2 orders
15885,379.35,3,111,21.075000000000003,2011-02-03 15:28:00,2011-09-08 10:43:00,216,£100-500,3-4 orders
15886,181.09,1,147,15.090833333333334,2011-10-10 14:25:00,2011-10-10 14:25:00,0,£100-500,1 order
15888,168.31,1,76,14.025833333333333,2011-09-20 12:30:00,2011-09-20 12:30:00,0,£100-500,1 order
15889,446.87,2,215,4.80505376344086,2010-12-05 15:12:00,2011-07-06 11:10:00,212,£100-500,2 orders
15891,524.52,1,442,8.459999999999999,2011-04-27 12:35:00,2011-04-27 12:35:00,0,£500-1k,1 order
15894,263.55,2,168,6.4280487804878055,2010-12-05 14:06:00,2011-03-31 13:50:00,115,£100-500,2 orders
15895,179.17,1,94,16.288181818181815,2011-07-13 10:27:00,2011-07-13 10:27:00,0,£100-500,1 order
15897,222.05,2,261,9.252083333333333,2011-05-29 13:32:00,2011-05-29 13:50:00,0,£100-500,2 orders
15898,1388.88,5,570,16.149767441860465,2010-12-06 11:01:00,2011-12-08 15:23:00,367,£1k-5k,5-9 orders
15899,56.25,1,39,14.0625,2010-12-06 10:36:00,2010-12-06 10:36:00,0,£0-100,1 order
15900,351.11,1,221,6.884509803921569,2011-11-16 12:19:00,2011-11-16 12:19:00,0,£100-500,1 order
15901,363.88,3,384,3.136896551724138,2011-07-08 12:18:00,2011-11-23 12:43:00,138,£100-500,3-4 orders
15903,5126.76,7,2410,69.28054054054054,2011-02-17 14:04:00,2011-11-30 08:08:00,285,£5k-10k,5-9 orders
15904,164.68,1,84,5.489333333333334,2011-12-01 14:50:00,2011-12-01 14:50:00,0,£100-500,1 order
15906,1567.69,7,544,10.451266666666667,2011-03-29 13:28:00,2011-11-20 12:24:00,235,£1k-5k,5-9 orders
15907,967.45,3,509,3.8853413654618474,2011-05-13 13:01:00,2011-12-06 12:21:00,206,£500-1k,3-4 orders
15909,191.94,1,98,27.419999999999998,2011-06-19 10:38:00,2011-06-19 10:38:00,0,£100-500,1 order
15910,1232.18,8,1015,4.614906367041199,2011-01-27 11:55:00,2011-12-09 10:51:00,315,£1k-5k,5-9 orders
15912,264.62,2,185,13.927368421052632,2011-04-20 17:10:00,2011-06-14 14:29:00,54,£100-500,2 orders
15916,1528.09,8,757,9.858645161290323,2010-12-08 13:07:00,2011-11-23 13:46:00,350,£1k-5k,5-9 orders
15917,123.1,1,42,10.258333333333333,2011-04-06 10:40:00,2011-04-06 10:40:00,0,£100-500,1 order
15918,334.23,2,153,8.35575,2011-03-13 15:55:00,2011-06-02 11:42:00,80,£100-500,2 orders
15919,639.89,2,545,4.4747552447552446,2010-12-06 11:26:00,2011-11-20 11:28:00,349,£500-1k,2 orders
15920,167.5,4,99,2.7916666666666665,2011-07-08 15:16:00,2011-07-08 15:31:00,0,£100-500,3-4 orders
15921,336.03000000000003,1,166,13.441200000000002,2011-06-20 11:03:00,2011-06-20 11:03:00,0,£100-500,1 order
15922,369.5,1,138,33.59090909090909,2010-12-01 13:51:00,2010-12-01 13:51:00,0,£100-500,1 order
15923,127.08,1,122,6.051428571428572,2010-12-02 12:16:00,2010-12-02 12:16:00,0,£100-500,1 order
15925,207.15,1,93,17.2625,2011-05-29 15:35:00,2011-05-29 15:35:00,0,£100-500,1 order
15930,426.63,1,139,20.315714285714286,2011-10-03 14:52:00,2011-10-03 14:52:00,0,£100-500,1 order
15932,2495.87,8,2325,21.703217391304346,2011-02-23 14:50:00,2011-12-05 17:13:00,285,£1k-5k,5-9 orders
15933,1107.46,3,885,14.965675675675676,2011-09-14 12:05:00,2011-11-18 13:14:00,65,£1k-5k,3-4 orders
15935,416.86,2,115,34.73833333333334,2011-04-12 09:35:00,2011-04-14 13:27:00,2,£100-500,2 orders
15937,145.35,1,73,20.764285714285712,2011-10-06 15:48:00,2011-10-06 15:48:00,0,£100-500,1 order
15938,404.58,5,240,22.476666666666667,2011-01-20 10:11:00,2011-08-19 12:56:00,211,£100-500,5-9 orders
15939,6115.01,15,4728,80.46065789473684,2011-01-12 12:43:00,2011-09-11 11:30:00,241,£5k-10k,10-19 orders
15940,35.8,1,4,35.8,2011-02-01 16:18:00,2011-02-01 16:18:00,0,£0-100,1 order
15942,337.44,1,232,24.102857142857143,2011-07-29 09:01:00,2011-07-29 09:01:00,0,£100-500,1 order
15944,325.1,1,50,54.18333333333334,2011-03-08 10:33:00,2011-03-08 10:33:00,0,£100-500,1 order
15945,181.0,1,52,90.5,2010-12-09 13:14:00,2010-12-09 13:14:00,0,£100-500,1 order
15947,1708.24,1,898,58.9048275862069,2011-09-18 10:46:00,2011-09-18 10:46:00,0,£1k-5k,1 order
15948,955.24,2,567,15.920666666666667,2011-10-27 08:35:00,2011-12-01 15:32:00,35,£500-1k,2 orders
15949,364.72,2,284,19.19578947368421,2011-09-29 17:34:00,2011-11-23 09:09:00,54,£100-500,2 orders
15950,1765.51,4,729,18.015408163265306,2010-12-15 11:56:00,2011-11-08 11:09:00,327,£1k-5k,3-4 orders
15951,708.22,2,313,17.273658536585366,2011-02-27 11:57:00,2011-12-01 08:34:00,276,£500-1k,2 orders
15952,806.57,4,399,8.863406593406594,2011-04-28 12:55:00,2011-11-06 11:18:00,191,£500-1k,3-4 orders
15953,1659.3799999999999,8,892,16.932448979591836,2010-12-05 15:15:00,2011-11-24 15:32:00,354,£1k-5k,5-9 orders
15955,4416.26,14,2135,24.13256830601093,2010-12-02 11:22:00,2011-11-15 14:15:00,348,£1k-5k,10-19 orders
15957,428.89,1,211,10.211666666666666,2011-11-08 12:14:00,2011-11-08 12:14:00,0,£100-500,1 order
15958,104.35,1,33,14.907142857142857,2011-09-26 13:41:00,2011-09-26 13:41:00,0,£100-500,1 order
15963,470.76,2,298,16.812857142857144,2011-10-25 13:05:00,2011-11-20 11:33:00,25,£100-500,2 orders
15965,845.64,4,453,6.931475409836065,2010-12-07 13:18:00,2011-11-22 16:44:00,350,£500-1k,3-4 orders
15967,418.83,2,211,4.986071428571428,2011-01-25 11:57:00,2011-11-16 15:41:00,295,£100-500,2 orders
15969,666.1,3,124,33.305,2011-06-07 12:19:00,2011-12-07 11:06:00,182,£500-1k,3-4 orders
15970,314.1,1,116,28.55454545454546,2011-02-09 12:08:00,2011-02-09 12:08:00,0,£100-500,1 order
15971,4199.85,12,1717,119.9957142857143,2011-02-01 16:47:00,2011-11-22 12:50:00,293,£1k-5k,10-19 orders
15973,307.82000000000005,1,106,76.95500000000001,2010-12-08 11:42:00,2010-12-08 11:42:00,0,£100-500,1 order
15974,3442.15,7,2262,19.557670454545455,2011-02-24 10:10:00,2011-10-31 13:13:00,249,£1k-5k,5-9 orders
15975,371.01,1,243,15.45875,2011-09-16 13:33:00,2011-09-16 13:33:00,0,£100-500,1 order
15976,430.94,2,277,4.39734693877551,2011-05-03 17:12:00,2011-06-27 13:00:00,54,£100-500,2 orders
15977,1054.73,2,1016,16.226615384615386,2011-10-31 16:24:00,2011-11-22 13:29:00,21,£1k-5k,2 orders
15978,1098.78,1,888,22.42408163265306,2011-09-23 15:21:00,2011-09-23 15:21:00,0,£1k-5k,1 order
15980,2398.86,3,1560,55.78744186046512,2011-03-30 15:05:00,2011-09-12 09:41:00,165,£1k-5k,3-4 orders
15981,3408.48,8,1866,35.13896907216495,2011-02-01 13:50:00,2011-11-15 08:00:00,286,£1k-5k,5-9 orders
15983,1475.02,4,892,13.053274336283186,2010-12-01 12:15:00,2011-11-17 17:34:00,351,£1k-5k,3-4 orders
15984,2837.67,10,1843,10.50988888888889,2010-12-06 13:21:00,2011-12-07 12:16:00,365,£1k-5k,10-19 orders
15985,1142.42,2,1086,30.876216216216218,2011-04-17 11:04:00,2011-08-08 16:31:00,113,£1k-5k,2 orders
15986,168.12,1,268,12.008571428571429,2011-11-09 15:17:00,2011-11-09 15:17:00,0,£100-500,1 order
15987,1451.28,7,1556,10.366285714285715,2010-12-06 08:34:00,2011-11-27 15:38:00,356,£1k-5k,5-9 orders
15988,158.03,1,181,5.852962962962963,2011-11-20 13:23:00,2011-11-20 13:23:00,0,£100-500,1 order
15990,792.11,2,443,15.232884615384616,2011-02-25 15:35:00,2011-10-26 15:58:00,243,£500-1k,2 orders
15992,41.989999999999995,1,17,13.996666666666664,2011-12-06 11:00:00,2011-12-06 11:00:00,0,£0-100,1 order
15993,2797.57,7,2051,5.068061594202899,2011-10-26 16:21:00,2011-12-01 10:45:00,35,£1k-5k,5-9 orders
15994,427.07,1,177,12.202,2011-10-16 12:28:00,2011-10-16 12:28:00,0,£100-500,1 order
15996,1060.68,6,384,8.159076923076924,2010-12-08 15:59:00,2011-09-12 15:14:00,277,£1k-5k,5-9 orders
15998,3089.97,5,2041,6.106660079051383,2010-12-12 13:32:00,2011-11-03 12:45:00,325,£1k-5k,5-9 orders
16000,12393.7,3,5110,1377.0777777777778,2011-12-07 12:14:00,2011-12-07 12:17:00,0,£10k+,3-4 orders
16003,2735.37,5,1185,26.556990291262135,2010-12-15 12:09:00,2011-11-10 09:57:00,329,£1k-5k,5-9 orders
16005,615.39,4,300,2.822889908256881,2011-03-14 11:46:00,2011-11-27 13:47:00,258,£500-1k,3-4 orders
16006,101.4,1,84,12.675,2011-05-12 13:12:00,2011-05-12 13:12:00,0,£100-500,1 order
16007,1701.94,4,1393,4.420623376623377,2011-05-08 13:32:00,2011-10-23 11:05:00,167,£1k-5k,3-4 orders
16008,478.78,3,323,14.508484848484848,2011-05-19 10:54:00,2011-11-16 10:32:00,180,£100-500,3-4 orders
16009,992.71,4,378,11.030111111111111,2011-07-03 11:26:00,2011-11-17 16:51:00,137,£500-1k,3-4 orders
16010,407.5,3,210,4.738372093023256,2010-12-12 12:18:00,2011-04-08 10:14:00,116,£100-500,3-4 orders
16011,3362.71,16,2042,15.86183962264151,2010-12-08 16:34:00,2011-12-01 16:31:00,357,£1k-5k,10-19 orders
16012,1415.29,3,799,15.05627659574468,2011-07-07 18:02:00,2011-11-04 13:25:00,119,£1k-5k,3-4 orders
16013,37130.6,47,15536,267.126618705036,2010-12-03 13:09:00,2011-12-06 10:36:00,367,£10k+,20+ orders
16014,662.38,3,265,4.5681379310344825,2011-02-21 17:42:00,2011-11-02 12:04:00,253,£500-1k,3-4 orders
16015,705.39,3,909,3.875769230769231,2011-10-21 12:56:00,2011-12-06 10:58:00,45,£500-1k,3-4 orders
16016,1508.76,8,620,6.420255319148936,2010-12-08 12:36:00,2011-12-06 14:35:00,363,£1k-5k,5-9 orders
16017,211.88,1,102,6.62125,2011-10-23 12:56:00,2011-10-23 12:56:00,0,£100-500,1 order
16018,408.90000000000003,2,190,14.60357142857143,2011-06-12 13:52:00,2011-10-31 14:13:00,141,£100-500,2 orders
16019,3786.2400000000002,9,1733,23.664,2010-12-10 12:29:00,2011-10-24 11:51:00,317,£1k-5k,5-9 orders
16020,851.01,3,487,18.500217391304346,2011-10-05 13:54:00,2011-11-23 11:18:00,48,£500-1k,3-4 orders
16022,628.28,1,261,8.266842105263157,2011-03-24 13:16:00,2011-03-24 13:16:00,0,£500-1k,1 order
16023,719.81,3,358,7.126831683168317,2011-03-18 13:32:00,2011-10-24 16:34:00,220,£500-1k,3-4 orders
16024,251.24,1,398,3.925625,2011-11-27 13:26:00,2011-11-27 13:26:00,0,£100-500,1 order
16025,439.65999999999997,1,338,15.702142857142857,2011-11-10 11:45:00,2011-11-10 11:45:00,0,£100-500,1 order
16026,236.09,1,243,7.3778125,2011-10-27 13:53:00,2011-10-27 13:53:00,0,£100-500,1 order
16027,934.62,6,1147,58.41375,2011-02-10 12:19:00,2011-09-09 10:47:00,210,£500-1k,5-9 orders
16029,81024.84,63,40208,334.813388429752,2010-12-01 09:57:00,2011-11-01 10:27:00,335,£10k+,20+ orders
16030,331.24,1,283,11.422068965517242,2011-02-03 11:28:00,2011-02-03 11:28:00,0,£100-500,1 order
16031,548.94,2,423,5.489400000000001,2011-04-06 14:23:00,2011-09-08 13:07:00,154,£500-1k,2 orders
16033,8816.4,20,3539,7.754089709762533,2010-12-05 10:36:00,2011-12-04 12:44:00,364,£5k-10k,20+ orders
16034,437.7,3,242,19.895454545454545,2011-01-11 11:54:00,2011-05-27 16:17:00,136,£100-500,3-4 orders
16036,758.92,2,716,13.798545454545454,2011-03-21 13:01:00,2011-09-13 14:53:00,176,£500-1k,2 orders
16037,855.02,3,428,21.923589743589744,2010-12-16 10:18:00,2011-03-15 09:13:00,88,£500-1k,3-4 orders
16038,471.78000000000003,3,244,18.145384615384618,2011-05-22 11:29:00,2011-12-02 12:40:00,194,£100-500,3-4 orders
16040,1313.55,3,684,20.20846153846154,2011-03-16 09:58:00,2011-10-05 13:47:00,203,£1k-5k,3-4 orders
16041,3166.4,3,1584,527.7333333333333,2011-07-21 16:27:00,2011-11-09 12:25:00,110,£1k-5k,3-4 orders
16042,1197.27,5,755,16.862957746478873,2011-01-11 13:25:00,2011-11-17 17:50:00,310,£1k-5k,5-9 orders
16043,773.99,4,503,19.845897435897434,2011-01-26 11:14:00,2011-11-02 12:50:00,280,£500-1k,3-4 orders
16045,1340.7,4,897,16.15301204819277,2011-02-22 14:55:00,2011-08-12 12:41:00,170,£1k-5k,3-4 orders
16048,256.44,2,144,32.055,2010-12-01 15:27:00,2010-12-01 15:28:00,0,£100-500,2 orders
16049,1111.79,3,793,3.563429487179487,2011-09-25 14:33:00,2011-10-30 13:19:00,34,£1k-5k,3-4 orders
16050,137.9,1,278,13.790000000000001,2011-06-19 11:44:00,2011-06-19 11:44:00,0,£100-500,1 order
16052,362.06,1,282,10.648823529411764,2011-10-16 15:13:00,2011-10-16 15:13:00,0,£100-500,1 order
16053,1511.95,2,1793,17.999404761904763,2011-08-09 14:57:00,2011-11-07 11:21:00,89,£1k-5k,2 orders
16054,783.9,1,380,11.198571428571428,2011-07-17 13:08:00,2011-07-17 13:08:00,0,£500-1k,1 order
16055,134.8,1,22,16.85,2011-05-03 09:26:00,2011-05-03 09:26:00,0,£100-500,1 order
16056,664.85,1,347,9.777205882352941,2011-10-25 15:19:00,2011-10-25 15:19:00,0,£500-1k,1 order
16057,2263.12,7,863,18.703471074380165,2011-02-28 10:35:00,2011-11-23 15:23:00,268,£1k-5k,5-9 orders
16059,1459.8600000000001,6,643,8.110333333333333,2010-12-07 10:36:00,2011-10-05 09:56:00,301,£1k-5k,5-9 orders
16062,1153.62,4,800,18.0253125,2010-12-10 12:00:00,2011-11-30 12:15:00,355,£1k-5k,3-4 orders
16063,335.32,1,262,14.57913043478261,2011-03-24 14:55:00,2011-03-24 14:56:00,0,£100-500,1 order
16065,372.09,1,231,5.028243243243243,2010-12-09 13:03:00,2010-12-09 13:03:00,0,£100-500,1 order
16066,1521.87,5,936,14.920294117647058,2011-08-07 14:33:00,2011-11-23 11:54:00,107,£1k-5k,5-9 orders
16070,852.15,2,457,25.82272727272727,2011-11-07 16:36:00,2011-11-17 15:50:00,9,£500-1k,2 orders
16071,326.24,1,180,15.535238095238096,2011-10-26 11:14:00,2011-10-26 11:14:00,0,£100-500,1 order
16072,584.3199999999999,1,140,25.405217391304344,2011-02-24 14:32:00,2011-02-24 14:32:00,0,£500-1k,1 order
16073,122.39999999999999,1,48,122.39999999999999,2011-02-15 15:41:00,2011-02-15 15:41:00,0,£100-500,1 order
16076,2234.73,10,1435,17.323488372093024,2011-05-15 12:31:00,2011-12-06 14:59:00,205,£1k-5k,10-19 orders
16078,79.2,1,16,79.2,2011-03-01 09:47:00,2011-03-01 09:47:00,0,£0-100,1 order
16079,1352.0,3,864,64.38095238095238,2011-10-30 13:06:00,2011-11-23 12:48:00,23,£1k-5k,3-4 orders
16080,217.16,2,128,21.716,2011-03-10 14:44:00,2011-09-19 10:42:00,192,£100-500,2 orders
16081,2806.9,5,1477,12.365198237885464,2010-12-08 11:16:00,2011-10-14 13:06:00,310,£1k-5k,5-9 orders
16083,1317.62,2,908,42.50387096774193,2010-12-14 11:51:00,2011-08-31 10:47:00,259,£1k-5k,2 orders
16084,436.18,1,216,11.47842105263158,2011-02-13 16:05:00,2011-02-13 16:05:00,0,£100-500,1 order
16085,981.51,5,636,5.877305389221557,2011-01-23 12:07:00,2011-11-16 13:24:00,297,£500-1k,5-9 orders
16086,1121.39,5,511,28.753589743589746,2010-12-07 13:45:00,2011-10-11 13:09:00,307,£1k-5k,5-9 orders
16091,315.06,2,154,17.503333333333334,2011-05-25 09:18:00,2011-07-08 08:45:00,43,£100-500,2 orders
16092,817.86,3,628,16.036470588235293,2011-03-30 15:38:00,2011-08-17 10:46:00,139,£500-1k,3-4 orders
16093,17.0,1,20,17.0,2011-08-25 11:09:00,2011-08-25 11:09:00,0,£0-100,1 order
16094,1078.23,4,647,17.114761904761906,2011-05-04 13:57:00,2011-11-28 12:45:00,207,£1k-5k,3-4 orders
16096,320.62,1,155,26.718333333333334,2011-03-20 13:38:00,2011-03-20 13:38:00,0,£100-500,1 order
16097,185.04999999999998,1,87,18.505,2011-04-13 13:47:00,2011-04-13 13:47:00,0,£100-500,1 order
16098,2005.63,7,613,29.934776119402986,2010-12-01 09:45:00,2011-09-13 09:59:00,286,£1k-5k,5-9 orders
16099,731.9,3,434,18.766666666666666,2011-04-28 08:34:00,2011-10-20 13:13:00,175,£500-1k,3-4 orders
16101,1290.7,1,757,16.982894736842105,2011-09-30 10:18:00,2011-09-30 10:18:00,0,£1k-5k,1 order
16102,1842.14,3,942,32.31824561403509,2011-08-03 12:50:00,2011-10-28 13:19:00,86,£1k-5k,3-4 orders
16103,1429.64,6,558,29.784166666666668,2011-04-20 12:28:00,2011-12-02 14:16:00,226,£1k-5k,5-9 orders
16104,302.36,1,123,10.426206896551724,2011-10-09 10:23:00,2011-10-09 10:23:00,0,£100-500,1 order
16105,336.96,1,330,25.919999999999998,2011-04-05 10:13:00,2011-04-05 10:13:00,0,£100-500,1 order
16106,108.38,1,74,18.063333333333333,2011-10-05 10:37:00,2011-10-05 10:37:00,0,£100-500,1 order
16107,3204.1600000000003,7,1176,103.36000000000001,2011-06-09 18:42:00,2011-11-22 09:40:00,165,£1k-5k,5-9 orders
16108,842.5,1,615,17.552083333333332,2011-09-16 11:48:00,2011-09-16 11:48:00,0,£500-1k,1 order
16109,611.88,2,612,33.99333333333333,2011-02-04 12:37:00,2011-05-05 09:17:00,89,£500-1k,2 orders
16110,1337.48,3,733,3.77819209039548,2011-02-01 14:01:00,2011-10-25 14:35:00,266,£1k-5k,3-4 orders
16112,195.73999999999998,4,574,12.233749999999999,2011-01-05 11:47:00,2011-07-19 14:28:00,195,£100-500,3-4 orders
16113,161.38,1,176,5.379333333333333,2011-06-09 16:16:00,2011-06-09 16:16:00,0,£100-500,1 order
16114,135.75000000000003,1,43,16.968750000000004,2011-06-22 10:13:00,2011-06-22 10:13:00,0,£100-500,1 order
16115,1667.97,8,1001,5.873133802816901,2011-02-20 12:14:00,2011-11-30 11:32:00,282,£1k-5k,5-9 orders
16116,612.78,1,248,18.02294117647059,2011-05-12 12:01:00,2011-05-12 12:01:00,0,£500-1k,1 order
16117,232.21,1,130,7.740333333333334,2011-06-03 11:42:00,2011-06-03 11:42:00,0,£100-500,1 order
16119,423.36,2,240,26.46,2011-09-28 10:15:00,2011-12-01 15:11:00,64,£100-500,2 orders
16120,1309.14,4,878,43.638000000000005,2011-10-11 14:10:00,2011-10-11 14:22:00,0,£1k-5k,3-4 orders
16121,867.11,2,586,4.090141509433963,2011-05-08 11:52:00,2011-10-13 12:59:00,158,£500-1k,2 orders
16122,684.4200000000001,4,1128,18.01105263157895,2010-12-08 11:41:00,2011-09-27 15:34:00,293,£500-1k,3-4 orders
16123,307.78,1,170,19.23625,2011-10-19 09:18:00,2011-10-19 09:18:00,0,£100-500,1 order
16124,249.0,1,48,22.636363636363637,2011-01-26 14:45:00,2011-01-26 14:45:00,0,£100-500,1 order
16125,289.35,1,124,22.25769230769231,2010-12-07 15:48:00,2010-12-07 15:48:00,0,£100-500,1 order
16126,6287.77,4,2125,53.741623931623934,2011-02-16 11:18:00,2011-11-10 16:03:00,267,£5k-10k,3-4 orders
16127,656.25,1,323,16.40625,2011-10-31 13:58:00,2011-10-31 13:58:00,0,£500-1k,1 order
16128,1880.22,5,988,21.126067415730336,2011-03-02 12:21:00,2011-11-22 11:14:00,264,£1k-5k,5-9 orders
16131,3506.54,6,1802,44.95564102564102,2011-04-14 08:32:00,2011-10-19 11:53:00,188,£1k-5k,5-9 orders
16133,14589.04,33,8887,43.16284023668639,2011-01-25 15:55:00,2011-12-06 11:24:00,314,£10k+,20+ orders
16134,618.09,2,371,17.659714285714287,2010-12-15 14:00:00,2011-11-18 10:05:00,337,£500-1k,2 orders
16135,517.55,1,209,24.645238095238092,2011-03-22 12:30:00,2011-03-22 12:30:00,0,£500-1k,1 order
16136,709.38,3,440,19.172432432432434,2011-03-07 09:52:00,2011-10-11 09:10:00,217,£500-1k,3-4 orders
16139,635.41,3,330,20.497096774193547,2011-05-17 10:23:00,2011-11-21 08:37:00,187,£500-1k,3-4 orders
16140,725.18,2,730,20.71942857142857,2010-12-03 14:40:00,2011-10-05 12:15:00,305,£500-1k,2 orders
16141,620.4,1,238,20.68,2011-09-12 13:11:00,2011-09-12 13:11:00,0,£500-1k,1 order
16142,535.34,1,422,14.46864864864865,2011-04-04 10:16:00,2011-04-04 10:16:00,0,£500-1k,1 order
16143,2424.94,6,919,20.725982905982907,2010-12-05 15:18:00,2011-12-06 14:13:00,365,£1k-5k,5-9 orders
16144,175.2,1,16,175.2,2011-04-07 10:09:00,2011-04-07 10:09:00,0,£100-500,1 order
16145,3799.4900000000002,11,3123,16.96200892857143,2010-12-15 09:09:00,2011-12-01 10:33:00,351,£1k-5k,10-19 orders
16146,734.13,3,427,25.314827586206896,2011-04-21 15:25:00,2011-07-05 14:20:00,74,£500-1k,3-4 orders
16147,375.0,1,246,17.045454545454547,2011-07-29 09:57:00,2011-07-29 09:57:00,0,£100-500,1 order
16148,76.32000000000001,1,72,76.32000000000001,2011-02-16 14:01:00,2011-02-16 14:01:00,0,£0-100,1 order
16149,280.52,2,308,15.584444444444443,2011-07-20 14:54:00,2011-12-05 11:29:00,137,£100-500,2 orders
16150,2053.02,5,1047,17.547179487179488,2010-12-02 18:27:00,2011-10-28 12:39:00,329,£1k-5k,5-9 orders
16152,1829.04,1,642,63.070344827586204,2011-03-16 09:47:00,2011-03-16 09:47:00,0,£1k-5k,1 order
16153,1824.23,5,1073,20.496966292134832,2010-12-20 09:22:00,2011-10-21 10:50:00,305,£1k-5k,5-9 orders
16156,3122.04,9,1308,24.01569230769231,2011-02-02 12:02:00,2011-12-01 12:42:00,302,£1k-5k,5-9 orders
16157,656.69,3,347,36.482777777777784,2011-09-28 11:48:00,2011-11-24 11:41:00,56,£500-1k,3-4 orders
16159,348.2,1,236,24.87142857142857,2011-03-03 12:27:00,2011-03-03 12:27:00,0,£100-500,1 order
16160,1025.44,2,1162,51.272000000000006,2011-09-15 10:53:00,2011-10-05 14:19:00,20,£1k-5k,2 orders
16161,5575.56,19,2599,11.762784810126583,2010-12-06 10:03:00,2011-12-08 12:10:00,367,£5k-10k,10-19 orders
16162,37.4,1,4,18.7,2011-04-01 15:03:00,2011-04-01 15:03:00,0,£0-100,1 order
16163,856.6,2,192,142.76666666666668,2010-12-09 16:28:00,2011-04-21 15:15:00,132,£500-1k,2 orders
16164,822.48,3,433,24.19058823529412,2011-10-28 09:12:00,2011-11-22 15:04:00,25,£500-1k,3-4 orders
16168,3787.6,27,1892,38.648979591836735,2010-12-05 11:38:00,2011-11-29 12:45:00,359,£1k-5k,20+ orders
16169,1822.97,4,1325,21.44670588235294,2011-09-25 11:33:00,2011-12-01 15:28:00,67,£1k-5k,3-4 orders
16170,1885.05,6,1770,15.0804,2011-04-05 13:42:00,2011-10-20 08:21:00,197,£1k-5k,5-9 orders
16171,73.2,1,24,24.400000000000002,2011-10-11 14:51:00,2011-10-11 14:51:00,0,£0-100,1 order
16172,1140.21,5,787,16.524782608695652,2011-04-12 12:02:00,2011-09-05 13:22:00,146,£1k-5k,5-9 orders
16173,1418.32,6,575,16.884761904761906,2011-09-02 15:23:00,2011-11-24 10:53:00,82,£1k-5k,5-9 orders
16174,1009.5500000000001,3,651,43.89347826086957,2011-07-11 09:23:00,2011-08-05 13:26:00,25,£1k-5k,3-4 orders
16175,1037.59,4,533,17.889482758620687,2011-04-13 14:38:00,2011-09-06 14:32:00,145,£1k-5k,3-4 orders
16177,331.95,1,95,22.13,2011-10-20 12:57:00,2011-10-20 12:57:00,0,£100-500,1 order
16178,197.9,1,94,24.7375,2011-07-24 16:05:00,2011-07-24 16:05:00,0,£100-500,1 order
16179,215.83,1,99,19.62090909090909,2011-10-10 09:41:00,2011-10-10 09:41:00,0,£100-500,1 order
16180,10254.18,8,5867,63.29740740740741,2011-04-01 10:23:00,2011-08-31 16:28:00,152,£10k+,5-9 orders
16181,305.54,1,152,27.776363636363637,2011-09-27 13:38:00,2011-09-27 13:38:00,0,£100-500,1 order
16182,6617.65,4,3791,236.34464285714284,2011-02-18 10:11:00,2011-09-28 13:23:00,222,£5k-10k,3-4 orders
16183,338.71000000000004,1,113,22.58066666666667,2011-10-03 14:59:00,2011-10-03 14:59:00,0,£100-500,1 order
16184,1158.79,6,561,25.750888888888888,2011-05-12 13:33:00,2011-10-06 17:43:00,147,£1k-5k,5-9 orders
16185,529.41,2,260,17.07774193548387,2011-04-21 11:59:00,2011-11-23 09:41:00,215,£500-1k,2 orders
16186,4006.94,12,3020,18.38045871559633,2010-12-02 14:40:00,2011-11-17 12:43:00,349,£1k-5k,10-19 orders
16187,6911.4400000000005,15,5048,23.428610169491527,2011-02-28 13:34:00,2011-11-08 09:50:00,252,£5k-10k,10-19 orders
16188,981.86,4,782,14.654626865671641,2011-04-11 09:44:00,2011-10-26 12:19:00,198,£500-1k,3-4 orders
16189,215.48,2,134,19.58909090909091,2011-09-15 15:21:00,2011-11-24 11:47:00,69,£100-500,2 orders
16190,215.08,1,88,35.84666666666667,2011-10-30 15:59:00,2011-10-30 15:59:00,0,£100-500,1 order
16191,5180.52,13,3351,38.66059701492538,2010-12-14 12:38:00,2011-12-07 11:26:00,357,£5k-10k,10-19 orders
16193,314.45,1,219,16.55,2011-04-17 11:45:00,2011-04-17 11:45:00,0,£100-500,1 order
16198,400.68100000000004,1,129,26.71206666666667,2011-09-25 14:58:00,2011-09-25 14:58:00,0,£100-500,1 order
16200,1080.6200000000001,2,523,6.036983240223464,2011-06-28 15:47:00,2011-12-05 14:40:00,159,£1k-5k,2 orders
16201,1863.47,4,1286,16.78801801801802,2011-08-22 10:47:00,2011-12-06 16:02:00,106,£1k-5k,3-4 orders
16202,365.27,1,191,20.292777777777776,2010-12-14 10:43:00,2010-12-14 10:43:00,0,£100-500,1 order
16203,592.9,4,262,16.939999999999998,2010-12-02 15:39:00,2011-10-12 12:31:00,313,£500-1k,3-4 orders
16204,405.71,1,231,7.117719298245614,2011-11-16 13:40:00,2011-11-16 13:40:00,0,£100-500,1 order
16205,761.38,4,517,7.769183673469388,2011-06-13 11:33:00,2011-11-09 09:32:00,148,£500-1k,3-4 orders
16206,537.0600000000001,4,272,8.524761904761906,2011-01-16 11:07:00,2011-10-16 10:41:00,272,£500-1k,3-4 orders
16207,394.38,1,140,20.756842105263157,2011-11-14 13:51:00,2011-11-14 13:51:00,0,£100-500,1 order
16208,664.26,2,333,10.064545454545454,2011-02-23 13:37:00,2011-10-26 11:36:00,244,£500-1k,2 orders
16209,2262.62,5,1179,49.18739130434783,2011-04-07 12:23:00,2011-09-12 11:58:00,157,£1k-5k,5-9 orders
16210,21086.3,18,7559,171.43333333333334,2010-12-01 12:27:00,2011-12-08 12:36:00,372,£10k+,10-19 orders
16211,547.02,1,154,23.783478260869565,2011-09-12 12:11:00,2011-09-12 12:11:00,0,£500-1k,1 order
16212,690.34,2,244,16.837560975609758,2011-03-01 12:51:00,2011-11-20 13:00:00,264,£500-1k,2 orders
16213,159.0,1,48,26.5,2011-09-22 10:03:00,2011-09-22 10:03:00,0,£100-500,1 order
16214,1062.75,3,420,24.15340909090909,2011-03-15 13:23:00,2011-06-22 11:30:00,98,£1k-5k,3-4 orders
16215,242.35,1,104,17.310714285714287,2011-09-20 10:18:00,2011-09-20 10:18:00,0,£100-500,1 order
16216,914.9300000000001,1,254,24.72783783783784,2011-03-17 15:34:00,2011-03-17 15:34:00,0,£500-1k,1 order
16217,304.25,2,91,20.283333333333335,2011-03-02 15:28:00,2011-04-18 13:31:00,46,£100-500,2 orders
16218,3084.68,7,2088,36.72238095238095,2010-12-01 11:29:00,2011-11-10 09:59:00,343,£1k-5k,5-9 orders
16221,864.86,3,717,8.916082474226805,2010-12-07 13:13:00,2011-11-03 11:43:00,330,£500-1k,3-4 orders
16222,846.72,1,365,6.18043795620438,2011-01-25 13:38:00,2011-01-25 13:38:00,0,£500-1k,1 order
16224,1295.3,4,1116,13.492708333333333,2011-04-04 12:00:00,2011-10-13 17:51:00,192,£1k-5k,3-4 orders
16225,1096.32,5,493,8.181492537313432,2011-03-07 12:17:00,2011-10-26 08:30:00,232,£1k-5k,5-9 orders
16226,255.12,3,192,31.89,2011-04-18 12:58:00,2011-05-20 14:41:00,32,£100-500,3-4 orders
16227,314.22,1,90,52.370000000000005,2011-04-28 13:33:00,2011-04-28 13:33:00,0,£100-500,1 order
16229,1010.6,2,318,21.50212765957447,2011-05-11 10:18:00,2011-09-13 17:16:00,125,£1k-5k,2 orders
16230,542.03,2,365,15.486571428571429,2011-05-03 15:12:00,2011-06-03 10:06:00,30,£500-1k,2 orders
16232,990.88,4,550,26.78054054054054,2011-05-08 14:05:00,2011-10-27 12:16:00,171,£500-1k,3-4 orders
16233,536.6800000000001,3,174,24.394545454545458,2010-12-08 12:51:00,2011-09-29 17:27:00,295,£500-1k,3-4 orders
16235,867.31,5,330,18.854565217391304,2011-01-11 15:42:00,2011-10-30 10:56:00,291,£500-1k,5-9 orders
16236,432.2,1,184,21.61,2011-09-22 14:10:00,2011-09-22 14:10:00,0,£100-500,1 order
16239,414.2,2,228,21.8,2011-06-03 09:30:00,2011-10-14 08:29:00,132,£100-500,2 orders
16240,3718.8,2,1641,27.546666666666667,2011-09-23 13:44:00,2011-11-15 14:30:00,53,£1k-5k,2 orders
16241,2607.87,13,1453,3.939380664652568,2010-12-05 11:04:00,2011-11-30 11:08:00,360,£1k-5k,10-19 orders
16242,3603.21,7,1982,12.255816326530612,2011-03-07 17:04:00,2011-12-01 15:12:00,268,£1k-5k,5-9 orders
16243,409.1,2,110,8.02156862745098,2011-10-16 12:09:00,2011-11-06 12:32:00,21,£100-500,2 orders
16244,1522.75,2,855,16.733516483516482,2010-12-02 11:41:00,2011-05-12 10:18:00,160,£1k-5k,2 orders
16245,1413.66,3,1014,15.707333333333334,2011-03-28 09:30:00,2011-11-16 10:14:00,233,£1k-5k,3-4 orders
16247,114.56,1,182,7.16,2011-06-22 14:23:00,2011-06-22 14:23:00,0,£100-500,1 order
16248,152.94,1,78,21.84857142857143,2011-10-09 11:32:00,2011-10-09 11:32:00,0,£100-500,1 order
16249,1800.07,5,950,26.08797101449275,2011-04-14 13:50:00,2011-10-18 10:07:00,186,£1k-5k,5-9 orders
16250,389.44,2,208,16.226666666666667,2010-12-01 09:59:00,2011-03-23 15:07:00,112,£100-500,2 orders
16253,3683.86,2,3233,29.95008130081301,2011-03-29 13:33:00,2011-10-04 09:09:00,188,£1k-5k,2 orders
16255,2619.91,8,1767,9.70337037037037,2010-12-09 14:25:00,2011-11-23 12:40:00,348,£1k-5k,5-9 orders
16256,752.4300000000001,1,581,57.87923076923077,2011-03-18 12:18:00,2011-03-18 12:18:00,0,£500-1k,1 order
16257,46.95,1,2,23.475,2011-06-16 10:11:00,2011-06-16 10:11:00,0,£0-100,1 order
16258,5203.51,5,2994,38.54451851851852,2011-05-04 14:33:00,2011-10-25 13:30:00,173,£5k-10k,5-9 orders
16260,1035.45,1,311,57.525000000000006,2011-10-20 09:40:00,2011-10-20 09:40:00,0,£1k-5k,1 order
16261,746.83,4,306,6.022822580645162,2011-04-07 19:05:00,2011-11-22 17:23:00,228,£500-1k,3-4 orders
16265,5447.0,9,2646,21.112403100775193,2010-12-10 10:21:00,2011-11-30 16:41:00,355,£5k-10k,5-9 orders
16266,861.89,7,398,14.129344262295081,2011-05-17 14:50:00,2011-09-27 12:08:00,132,£500-1k,5-9 orders
16268,667.65,2,533,14.836666666666666,2011-09-29 18:30:00,2011-09-29 18:30:00,0,£500-1k,2 orders
16270,1141.24,1,688,21.134074074074075,2010-12-21 14:26:00,2010-12-21 14:26:00,0,£1k-5k,1 order
16271,1429.24,5,1038,10.746165413533834,2010-12-16 16:36:00,2011-12-07 12:45:00,355,£1k-5k,5-9 orders
16272,411.7,1,224,16.468,2011-08-15 10:53:00,2011-08-15 10:54:00,0,£100-500,1 order
16274,357.95,1,155,5.342537313432835,2010-12-01 15:35:00,2010-12-01 15:35:00,0,£100-500,1 order
16275,559.87,1,336,16.965757575757575,2011-05-27 12:41:00,2011-05-27 12:41:00,0,£500-1k,1 order
16276,810.6000000000001,1,420,135.10000000000002,2011-06-16 09:34:00,2011-06-16 09:34:00,0,£500-1k,1 order
16278,566.38,1,114,24.625217391304346,2011-08-31 17:12:00,2011-08-31 17:12:00,0,£500-1k,1 order
16279,1509.58,3,1054,14.10822429906542,2011-06-16 11:50:00,2011-11-18 15:00:00,155,£1k-5k,3-4 orders
16281,2062.06,1,934,121.29764705882353,2011-09-28 14:57:00,2011-09-28 14:57:00,0,£1k-5k,1 order
16282,168.3,1,114,15.3,2011-01-04 11:42:00,2011-01-04 11:42:00,0,£100-500,1 order
16283,1570.81,5,1236,9.462710843373493,2011-05-15 13:37:00,2011-12-04 12:08:00,202,£1k-5k,5-9 orders
16284,823.97,2,544,7.559357798165138,2011-10-20 13:54:00,2011-11-08 16:12:00,19,£500-1k,2 orders
16287,142.5,1,298,17.8125,2011-06-23 09:08:00,2011-06-23 09:08:00,0,£100-500,1 order
16292,302.25,1,191,17.779411764705884,2011-08-10 12:24:00,2011-08-10 12:24:00,0,£100-500,1 order
16293,2248.9900000000002,10,982,19.059237288135595,2010-12-07 15:02:00,2011-11-18 09:58:00,345,£1k-5k,10-19 orders
16295,1328.55,4,841,16.817088607594936,2011-10-06 10:45:00,2011-11-30 08:17:00,54,£1k-5k,3-4 orders
16297,301.9,1,206,15.094999999999999,2011-03-16 08:29:00,2011-03-16 08:29:00,0,£100-500,1 order
16298,598.2,3,198,22.15555555555556,2011-06-06 10:06:00,2011-11-17 11:59:00,164,£500-1k,3-4 orders
16302,233.22,1,158,21.201818181818183,2011-08-05 09:44:00,2011-08-05 09:44:00,0,£100-500,1 order
16303,5360.63,3,2659,33.09030864197531,2011-01-10 14:16:00,2011-11-14 10:49:00,307,£5k-10k,3-4 orders
16305,361.21999999999997,1,256,16.419090909090908,2011-07-24 12:18:00,2011-07-24 12:18:00,0,£100-500,1 order
16306,632.27,6,487,15.42121951219512,2010-12-07 15:18:00,2011-05-10 12:12:00,153,£500-1k,5-9 orders
16308,2560.0,4,8000,640.0,2011-03-23 14:46:00,2011-11-02 11:24:00,223,£1k-5k,3-4 orders
16309,706.57,2,467,16.823095238095238,2011-04-13 11:46:00,2011-08-25 15:35:00,134,£500-1k,2 orders
16311,616.26,2,394,16.655675675675674,2011-10-21 13:13:00,2011-11-22 08:54:00,31,£500-1k,2 orders
16313,274.15000000000003,2,165,17.134375000000002,2011-10-21 09:04:00,2011-12-06 13:02:00,46,£100-500,2 orders
16315,226.37,1,75,16.169285714285714,2011-01-13 11:57:00,2011-01-13 11:57:00,0,£100-500,1 order
16316,2938.91,8,1484,19.46298013245033,2010-12-16 14:26:00,2011-10-06 13:48:00,293,£1k-5k,5-9 orders
16317,1341.65,3,890,19.444202898550724,2011-02-15 14:30:00,2011-08-12 12:46:00,177,£1k-5k,3-4 orders
16318,328.15,1,199,17.271052631578947,2011-11-04 13:05:00,2011-11-04 13:05:00,0,£100-500,1 order
16319,404.40000000000003,1,72,134.8,2011-05-06 11:27:00,2011-05-06 11:27:00,0,£100-500,1 order
16320,1038.46,2,732,18.543928571428573,2011-05-10 15:31:00,2011-06-20 15:25:00,40,£1k-5k,2 orders
16321,373.65000000000003,5,135,31.137500000000003,2011-01-20 12:11:00,2011-09-28 14:55:00,251,£100-500,5-9 orders
16322,326.75,2,231,8.83108108108108,2011-11-03 14:33:00,2011-12-08 15:41:00,35,£100-500,2 orders
16323,207.50000000000003,1,50,207.50000000000003,2011-05-27 14:48:00,2011-05-27 14:48:00,0,£100-500,1 order
16324,428.68,3,282,3.6328813559322035,2011-06-15 14:26:00,2011-08-03 12:58:00,48,£100-500,3-4 orders
16325,594.24,3,194,33.013333333333335,2011-04-08 09:20:00,2011-10-24 08:48:00,198,£500-1k,3-4 orders
16326,3110.96,14,709,9.752225705329154,2011-01-09 12:01:00,2011-12-04 10:11:00,328,£1k-5k,10-19 orders
16327,3844.22,6,2571,12.050846394984326,2010-12-05 12:43:00,2011-11-25 13:23:00,355,£1k-5k,5-9 orders
16330,251.91,3,147,6.4592307692307696,2011-08-19 17:08:00,2011-11-22 12:24:00,94,£100-500,3-4 orders
16332,1593.2,7,801,10.413071895424837,2011-02-07 14:16:00,2011-11-11 14:22:00,277,£1k-5k,5-9 orders
16333,26626.8,22,32184,591.7066666666667,2011-02-03 10:50:00,2011-12-02 12:19:00,302,£10k+,20+ orders
16337,151.05,1,87,15.105,2011-11-03 10:03:00,2011-11-03 10:03:00,0,£100-500,1 order
16338,214.79999999999998,1,94,19.527272727272727,2011-07-05 13:56:00,2011-07-05 13:56:00,0,£100-500,1 order
16339,109.95,1,23,5.4975000000000005,2011-02-28 13:41:00,2011-02-28 13:41:00,0,£100-500,1 order
16340,549.07,1,501,3.5886928104575166,2011-08-24 14:53:00,2011-08-24 14:53:00,0,£500-1k,1 order
16341,1971.87,4,1398,25.6087012987013,2011-05-22 13:20:00,2011-11-15 09:12:00,176,£1k-5k,3-4 orders
16342,322.41,4,157,21.494000000000003,2011-06-13 10:10:00,2011-09-25 14:36:00,104,£100-500,3-4 orders
16343,370.47999999999996,2,195,7.882553191489361,2011-11-23 17:43:00,2011-11-23 17:45:00,0,£100-500,2 orders
16344,101.10000000000001,1,18,50.550000000000004,2011-07-04 15:50:00,2011-07-04 15:50:00,0,£100-500,1 order
16345,575.41,1,289,15.14236842105263,2011-10-26 16:03:00,2011-10-26 16:03:00,0,£500-1k,1 order
16347,887.65,2,353,9.648369565217392,2011-11-03 13:01:00,2011-11-28 13:14:00,25,£500-1k,2 orders
16348,1469.45,7,819,6.252978723404255,2011-04-13 15:49:00,2011-11-07 15:44:00,207,£1k-5k,5-9 orders
16349,53.5,1,9,5.944444444444445,2011-02-22 12:40:00,2011-02-22 12:40:00,0,£0-100,1 order
16350,1116.47,4,545,19.58719298245614,2011-01-10 09:44:00,2011-11-18 15:53:00,312,£1k-5k,3-4 orders
16351,153.9,1,90,19.2375,2011-01-11 10:26:00,2011-01-11 10:26:00,0,£100-500,1 order
16352,494.44,2,300,17.658571428571427,2011-11-02 08:44:00,2011-11-22 10:32:00,20,£100-500,2 orders
16353,6675.71,23,2006,71.0181914893617,2010-12-05 12:09:00,2011-12-06 12:23:00,366,£5k-10k,20+ orders
16354,395.8,2,150,10.148717948717948,2011-09-27 16:28:00,2011-10-07 14:28:00,9,£100-500,2 orders
16356,211.77,3,93,6.831290322580646,2011-03-07 12:31:00,2011-05-26 11:51:00,79,£100-500,3-4 orders
16357,658.88,3,246,19.378823529411765,2011-05-10 10:35:00,2011-11-06 16:04:00,180,£500-1k,3-4 orders
16358,2027.5,4,1302,18.60091743119266,2011-06-08 15:05:00,2011-12-08 15:09:00,183,£1k-5k,3-4 orders
16359,1750.92,9,1183,26.52909090909091,2011-01-12 10:49:00,2011-12-02 17:04:00,324,£1k-5k,5-9 orders
16360,3512.53,6,2144,5.305936555891239,2011-09-12 13:50:00,2011-12-05 12:16:00,83,£1k-5k,5-9 orders
16361,896.66,4,421,8.459056603773584,2011-09-29 13:13:00,2011-11-30 12:32:00,61,£500-1k,3-4 orders
16362,734.77,5,351,9.071234567901234,2011-09-09 14:47:00,2011-11-07 13:01:00,58,£500-1k,5-9 orders
16363,109.36000000000001,1,52,21.872000000000003,2011-10-17 14:14:00,2011-10-17 14:14:00,0,£100-500,1 order
16364,707.04,2,280,13.340377358490565,2011-07-25 14:35:00,2011-11-28 11:27:00,125,£500-1k,2 orders
16365,1540.42,9,504,30.2043137254902,2010-12-07 17:19:00,2011-11-22 11:24:00,349,£1k-5k,5-9 orders
16366,327.3,1,256,18.183333333333334,2011-11-21 08:19:00,2011-11-21 08:19:00,0,£100-500,1 order
16367,804.49,2,647,6.188384615384615,2010-12-12 12:01:00,2011-11-02 13:13:00,325,£500-1k,2 orders
16368,497.43,2,260,6.545131578947369,2011-11-11 15:08:00,2011-12-07 13:12:00,25,£100-500,2 orders
16369,1553.66,3,1035,13.166610169491527,2011-05-27 09:39:00,2011-11-21 16:25:00,178,£1k-5k,3-4 orders
16370,1320.56,4,647,5.791929824561404,2011-04-28 16:40:00,2011-09-18 15:55:00,142,£1k-5k,3-4 orders
16372,367.93,2,166,3.7930927835051547,2011-11-06 12:50:00,2011-11-06 13:08:00,0,£100-500,2 orders
16374,473.03000000000003,2,240,4.261531531531531,2011-03-22 13:46:00,2011-10-04 15:21:00,196,£100-500,2 orders
16376,987.01,2,694,7.8960799999999995,2011-11-22 16:47:00,2011-12-01 11:38:00,8,£500-1k,2 orders
16377,676.2,1,1500,135.24,2011-03-17 15:41:00,2011-03-17 15:41:00,0,£500-1k,1 order
16378,362.95,3,267,15.780434782608696,2011-02-02 12:42:00,2011-04-06 15:07:00,63,£100-500,3-4 orders
16379,2157.4,4,1410,19.975925925925928,2011-09-22 09:33:00,2011-12-05 15:38:00,74,£1k-5k,3-4 orders
16380,1780.59,1,1524,55.6434375,2011-10-09 15:40:00,2011-10-09 15:40:00,0,£1k-5k,1 order
16383,668.36,2,475,6.552549019607843,2011-03-16 13:00:00,2011-09-26 12:45:00,193,£500-1k,2 orders
16384,584.5,2,260,17.71212121212121,2011-03-21 10:13:00,2011-09-11 11:19:00,174,£500-1k,2 orders
16385,555.89,3,261,9.42186440677966,2010-12-08 12:56:00,2011-10-10 13:12:00,306,£500-1k,3-4 orders
16386,317.2,2,224,3.6045454545454545,2011-03-31 12:19:00,2011-11-11 12:28:00,225,£100-500,2 orders
16387,94.36,1,44,23.59,2011-01-21 11:34:00,2011-01-21 11:34:00,0,£0-100,1 order
16389,1382.07,4,1242,40.64911764705882,2011-03-01 15:47:00,2011-10-17 14:41:00,229,£1k-5k,3-4 orders
16392,221.19,1,203,4.915333333333333,2011-03-15 12:11:00,2011-03-15 12:11:00,0,£100-500,1 order
16393,3046.21,13,1576,9.230939393939394,2010-12-05 13:10:00,2011-12-07 12:51:00,366,£1k-5k,10-19 orders
16394,1555.34,5,2604,18.73903614457831,2011-02-23 10:58:00,2011-10-14 09:48:00,232,£1k-5k,5-9 orders
16395,1486.9,5,1476,7.080476190476191,2011-01-13 12:10:00,2011-10-10 12:50:00,270,£1k-5k,5-9 orders
16398,1705.8,2,758,20.802439024390242,2011-03-31 09:38:00,2011-07-08 15:16:00,99,£1k-5k,2 orders
16399,408.57,2,264,5.596849315068493,2011-04-18 13:46:00,2011-11-20 16:12:00,216,£100-500,2 orders
16400,303.93,1,172,10.480344827586206,2011-09-06 12:27:00,2011-09-06 12:27:00,0,£100-500,1 order
16401,4098.32,12,3882,22.033978494623653,2011-01-16 10:56:00,2011-12-08 18:15:00,326,£1k-5k,10-19 orders
16402,299.6,2,149,4.993333333333334,2010-12-05 13:42:00,2011-03-20 12:25:00,104,£100-500,2 orders
16403,177.5,1,114,17.75,2011-01-31 13:39:00,2011-01-31 13:39:00,0,£100-500,1 order
16404,443.05,1,157,19.26304347826087,2011-09-30 14:55:00,2011-09-30 14:55:00,0,£100-500,1 order
16405,167.25,2,187,33.45,2011-02-02 17:08:00,2011-02-10 15:24:00,7,£100-500,2 orders
16406,163.07,1,122,2.6301612903225804,2011-11-21 11:57:00,2011-11-21 11:57:00,0,£100-500,1 order
16407,2126.93,10,1124,12.365872093023254,2011-01-31 14:02:00,2011-11-27 11:05:00,299,£1k-5k,10-19 orders
16409,2028.88,5,1306,8.745172413793103,2011-01-26 14:51:00,2011-11-03 16:45:00,281,£1k-5k,5-9 orders
16411,214.65,2,132,4.7700000000000005,2010-12-05 13:26:00,2011-11-20 13:23:00,349,£100-500,2 orders
16412,151.83,1,73,4.338,2011-10-17 12:35:00,2011-10-17 12:35:00,0,£100-500,1 order
16413,262.2,1,148,8.458064516129031,2011-10-14 12:08:00,2011-10-14 12:08:00,0,£100-500,1 order
16414,126.25,2,27,18.035714285714285,2011-03-04 13:27:00,2011-11-18 09:42:00,258,£100-500,2 orders
16415,210.35,1,187,3.89537037037037,2011-10-26 13:35:00,2011-10-26 13:35:00,0,£100-500,1 order
16416,1051.4,3,672,14.808450704225354,2011-10-14 13:35:00,2011-11-13 12:50:00,29,£1k-5k,3-4 orders
16418,675.27,3,288,6.620294117647059,2011-04-27 16:54:00,2011-10-26 12:39:00,181,£500-1k,3-4 orders
16419,972.23,6,436,19.063333333333333,2011-02-01 12:25:00,2011-08-19 12:33:00,199,£500-1k,5-9 orders
16422,34684.4,51,33704,93.99566395663958,2010-12-05 15:35:00,2011-11-22 14:00:00,351,£10k+,20+ orders
16423,346.12,1,230,19.22888888888889,2011-11-15 09:21:00,2011-11-15 09:21:00,0,£100-500,1 order
16424,133.56,1,88,26.712,2011-06-01 13:40:00,2011-06-01 13:40:00,0,£100-500,1 order
16425,302.7,1,199,14.414285714285715,2011-02-10 14:30:00,2011-02-10 14:30:00,0,£100-500,1 order
16426,1908.25,10,1243,5.129704301075269,2011-03-08 15:45:00,2011-12-07 14:01:00,273,£1k-5k,10-19 orders
16427,241.06,2,156,26.784444444444446,2011-02-28 15:18:00,2011-03-21 17:10:00,21,£100-500,2 orders
16429,284.55,1,9,142.275,2011-08-25 13:54:00,2011-08-25 13:54:00,0,£100-500,1 order
16430,300.85,1,103,50.14166666666667,2011-10-13 14:47:00,2011-10-13 14:47:00,0,£100-500,1 order
16431,642.81,3,453,7.744698795180722,2011-02-15 14:02:00,2011-05-10 14:09:00,84,£500-1k,3-4 orders
16432,287.4,1,276,35.925,2011-10-06 13:59:00,2011-10-06 13:59:00,0,£100-500,1 order
16433,184.26,1,106,10.838823529411764,2011-11-11 14:09:00,2011-11-11 14:09:00,0,£100-500,1 order
16434,1522.25,7,767,13.965596330275229,2011-02-13 12:17:00,2011-11-10 14:28:00,270,£1k-5k,5-9 orders
16438,798.35,5,463,6.04810606060606,2011-09-18 13:31:00,2011-12-04 10:51:00,76,£500-1k,5-9 orders
16440,3640.67,5,2018,12.91017730496454,2011-05-09 12:25:00,2011-12-02 12:02:00,206,£1k-5k,5-9 orders
16441,381.2,2,173,15.883333333333333,2011-02-21 17:35:00,2011-10-03 17:48:00,224,£100-500,2 orders
16442,616.79,3,446,3.5447701149425286,2010-12-14 10:46:00,2011-12-08 11:43:00,359,£500-1k,3-4 orders
16444,654.67,4,407,7.793690476190475,2011-03-20 12:14:00,2011-10-24 13:50:00,218,£500-1k,3-4 orders
16445,230.51,1,111,3.658888888888889,2011-11-06 12:32:00,2011-11-06 12:32:00,0,£100-500,1 order
16446,168472.5,2,80997,56157.5,2011-05-18 09:52:00,2011-12-09 09:15:00,204,£10k+,2 orders
16447,259.01,1,223,7.194722222222222,2011-07-27 12:45:00,2011-07-27 12:45:00,0,£100-500,1 order
16448,188.89000000000001,1,78,9.444500000000001,2011-05-25 16:28:00,2011-05-25 16:28:00,0,£100-500,1 order
16449,707.69,2,367,17.69225,2011-03-04 12:15:00,2011-05-26 10:25:00,82,£500-1k,2 orders
16450,311.92,1,200,28.35636363636364,2011-07-13 11:47:00,2011-07-13 11:47:00,0,£100-500,1 order
16451,266.97,1,120,19.069285714285716,2011-09-13 09:17:00,2011-09-13 09:17:00,0,£100-500,1 order
16454,6.9,2,3,3.45,2011-10-06 16:57:00,2011-10-26 11:40:00,19,£0-100,2 orders
16455,1841.18,7,988,18.59777777777778,2010-12-03 16:44:00,2011-10-07 12:17:00,307,£1k-5k,5-9 orders
16456,2158.37,5,1148,19.444774774774775,2010-12-01 14:11:00,2011-09-01 13:50:00,273,£1k-5k,5-9 orders
16457,208.36,1,140,23.151111111111113,2011-05-05 13:19:00,2011-05-05 13:19:00,0,£100-500,1 order
16458,3482.7400000000002,18,2154,17.241287128712873,2010-12-14 11:51:00,2011-12-07 09:34:00,357,£1k-5k,10-19 orders
16460,814.72,3,879,6.034962962962963,2011-09-19 10:15:00,2011-11-11 13:46:00,53,£500-1k,3-4 orders
16461,151.42,1,49,4.588484848484848,2011-06-15 12:07:00,2011-06-15 12:07:00,0,£100-500,1 order
16462,136.0,3,16,45.333333333333336,2011-03-01 08:58:00,2011-09-27 10:24:00,210,£100-500,3-4 orders
16463,1422.4,4,1163,17.346341463414635,2011-05-19 14:45:00,2011-11-18 14:01:00,182,£1k-5k,3-4 orders
16464,1314.68,3,963,5.570677966101695,2011-07-20 13:53:00,2011-11-20 12:11:00,122,£1k-5k,3-4 orders
16466,1603.46,7,789,10.834189189189189,2011-02-20 11:39:00,2011-11-06 11:35:00,258,£1k-5k,5-9 orders
16468,74.9,1,31,37.45,2011-09-26 14:13:00,2011-09-26 14:13:00,0,£0-100,1 order
16469,650.43,4,273,3.5737912087912087,2011-04-07 13:11:00,2011-11-16 12:25:00,222,£500-1k,3-4 orders
16470,762.39,4,531,4.484647058823529,2010-12-16 11:53:00,2011-10-19 12:11:00,307,£500-1k,3-4 orders
16471,223.95000000000002,1,141,17.22692307692308,2011-03-10 09:41:00,2011-03-10 09:41:00,0,£100-500,1 order
16473,316.11,3,196,17.561666666666667,2011-01-07 10:55:00,2011-06-28 09:10:00,171,£100-500,3-4 orders
16474,1871.5,7,943,5.198611111111111,2011-07-17 14:51:00,2011-12-02 13:02:00,137,£1k-5k,5-9 orders
16475,544.3,4,319,19.439285714285713,2011-03-11 09:39:00,2011-09-12 14:37:00,185,£500-1k,3-4 orders
16477,2494.46,7,1415,17.085342465753424,2010-12-03 12:48:00,2011-10-07 09:44:00,307,£1k-5k,5-9 orders
16478,331.0,3,224,19.470588235294116,2011-10-05 12:02:00,2011-11-14 15:51:00,40,£100-500,3-4 orders
16479,300.83,2,102,8.595142857142857,2011-11-29 13:04:00,2011-11-29 13:40:00,0,£100-500,2 orders
16480,769.29,1,455,14.514905660377357,2011-09-25 11:40:00,2011-09-25 11:40:00,0,£500-1k,1 order
16482,220.62,1,346,12.256666666666668,2011-11-24 12:33:00,2011-11-24 12:33:00,0,£100-500,1 order
16483,139.35,1,44,7.334210526315789,2011-05-31 13:08:00,2011-05-31 13:08:00,0,£100-500,1 order
16484,404.3,2,200,16.172,2011-06-02 10:39:00,2011-06-19 12:06:00,17,£100-500,2 orders
16485,363.65,1,235,8.658333333333333,2011-09-23 15:50:00,2011-09-23 15:50:00,0,£100-500,1 order
16488,498.8,3,728,17.2,2011-07-14 11:46:00,2011-11-06 13:42:00,115,£100-500,3-4 orders
16491,731.5,1,478,18.756410256410255,2011-10-24 10:18:00,2011-10-24 10:18:00,0,£500-1k,1 order
16493,1351.63,4,1164,24.13625,2011-01-14 08:16:00,2011-09-21 11:10:00,250,£1k-5k,3-4 orders
16494,826.53,1,675,16.5306,2011-02-16 12:49:00,2011-02-16 12:49:00,0,£500-1k,1 order
16495,684.41,3,337,7.055773195876288,2011-03-08 16:38:00,2011-12-06 13:20:00,272,£500-1k,3-4 orders
16496,1599.52,3,1111,16.837052631578945,2011-01-27 09:42:00,2011-12-01 10:31:00,308,£1k-5k,3-4 orders
16497,2965.69,6,1396,21.80654411764706,2011-01-10 13:20:00,2011-10-21 10:55:00,283,£1k-5k,5-9 orders
16498,100.97,2,45,6.731333333333334,2011-06-30 19:52:00,2011-07-01 15:07:00,0,£100-500,2 orders
16499,365.45,2,127,19.23421052631579,2010-12-10 10:27:00,2010-12-14 13:31:00,4,£100-500,2 orders
16500,400.86,6,123,36.441818181818185,2011-01-13 10:28:00,2011-12-05 12:04:00,326,£100-500,5-9 orders
16503,1431.93,4,569,17.046785714285715,2010-12-14 13:50:00,2011-08-25 11:46:00,253,£1k-5k,3-4 orders
16504,484.38,1,524,5.632325581395349,2011-11-14 15:18:00,2011-11-14 15:18:00,0,£100-500,1 order
16505,777.6,1,576,194.4,2011-11-08 12:14:00,2011-11-08 12:14:00,0,£500-1k,1 order
16506,90.30000000000001,2,42,30.100000000000005,2011-10-30 15:50:00,2011-11-20 12:17:00,20,£0-100,2 orders
16509,363.7,1,64,27.976923076923075,2011-02-16 09:25:00,2011-02-16 09:25:00,0,£100-500,1 order
16510,248.1,1,92,19.084615384615383,2010-12-02 13:39:00,2010-12-02 13:39:00,0,£100-500,1 order
16511,950.26,3,417,5.6228402366863905,2011-03-18 11:24:00,2011-11-18 10:41:00,244,£500-1k,3-4 orders
16513,874.59,4,407,24.988285714285716,2011-10-27 14:56:00,2011-12-05 10:18:00,38,£500-1k,3-4 orders
16515,1627.13,5,833,14.399380530973453,2011-02-01 13:09:00,2011-10-18 13:10:00,259,£1k-5k,5-9 orders
16516,101.69999999999999,1,58,16.95,2011-11-09 14:59:00,2011-11-09 14:59:00,0,£100-500,1 order
16517,162.7,1,96,9.570588235294117,2011-03-07 13:50:00,2011-03-07 13:50:00,0,£100-500,1 order
16518,484.32,2,327,12.108,2011-02-28 16:36:00,2011-10-09 15:04:00,222,£100-500,2 orders
16519,215.07999999999998,2,54,16.544615384615383,2010-12-09 14:08:00,2011-11-14 15:41:00,340,£100-500,2 orders
16520,1046.57,3,558,6.708782051282051,2010-12-09 13:08:00,2011-06-06 13:24:00,179,£1k-5k,3-4 orders
16523,9418.470000000001,21,4265,32.477482758620695,2011-01-28 12:06:00,2011-12-08 09:06:00,313,£5k-10k,20+ orders
16525,13027.45,26,7397,71.18825136612023,2010-12-08 11:31:00,2011-12-07 15:07:00,364,£10k+,20+ orders
16526,290.36,1,106,19.357333333333333,2011-06-21 12:02:00,2011-06-21 12:02:00,0,£100-500,1 order
16527,228.06,1,106,16.29,2011-09-19 16:21:00,2011-09-19 16:21:00,0,£100-500,1 order
16528,244.41,1,171,14.377058823529412,2011-12-06 12:45:00,2011-12-06 12:45:00,0,£100-500,1 order
16529,455.25,1,198,15.175,2011-06-02 17:23:00,2011-06-02 17:23:00,0,£100-500,1 order
16531,1244.59,7,915,16.163506493506492,2010-12-14 13:19:00,2011-11-17 16:29:00,338,£1k-5k,5-9 orders
16532,6748.8,3,2016,1687.2,2011-01-05 12:37:00,2011-11-22 11:08:00,320,£5k-10k,3-4 orders
16533,1095.56,3,612,6.189604519774011,2011-10-02 15:07:00,2011-11-20 13:08:00,48,£1k-5k,3-4 orders
16535,593.75,1,356,19.153225806451612,2011-12-04 15:18:00,2011-12-04 15:18:00,0,£500-1k,1 order
16536,548.97,1,251,9.981272727272728,2011-08-21 15:54:00,2011-08-21 15:54:00,0,£500-1k,1 order
16539,1388.81,4,477,30.862444444444442,2010-12-01 15:40:00,2011-12-07 08:41:00,370,£1k-5k,3-4 orders
16542,119.62,1,46,23.924,2011-10-17 10:47:00,2011-10-17 10:47:00,0,£100-500,1 order
16545,339.3,1,78,113.10000000000001,2011-06-28 10:37:00,2011-06-28 10:37:00,0,£100-500,1 order
16546,787.15,2,549,31.486,2010-12-02 12:07:00,2011-02-22 11:20:00,81,£500-1k,2 orders
16549,4154.64,10,2365,4.235107033639144,2011-01-09 14:03:00,2011-11-29 15:06:00,324,£1k-5k,10-19 orders
16550,2298.97,5,1540,9.159243027888445,2010-12-06 13:53:00,2011-08-23 11:12:00,259,£1k-5k,5-9 orders
16551,922.12,3,970,28.81625,2011-01-07 10:24:00,2011-09-05 09:38:00,240,£500-1k,3-4 orders
16552,379.73,2,219,22.337058823529414,2010-12-01 12:36:00,2011-04-11 10:04:00,130,£100-500,2 orders
16553,5719.82,12,4600,68.09309523809523,2010-12-14 13:58:00,2011-06-29 15:42:00,197,£5k-10k,10-19 orders
16554,837.1,3,402,16.098076923076924,2011-01-12 12:41:00,2011-10-28 14:51:00,289,£500-1k,3-4 orders
16555,285.89,2,175,16.81705882352941,2011-08-22 12:32:00,2011-11-04 14:31:00,74,£100-500,2 orders
16556,3313.79,7,1890,16.008647342995168,2010-12-14 13:32:00,2011-10-04 11:36:00,293,£1k-5k,5-9 orders
16557,281.85,2,111,25.622727272727275,2011-07-25 13:28:00,2011-11-15 14:04:00,113,£100-500,2 orders
16558,8338.49,20,5377,18.127152173913043,2010-12-08 12:01:00,2011-12-09 10:20:00,365,£5k-10k,20+ orders
16560,841.41,2,500,15.02517857142857,2010-12-16 14:36:00,2011-11-13 10:35:00,331,£500-1k,2 orders
16561,511.12,2,244,16.48774193548387,2011-10-11 09:53:00,2011-12-04 11:50:00,54,£500-1k,2 orders
16563,1077.74,1,486,56.72315789473684,2011-10-17 11:51:00,2011-10-17 11:51:00,0,£1k-5k,1 order
16565,173.7,1,46,57.9,2010-12-10 15:21:00,2010-12-10 15:21:00,0,£100-500,1 order
16566,614.66,5,362,34.147777777777776,2011-02-20 10:29:00,2011-11-24 16:34:00,277,£500-1k,5-9 orders
16567,865.6,2,996,24.731428571428573,2011-01-07 09:31:00,2011-05-29 13:57:00,142,£500-1k,2 orders
16569,124.2,1,93,24.84,2011-12-06 15:32:00,2011-12-06 15:32:00,0,£100-500,1 order
16570,3738.4,10,2112,29.66984126984127,2011-02-01 10:37:00,2011-11-24 17:02:00,296,£1k-5k,10-19 orders
16571,1421.69,3,1239,16.34126436781609,2011-03-03 09:41:00,2011-11-13 11:46:00,255,£1k-5k,3-4 orders
16572,1009.6,3,532,17.712280701754388,2011-03-09 12:04:00,2011-08-04 16:34:00,148,£1k-5k,3-4 orders
16573,663.61,2,360,15.800238095238095,2011-02-22 15:14:00,2011-09-16 09:13:00,205,£500-1k,2 orders
16574,451.44,1,416,16.122857142857143,2011-09-29 13:39:00,2011-09-29 13:39:00,0,£100-500,1 order
16581,105.84,1,134,11.76,2011-06-10 10:05:00,2011-06-10 10:05:00,0,£100-500,1 order
16582,313.62,1,164,52.27,2011-08-18 17:02:00,2011-08-18 17:02:00,0,£100-500,1 order
16583,233.45,1,111,16.675,2010-12-01 12:03:00,2010-12-01 12:03:00,0,£100-500,1 order
16584,936.08,2,646,33.431428571428576,2011-03-30 13:14:00,2011-09-20 13:45:00,174,£500-1k,2 orders
16586,463.95,1,95,57.99375,2011-04-05 09:32:00,2011-04-05 09:32:00,0,£100-500,1 order
16587,225.15,1,71,17.31923076923077,2011-04-21 15:51:00,2011-04-21 15:51:00,0,£100-500,1 order
16589,459.24,3,368,13.916363636363636,2011-07-01 13:31:00,2011-09-29 14:50:00,90,£100-500,3-4 orders
16591,213.5,1,41,21.35,2011-10-02 10:43:00,2011-10-02 10:43:00,0,£100-500,1 order
16592,4113.68,16,2927,19.044814814814817,2011-02-25 10:19:00,2011-12-05 13:49:00,283,£1k-5k,10-19 orders
16593,330.03,3,116,12.223333333333333,2011-01-16 12:11:00,2011-10-20 12:41:00,277,£100-500,3-4 orders
16594,181.09,1,64,3.416792452830189,2011-09-25 14:08:00,2011-09-25 14:08:00,0,£100-500,1 order
16595,360.16,1,335,4.237176470588236,2011-10-09 13:15:00,2011-10-09 13:15:00,0,£100-500,1 order
16596,250.15,2,97,20.845833333333335,2010-12-08 16:18:00,2011-11-24 10:02:00,350,£100-500,2 orders
16597,90.04,1,184,12.862857142857143,2011-12-05 15:44:00,2011-12-05 15:44:00,0,£0-100,1 order
16598,145.04999999999998,1,73,14.504999999999999,2011-02-27 11:42:00,2011-02-27 11:42:00,0,£100-500,1 order
16600,813.52,6,1145,13.121290322580645,2011-01-05 12:13:00,2011-12-05 16:00:00,334,£500-1k,5-9 orders
16601,244.79999999999998,1,134,7.896774193548387,2011-10-30 11:09:00,2011-10-30 11:09:00,0,£100-500,1 order
16602,528.08,1,336,18.209655172413793,2011-11-03 15:54:00,2011-11-03 15:54:00,0,£500-1k,1 order
16603,482.47,2,480,14.19029411764706,2011-09-09 13:02:00,2011-09-26 10:06:00,16,£100-500,2 orders
16607,3347.71,14,2859,19.46343023255814,2010-12-16 08:41:00,2011-11-22 10:24:00,341,£1k-5k,10-19 orders
16609,5493.46,7,2420,19.903840579710145,2011-04-01 10:11:00,2011-11-24 13:32:00,237,£5k-10k,5-9 orders
16610,75.66,1,66,12.61,2011-05-04 13:13:00,2011-05-04 13:13:00,0,£0-100,1 order
16611,129.49,1,47,12.949000000000002,2011-06-06 15:46:00,2011-06-06 15:46:00,0,£100-500,1 order
16612,1187.66,4,506,17.994848484848486,2011-02-01 10:38:00,2011-11-07 07:38:00,278,£1k-5k,3-4 orders
16613,618.59,1,293,20.619666666666667,2011-09-30 15:52:00,2011-09-30 15:52:00,0,£500-1k,1 order
16614,506.19,1,223,19.468846153846155,2011-06-10 11:36:00,2011-06-10 11:36:00,0,£500-1k,1 order
16616,500.42,2,370,15.164242424242424,2011-07-05 13:38:00,2011-11-24 16:31:00,142,£500-1k,2 orders
16617,151.85,1,91,30.369999999999997,2011-04-18 10:35:00,2011-04-18 10:35:00,0,£100-500,1 order
16618,2647.59,5,1363,27.579062500000003,2011-01-21 11:55:00,2011-11-08 13:52:00,291,£1k-5k,5-9 orders
16619,226.21,1,133,16.157857142857143,2011-03-21 08:18:00,2011-03-21 08:18:00,0,£100-500,1 order
16620,178.96,2,88,19.884444444444444,2011-03-24 10:37:00,2011-12-06 12:19:00,257,£100-500,2 orders
16621,813.48,4,302,28.05103448275862,2011-03-07 11:32:00,2011-10-19 11:38:00,226,£500-1k,3-4 orders
16623,129.45,1,39,25.889999999999997,2011-04-08 10:09:00,2011-04-08 10:09:00,0,£100-500,1 order
16624,810.5699999999999,2,488,16.886875,2011-05-26 14:20:00,2011-09-20 12:39:00,116,£500-1k,2 orders
16625,333.08,1,164,14.481739130434782,2011-03-10 12:50:00,2011-03-10 12:50:00,0,£100-500,1 order
16626,4413.1,17,2690,24.65418994413408,2011-03-18 12:27:00,2011-12-09 11:56:00,265,£1k-5k,10-19 orders
16627,322.8,1,162,16.14,2011-09-21 14:38:00,2011-09-21 14:38:00,0,£100-500,1 order
16628,2188.05,5,1205,18.701282051282053,2011-04-19 08:55:00,2011-11-10 12:45:00,205,£1k-5k,5-9 orders
16629,417.73,2,493,6.52703125,2011-09-04 16:12:00,2011-09-27 10:34:00,22,£100-500,2 orders
16633,2883.1,6,1138,18.967763157894737,2011-04-19 14:36:00,2011-11-22 13:41:00,216,£1k-5k,5-9 orders
16634,217.9,2,82,24.211111111111112,2010-12-02 17:41:00,2011-05-01 12:09:00,149,£100-500,2 orders
16637,1154.47,4,927,16.73144927536232,2011-04-28 10:20:00,2011-11-07 13:17:00,193,£1k-5k,3-4 orders
16638,1680.72,10,1255,17.88,2010-12-06 10:19:00,2011-11-17 11:09:00,346,£1k-5k,10-19 orders
16639,1257.51,3,510,25.150199999999998,2011-04-18 09:31:00,2011-11-08 13:20:00,204,£1k-5k,3-4 orders
16641,231.10000000000002,1,256,19.258333333333336,2011-08-26 12:49:00,2011-08-26 12:49:00,0,£100-500,1 order
16642,688.33,2,479,20.245,2011-05-16 12:35:00,2011-12-05 11:31:00,202,£500-1k,2 orders
16643,487.51,1,269,18.055925925925926,2011-04-08 08:24:00,2011-04-08 08:24:00,0,£100-500,1 order
16644,833.78,2,826,13.448064516129032,2011-05-11 12:53:00,2011-06-15 12:39:00,34,£500-1k,2 orders
16647,214.06,2,146,15.290000000000001,2011-05-19 09:31:00,2011-06-23 11:47:00,35,£100-500,2 orders
16648,290.65999999999997,1,281,15.297894736842103,2011-10-28 08:58:00,2011-10-28 08:58:00,0,£100-500,1 order
16650,518.42,1,372,21.60083333333333,2011-09-29 09:51:00,2011-09-29 09:51:00,0,£500-1k,1 order
16652,6773.97,7,3283,57.406525423728816,2011-03-11 13:13:00,2011-10-12 09:38:00,214,£5k-10k,5-9 orders
16653,1212.66,2,733,17.574782608695653,2011-09-29 13:38:00,2011-11-23 14:51:00,55,£1k-5k,2 orders
16654,601.27,4,282,20.733448275862067,2010-12-06 15:09:00,2011-07-21 15:23:00,227,£500-1k,3-4 orders
16655,3794.52,6,2367,14.538390804597702,2011-01-12 10:16:00,2011-11-22 11:25:00,314,£1k-5k,5-9 orders
16656,8625.8,15,8894,118.16164383561643,2010-12-10 11:23:00,2011-11-17 14:43:00,342,£5k-10k,10-19 orders
16657,933.62,4,1229,4.488557692307692,2011-03-30 12:02:00,2011-11-30 11:48:00,244,£500-1k,3-4 orders
16658,123.24,1,40,15.405,2010-12-06 13:47:00,2010-12-06 13:47:00,0,£100-500,1 order
16659,39.12,1,72,19.56,2011-06-03 15:03:00,2011-06-03 15:03:00,0,£0-100,1 order
16660,1267.6499999999999,4,571,79.22812499999999,2011-01-24 12:44:00,2011-11-23 14:53:00,303,£1k-5k,3-4 orders
16665,135.39999999999998,1,59,15.044444444444443,2010-12-12 14:03:00,2010-12-12 14:03:00,0,£100-500,1 order
16666,118.98,1,233,3.718125,2011-11-20 14:01:00,2011-11-20 14:01:00,0,£100-500,1 order
16667,570.13,2,237,10.757169811320754,2011-02-28 12:57:00,2011-10-02 15:26:00,216,£500-1k,2 orders
16668,306.71999999999997,6,318,15.335999999999999,2011-02-28 12:46:00,2011-11-24 17:43:00,269,£100-500,5-9 orders
16669,1374.8700000000001,3,888,8.592937500000001,2011-09-22 14:13:00,2011-11-16 12:26:00,54,£1k-5k,3-4 orders
16670,4095.9,11,2556,16.25357142857143,2010-12-16 10:30:00,2011-11-23 09:34:00,341,£1k-5k,10-19 orders
16671,1692.27,3,875,282.045,2011-06-28 11:20:00,2011-11-11 13:40:00,136,£1k-5k,3-4 orders
16672,8134.9400000000005,20,2832,71.35912280701754,2011-03-18 10:15:00,2011-12-07 16:29:00,264,£5k-10k,20+ orders
16674,319.61,2,188,3.261326530612245,2011-09-02 13:59:00,2011-10-16 11:31:00,43,£100-500,2 orders
16676,1592.1200000000001,4,636,17.888988764044946,2011-01-06 13:00:00,2011-11-06 12:01:00,303,£1k-5k,3-4 orders
16678,3109.99,12,2397,19.07969325153374,2011-03-02 09:24:00,2011-12-07 12:17:00,280,£1k-5k,10-19 orders
16679,129.75,1,29,43.25,2010-12-08 13:51:00,2010-12-08 13:51:00,0,£100-500,1 order
16680,183.7,1,94,18.369999999999997,2011-10-27 17:35:00,2011-10-27 17:35:00,0,£100-500,1 order
16681,1770.34,6,1407,40.235,2011-03-31 13:46:00,2011-09-28 11:11:00,180,£1k-5k,5-9 orders
16682,1028.0,5,1040,34.266666666666666,2011-06-05 11:02:00,2011-12-05 12:13:00,183,£1k-5k,5-9 orders
16684,66653.56,28,50255,240.6265703971119,2010-12-16 17:34:00,2011-12-05 14:06:00,353,£10k+,20+ orders
16685,324.24,2,396,5.2296774193548385,2011-10-09 13:44:00,2011-10-09 13:58:00,0,£100-500,2 orders
16686,3062.83,7,2030,5.235606837606838,2010-12-19 14:41:00,2011-10-23 13:49:00,307,£1k-5k,5-9 orders
16688,1260.86,4,804,20.336451612903225,2011-10-10 12:23:00,2011-12-08 15:24:00,59,£1k-5k,3-4 orders
16689,422.59999999999997,2,330,32.5076923076923,2011-09-18 13:29:00,2011-09-25 11:39:00,6,£100-500,2 orders
16690,225.57999999999998,2,138,18.798333333333332,2011-05-22 10:53:00,2011-09-28 15:02:00,129,£100-500,2 orders
16692,1276.0,2,152,425.3333333333333,2011-02-23 15:41:00,2011-03-28 14:46:00,32,£1k-5k,2 orders
16693,482.01,2,204,8.0335,2011-03-13 11:06:00,2011-10-02 11:10:00,203,£100-500,2 orders
16696,657.9000000000001,4,146,65.79,2011-04-05 15:20:00,2011-07-27 14:23:00,112,£500-1k,3-4 orders
16697,112.75,1,27,5.369047619047619,2011-04-12 17:12:00,2011-04-12 17:12:00,0,£100-500,1 order
16698,1998.0,2,840,399.6,2011-03-31 13:33:00,2011-04-27 10:52:00,26,£1k-5k,2 orders
16700,5076.55,13,4024,16.482305194805196,2010-12-08 16:34:00,2011-12-01 11:00:00,357,£5k-10k,10-19 orders
16701,5398.3,13,6393,37.488194444444446,2010-12-13 11:51:00,2011-12-01 11:10:00,352,£5k-10k,10-19 orders
16705,14034.99,20,5476,51.98144444444444,2010-12-16 10:51:00,2011-12-09 12:08:00,358,£10k+,20+ orders
16706,531.35,3,249,4.319918699186992,2011-08-17 15:53:00,2011-11-02 13:50:00,76,£500-1k,3-4 orders
16708,656.63,1,285,24.31962962962963,2011-10-25 12:20:00,2011-10-25 12:20:00,0,£500-1k,1 order
16709,3029.87,5,851,38.35278481012658,2011-03-03 10:55:00,2011-09-16 10:56:00,197,£1k-5k,5-9 orders
16710,2483.04,10,1836,6.1767164179104475,2010-12-06 13:13:00,2011-11-20 14:50:00,349,£1k-5k,10-19 orders
16711,1651.03,5,833,75.04681818181818,2010-12-17 12:43:00,2011-12-06 16:32:00,354,£1k-5k,5-9 orders
16712,3645.43,11,1749,8.155324384787471,2011-03-08 15:07:00,2011-11-30 13:48:00,266,£1k-5k,10-19 orders
16713,6923.13,15,4276,11.094759615384616,2010-12-08 13:01:00,2011-11-21 12:36:00,347,£5k-10k,10-19 orders
16714,1161.53,3,610,12.489569892473117,2011-01-26 13:40:00,2011-05-05 11:09:00,98,£1k-5k,3-4 orders
16715,301.71999999999997,1,642,15.879999999999999,2011-09-22 18:15:00,2011-09-22 18:15:00,0,£100-500,1 order
16716,901.2,2,120,450.6,2011-02-01 15:35:00,2011-03-18 10:03:00,44,£500-1k,2 orders
16717,3858.38,6,1866,19.38884422110553,2010-12-08 16:48:00,2011-11-16 12:16:00,342,£1k-5k,5-9 orders
16718,623.75,1,413,13.86111111111111,2010-12-05 13:03:00,2010-12-05 13:03:00,0,£500-1k,1 order
16719,1790.42,7,1204,8.907562189054726,2010-12-06 12:06:00,2011-11-25 09:27:00,353,£1k-5k,5-9 orders
16720,155.24,1,182,5.74962962962963,2011-11-13 16:22:00,2011-11-13 16:22:00,0,£100-500,1 order
16721,292.47,1,172,7.904594594594595,2011-03-22 16:08:00,2011-03-22 16:08:00,0,£100-500,1 order
16722,4730.81,13,5001,21.025822222222224,2010-12-06 12:59:00,2011-11-22 13:28:00,351,£1k-5k,10-19 orders
16723,589.15,2,399,13.701162790697675,2011-08-24 11:31:00,2011-09-09 13:01:00,16,£500-1k,2 orders
16725,781.02,7,294,5.172317880794702,2010-12-03 16:02:00,2011-02-10 16:52:00,69,£500-1k,5-9 orders
16726,1382.02,5,977,7.470378378378379,2010-12-13 13:28:00,2011-11-13 14:53:00,335,£1k-5k,5-9 orders
16727,272.82,1,177,5.9308695652173915,2010-12-10 13:48:00,2010-12-10 13:48:00,0,£100-500,1 order
16728,1054.67,4,677,3.9207063197026026,2011-03-20 13:28:00,2011-10-24 14:36:00,218,£1k-5k,3-4 orders
16729,7239.92,21,5783,10.969575757575758,2011-04-12 14:22:00,2011-11-01 14:29:00,203,£5k-10k,20+ orders
16730,743.11,3,994,9.062317073170732,2011-01-24 14:01:00,2011-10-18 14:11:00,267,£500-1k,3-4 orders
16732,603.75,1,317,21.5625,2011-11-08 09:54:00,2011-11-08 09:54:00,0,£500-1k,1 order
16734,650.51,3,346,12.27377358490566,2011-08-17 15:00:00,2011-10-18 13:44:00,61,£500-1k,3-4 orders
16735,2300.56,5,1573,18.40448,2011-01-09 12:53:00,2011-09-22 11:49:00,255,£1k-5k,5-9 orders
16737,417.59999999999997,1,288,417.59999999999997,2011-10-17 13:03:00,2011-10-17 13:03:00,0,£100-500,1 order
16738,3.75,1,3,3.75,2011-02-15 09:46:00,2011-02-15 09:46:00,0,£0-100,1 order
16739,323.0,1,172,24.846153846153847,2011-06-16 09:17:00,2011-06-16 09:17:00,0,£100-500,1 order
16742,464.9,1,1,464.9,2011-10-24 12:02:00,2011-10-24 12:02:00,0,£100-500,1 order
16743,2238.09,7,2047,11.717748691099477,2010-12-16 12:15:00,2011-11-10 13:13:00,329,£1k-5k,5-9 orders
16744,1304.76,7,805,5.391570247933884,2011-06-19 15:13:00,2011-11-28 13:06:00,161,£1k-5k,5-9 orders
16745,7194.3,17,6735,20.152100840336136,2011-02-01 11:31:00,2011-09-14 11:58:00,225,£5k-10k,10-19 orders
16746,6697.66,18,4665,14.91683741648107,2010-12-16 11:43:00,2011-12-05 12:33:00,354,£5k-10k,10-19 orders
16747,836.06,2,583,19.906190476190474,2011-10-03 10:18:00,2011-11-02 11:37:00,30,£500-1k,2 orders
16748,1515.9,5,880,21.969565217391306,2011-01-09 13:50:00,2011-11-22 10:17:00,316,£1k-5k,5-9 orders
16750,623.93,5,214,6.567684210526315,2011-04-21 16:53:00,2011-10-26 12:48:00,187,£500-1k,5-9 orders
16751,1764.72,1,1031,70.5888,2011-11-09 10:48:00,2011-11-09 10:48:00,0,£1k-5k,1 order
16752,207.5,1,54,23.055555555555557,2010-12-02 12:18:00,2010-12-02 12:18:00,0,£100-500,1 order
16753,223.92000000000002,1,189,6.5858823529411765,2011-10-12 13:14:00,2011-10-12 13:14:00,0,£100-500,1 order
16754,2002.4,1,4280,1001.2,2010-12-02 17:38:00,2010-12-02 17:38:00,0,£1k-5k,1 order
16755,1496.83,3,1064,8.804882352941176,2011-01-28 10:47:00,2011-08-17 13:21:00,201,£1k-5k,3-4 orders
16756,239.4,1,106,18.415384615384617,2011-05-09 09:33:00,2011-05-09 09:33:00,0,£100-500,1 order
16757,106.83000000000001,1,81,15.261428571428572,2011-01-25 11:59:00,2011-01-25 11:59:00,0,£100-500,1 order
16758,369.34000000000003,1,203,16.78818181818182,2011-10-05 14:47:00,2011-10-05 14:47:00,0,£100-500,1 order
16759,789.79,3,609,18.804523809523808,2011-11-09 09:06:00,2011-12-02 12:42:00,23,£500-1k,3-4 orders
16761,316.62,1,341,24.355384615384615,2011-09-04 11:15:00,2011-09-04 11:15:00,0,£100-500,1 order
16762,1501.38,3,618,16.869438202247192,2011-07-18 12:52:00,2011-11-20 11:43:00,124,£1k-5k,3-4 orders
16763,611.85,1,319,26.60217391304348,2011-05-25 11:52:00,2011-05-25 11:52:00,0,£500-1k,1 order
16764,2799.25,13,1259,3.9649433427762037,2011-07-19 17:17:00,2011-12-06 11:41:00,139,£1k-5k,10-19 orders
16765,34.0,1,4,34.0,2011-02-18 15:41:00,2011-02-18 15:41:00,0,£0-100,1 order
16766,1145.6,2,536,33.69411764705882,2011-03-11 13:34:00,2011-03-11 15:22:00,0,£1k-5k,2 orders
16767,5580.6,11,4435,25.13783783783784,2011-01-27 13:38:00,2011-11-09 09:42:00,285,£5k-10k,10-19 orders
16768,478.09000000000003,3,196,8.85351851851852,2011-03-13 10:25:00,2011-10-23 10:38:00,224,£100-500,3-4 orders
16769,380.39,1,83,9.50975,2011-03-24 13:41:00,2011-03-24 13:41:00,0,£100-500,1 order
16770,770.1,5,464,5.311034482758621,2010-12-02 15:49:00,2011-10-13 12:21:00,314,£500-1k,5-9 orders
16771,2246.81,5,1489,8.811019607843138,2011-01-05 13:57:00,2011-11-06 13:28:00,304,£1k-5k,5-9 orders
16773,171.59,1,171,6.599615384615385,2011-10-13 14:37:00,2011-10-13 14:37:00,0,£100-500,1 order
16774,661.52,4,322,13.781666666666666,2011-06-14 12:45:00,2011-10-03 12:41:00,110,£500-1k,3-4 orders
16775,1695.66,11,440,10.732025316455697,2010-12-07 15:15:00,2011-11-29 15:22:00,357,£1k-5k,10-19 orders
16776,388.28,1,262,5.1089473684210525,2011-10-10 13:04:00,2011-10-10 13:04:00,0,£100-500,1 order
16777,226.35,2,64,4.527,2011-03-27 14:34:00,2011-09-20 13:41:00,176,£100-500,2 orders
16778,245.94,2,194,15.37125,2011-03-10 15:21:00,2011-09-26 13:48:00,199,£100-500,2 orders
16779,10629.720000000001,22,5325,31.921081081081084,2010-12-08 09:56:00,2011-12-07 14:54:00,364,£10k+,20+ orders
16780,425.19,2,271,7.0865,2011-03-25 17:34:00,2011-08-31 16:09:00,158,£100-500,2 orders
16781,311.25,1,113,18.308823529411764,2010-12-02 14:26:00,2010-12-02 14:26:00,0,£100-500,1 order
16782,2279.9,13,712,11.999473684210527,2010-12-09 11:28:00,2011-11-29 13:20:00,355,£1k-5k,10-19 orders
16784,107.6,1,24,35.86666666666667,2011-11-20 12:20:00,2011-11-20 12:20:00,0,£100-500,1 order
16788,597.48,2,311,3.854709677419355,2011-03-30 13:05:00,2011-08-08 14:53:00,131,£500-1k,2 orders
16789,80.8,1,32,16.16,2011-12-01 15:12:00,2011-12-01 15:12:00,0,£0-100,1 order
16790,1545.6200000000001,6,898,16.61956989247312,2011-11-02 11:23:00,2011-12-06 11:53:00,34,£1k-5k,5-9 orders
16791,1721.78,7,763,5.3805625,2011-01-11 15:42:00,2011-11-10 19:12:00,303,£1k-5k,5-9 orders
16792,110.38000000000001,2,44,9.198333333333334,2011-03-02 14:39:00,2011-03-02 14:41:00,0,£100-500,2 orders
16793,243.84,1,146,15.24,2011-10-13 15:08:00,2011-10-13 15:08:00,0,£100-500,1 order
16794,1222.71,10,937,4.290210526315789,2011-06-12 14:15:00,2011-12-08 17:54:00,179,£1k-5k,10-19 orders
16795,414.88,1,239,6.286060606060606,2010-12-09 14:08:00,2010-12-09 14:08:00,0,£100-500,1 order
16796,305.62,1,186,16.97888888888889,2011-09-11 14:01:00,2011-09-11 14:01:00,0,£100-500,1 order
16800,1201.49,1,540,7.326158536585366,2011-11-28 14:06:00,2011-11-28 14:06:00,0,£1k-5k,1 order
16801,1619.73,4,499,21.312236842105264,2011-03-11 13:56:00,2011-06-29 15:33:00,110,£1k-5k,3-4 orders
16803,332.3,1,245,13.845833333333333,2011-10-05 14:28:00,2011-10-05 14:28:00,0,£100-500,1 order
16804,536.99,3,246,8.949833333333334,2011-03-14 15:48:00,2011-11-16 16:43:00,247,£500-1k,3-4 orders
16805,460.59,2,539,4.699897959183673,2010-12-14 13:35:00,2011-06-19 11:23:00,186,£100-500,2 orders
16806,801.49,4,378,7.781456310679611,2011-04-14 19:59:00,2011-08-28 15:27:00,135,£500-1k,3-4 orders
16807,1121.59,3,778,16.740149253731342,2011-03-14 09:46:00,2011-07-20 12:00:00,128,£1k-5k,3-4 orders
16808,288.42,2,196,12.540000000000001,2011-03-10 19:05:00,2011-09-01 19:34:00,175,£100-500,2 orders
16809,914.69,5,652,6.138859060402685,2011-03-22 15:20:00,2011-11-16 15:45:00,239,£500-1k,5-9 orders
16810,309.54,1,114,20.636000000000003,2011-05-31 15:32:00,2011-05-31 15:32:00,0,£100-500,1 order
16811,547.07,2,477,19.538214285714286,2011-11-22 17:19:00,2011-12-05 11:39:00,12,£500-1k,2 orders
16812,479.35,1,81,31.956666666666667,2010-12-14 12:35:00,2010-12-14 12:35:00,0,£100-500,1 order
16813,1692.98,10,1525,3.7705567928730512,2011-05-19 13:28:00,2011-12-01 14:03:00,196,£1k-5k,10-19 orders
16814,6509.1,21,2769,20.089814814814815,2010-12-05 11:45:00,2011-11-25 13:27:00,355,£5k-10k,20+ orders
16816,417.06,4,274,14.895,2010-12-16 17:01:00,2011-08-28 14:16:00,254,£100-500,3-4 orders
16817,1604.75,9,822,18.65988372093023,2010-12-06 14:19:00,2011-12-07 11:03:00,365,£1k-5k,5-9 orders
16818,3349.57,11,2164,17.81686170212766,2011-05-18 11:42:00,2011-11-29 10:41:00,194,£1k-5k,10-19 orders
16820,497.61,1,307,19.138846153846153,2011-09-05 12:06:00,2011-09-05 12:06:00,0,£100-500,1 order
16823,358.38,1,136,9.431052631578947,2011-04-26 15:00:00,2011-04-26 15:00:00,0,£100-500,1 order
16824,460.64,2,236,17.716923076923077,2011-06-28 13:36:00,2011-11-24 12:38:00,148,£100-500,2 orders
16825,775.1800000000001,2,566,27.685000000000002,2011-06-07 09:44:00,2011-11-01 11:51:00,147,£500-1k,2 orders
16826,341.7,1,158,15.531818181818181,2011-10-19 14:05:00,2011-10-19 14:05:00,0,£100-500,1 order
16828,128.5,2,59,16.0625,2011-08-19 13:24:00,2011-09-07 15:10:00,19,£100-500,2 orders
16829,197.22,1,99,17.92909090909091,2011-07-06 10:48:00,2011-07-06 10:48:00,0,£100-500,1 order
16830,325.91,1,264,14.170000000000002,2011-11-01 11:35:00,2011-11-01 11:35:00,0,£100-500,1 order
16832,199.15,3,33,16.595833333333335,2011-05-06 14:12:00,2011-06-08 15:36:00,33,£100-500,3-4 orders
16833,1106.53,4,440,23.5431914893617,2011-01-09 13:02:00,2011-12-08 14:39:00,333,£1k-5k,3-4 orders
16834,413.46,1,358,17.2275,2011-04-26 09:37:00,2011-04-26 09:37:00,0,£100-500,1 order
16835,180.85,2,61,18.085,2010-12-01 17:15:00,2011-08-03 13:50:00,244,£100-500,2 orders
16836,251.87,2,165,22.89727272727273,2011-08-15 12:38:00,2011-10-31 10:05:00,76,£100-500,2 orders
16837,3170.98,11,1563,19.218060606060607,2011-04-08 08:48:00,2011-11-08 14:27:00,214,£1k-5k,10-19 orders
16838,588.85,2,185,23.554000000000002,2011-02-24 15:01:00,2011-05-26 13:13:00,90,£500-1k,2 orders
16839,16594.35,34,8975,62.38477443609022,2010-12-05 11:15:00,2011-12-01 09:03:00,360,£10k+,20+ orders
16841,1869.82,6,2250,16.119137931034484,2011-02-25 12:40:00,2011-11-03 11:51:00,250,£1k-5k,5-9 orders
16842,1264.19,3,693,20.066507936507936,2011-02-10 14:51:00,2011-08-31 10:42:00,201,£1k-5k,3-4 orders
16843,10196.57,16,10159,26.97505291005291,2011-01-16 16:10:00,2011-10-28 09:06:00,284,£10k+,10-19 orders
16846,214.32,1,135,19.483636363636364,2011-10-20 13:55:00,2011-10-20 13:55:00,0,£100-500,1 order
16847,193.44,1,78,16.12,2011-10-27 13:29:00,2011-10-27 13:29:00,0,£100-500,1 order
16848,281.42,1,182,20.101428571428574,2011-10-18 08:42:00,2011-10-18 08:42:00,0,£100-500,1 order
16849,124.57,1,33,15.57125,2011-06-06 09:16:00,2011-06-06 09:16:00,0,£100-500,1 order
16850,332.41,1,249,17.495263157894737,2011-01-10 11:09:00,2011-01-10 11:09:00,0,£100-500,1 order
16851,342.45,3,271,17.1225,2011-10-19 09:48:00,2011-12-05 13:32:00,47,£100-500,3-4 orders
16852,144.91000000000003,2,56,16.101111111111113,2011-06-16 15:49:00,2011-11-29 13:22:00,165,£100-500,2 orders
16855,328.4,2,164,17.28421052631579,2011-10-27 16:31:00,2011-11-16 12:03:00,19,£100-500,2 orders
16856,35.400000000000006,1,12,17.700000000000003,2011-11-25 08:59:00,2011-11-25 08:59:00,0,£0-100,1 order
16858,375.69000000000005,1,91,37.569,2010-12-06 09:52:00,2010-12-06 09:52:00,0,£100-500,1 order
16859,747.81,2,827,14.380961538461538,2011-03-23 13:39:00,2011-07-18 12:19:00,116,£500-1k,2 orders
16861,173.76,2,140,28.959999999999997,2011-07-04 15:38:00,2011-10-11 09:05:00,98,£100-500,2 orders
16863,502.8,2,409,19.338461538461537,2010-12-08 08:58:00,2011-11-08 15:26:00,335,£500-1k,2 orders
16866,207.73999999999998,3,60,18.885454545454543,2011-07-01 12:34:00,2011-07-22 10:06:00,20,£100-500,3-4 orders
16869,825.42,4,585,6.44859375,2011-06-17 13:01:00,2011-11-17 12:02:00,152,£500-1k,3-4 orders
16871,2812.34,6,1253,20.528029197080293,2011-03-14 10:31:00,2011-11-17 19:27:00,248,£1k-5k,5-9 orders
16872,680.02,3,600,97.14571428571428,2011-06-08 14:32:00,2011-09-23 16:05:00,107,£500-1k,3-4 orders
16873,7123.62,6,3840,25.53268817204301,2010-12-10 15:45:00,2011-12-05 12:05:00,359,£5k-10k,5-9 orders
16875,2095.53,5,1069,18.710089285714286,2011-01-04 10:37:00,2011-10-03 13:39:00,272,£1k-5k,5-9 orders
16877,853.72,6,463,5.369308176100629,2011-05-15 16:13:00,2011-11-27 13:47:00,195,£500-1k,5-9 orders
16878,13.3,1,12,4.433333333333334,2011-09-16 17:39:00,2011-09-16 17:39:00,0,£0-100,1 order
16880,1519.08,7,753,8.534157303370787,2011-06-03 16:45:00,2011-11-09 11:33:00,158,£1k-5k,5-9 orders
16881,432.0,1,600,432.0,2011-10-04 10:33:00,2011-10-04 10:33:00,0,£100-500,1 order
16882,705.12,3,424,18.080000000000002,2011-01-26 17:43:00,2011-10-04 10:42:00,250,£500-1k,3-4 orders
16883,276.73,2,104,7.282368421052632,2010-12-03 10:33:00,2011-06-05 12:51:00,184,£100-500,2 orders
16884,429.84000000000003,2,320,16.532307692307693,2011-11-02 10:16:00,2011-11-02 11:52:00,0,£100-500,2 orders
16885,471.51,3,184,4.668415841584158,2010-12-17 17:23:00,2011-11-24 13:40:00,341,£100-500,3-4 orders
16887,194.88,1,157,5.2670270270270265,2011-11-04 14:07:00,2011-11-04 14:07:00,0,£100-500,1 order
16889,1578.67,3,925,11.693851851851852,2011-01-07 10:47:00,2011-05-29 11:05:00,142,£1k-5k,3-4 orders
16891,809.7,5,283,3.9886699507389163,2010-12-03 11:35:00,2011-12-08 11:15:00,369,£500-1k,5-9 orders
16892,525.54,5,239,5.308484848484848,2011-06-09 11:35:00,2011-12-08 13:18:00,182,£500-1k,5-9 orders
16893,145.93,1,62,3.242888888888889,2010-12-08 12:06:00,2010-12-08 12:06:00,0,£100-500,1 order
16895,219.14,1,102,3.175942028985507,2011-10-06 12:15:00,2011-10-06 12:15:00,0,£100-500,1 order
16897,289.78,2,73,7.831891891891891,2011-01-30 11:52:00,2011-02-13 15:02:00,14,£100-500,2 orders
16898,508.81,3,419,3.1408024691358025,2010-12-06 12:23:00,2011-11-13 15:44:00,342,£500-1k,3-4 orders
16899,1281.56,6,522,10.25248,2010-12-14 13:11:00,2011-12-02 12:03:00,352,£1k-5k,5-9 orders
16900,887.11,3,833,11.229240506329115,2011-10-07 13:17:00,2011-11-23 10:32:00,46,£500-1k,3-4 orders
16902,1706.88,1,629,38.79272727272728,2011-08-15 14:17:00,2011-08-15 14:17:00,0,£1k-5k,1 order
16903,373.24,1,262,6.220666666666667,2011-11-10 15:32:00,2011-11-10 15:32:00,0,£100-500,1 order
16904,3754.27,16,2034,5.287704225352113,2010-12-07 13:29:00,2011-12-05 13:10:00,362,£1k-5k,10-19 orders
16905,3102.43,7,1408,14.915528846153846,2010-12-03 10:43:00,2011-12-04 14:01:00,366,£1k-5k,5-9 orders
16906,579.77,4,281,6.234086021505376,2011-04-05 12:30:00,2011-09-19 11:49:00,166,£500-1k,3-4 orders
16907,981.65,5,298,6.500993377483444,2010-12-09 16:52:00,2011-11-10 18:04:00,336,£500-1k,5-9 orders
16909,379.14,1,436,21.063333333333333,2011-09-28 16:45:00,2011-09-28 16:45:00,0,£100-500,1 order
16910,1510.06,8,886,2.7606215722120657,2011-09-09 14:14:00,2011-12-05 12:51:00,86,£1k-5k,5-9 orders
16912,2575.38,11,1029,25.49881188118812,2011-01-20 15:42:00,2011-11-11 12:18:00,294,£1k-5k,10-19 orders
16913,113.44,1,82,14.18,2011-02-22 12:56:00,2011-02-22 12:56:00,0,£100-500,1 order
16914,208.46,1,121,5.4857894736842105,2011-11-03 15:27:00,2011-11-03 15:27:00,0,£100-500,1 order
16915,621.6800000000001,6,132,10.906666666666668,2011-03-01 09:52:00,2011-11-30 16:39:00,274,£500-1k,5-9 orders
16916,576.26,2,440,4.029790209790209,2010-12-02 13:14:00,2011-11-16 12:08:00,348,£500-1k,2 orders
16917,391.52,1,232,43.50222222222222,2011-03-08 11:55:00,2011-03-08 11:55:00,0,£100-500,1 order
16918,1068.82,6,721,8.35015625,2011-01-26 17:37:00,2011-10-21 12:50:00,267,£1k-5k,5-9 orders
16919,2596.45,11,1413,7.940214067278287,2010-12-06 12:52:00,2011-07-06 13:35:00,212,£1k-5k,10-19 orders
16921,169.79,1,171,2.829833333333333,2011-10-09 16:22:00,2011-10-09 16:22:00,0,£100-500,1 order
16923,7247.61,19,3417,10.785133928571428,2010-12-12 11:06:00,2011-11-27 13:00:00,350,£5k-10k,10-19 orders
16924,846.75,3,493,10.201807228915662,2011-09-16 12:54:00,2011-11-18 12:53:00,62,£500-1k,3-4 orders
16926,230.25,1,35,16.446428571428573,2010-12-03 13:42:00,2010-12-03 13:42:00,0,£100-500,1 order
16927,543.05,3,993,90.50833333333333,2010-12-13 11:57:00,2011-08-16 11:10:00,245,£500-1k,3-4 orders
16928,2847.6,17,2114,13.62488038277512,2010-12-01 15:21:00,2011-09-20 15:10:00,292,£1k-5k,10-19 orders
16929,1295.39,7,929,16.823246753246753,2011-07-07 12:39:00,2011-12-06 08:37:00,151,£1k-5k,5-9 orders
16930,380.55,3,341,7.0472222222222225,2011-10-02 14:25:00,2011-11-13 16:13:00,42,£100-500,3-4 orders
16931,4604.22,21,3158,5.127193763919822,2010-12-05 11:40:00,2011-12-04 13:15:00,364,£1k-5k,20+ orders
16932,161.94,1,87,3.0554716981132075,2011-10-17 14:12:00,2011-10-17 14:12:00,0,£100-500,1 order
16933,563.23,2,288,12.800681818181818,2011-04-14 13:33:00,2011-12-08 12:54:00,237,£500-1k,2 orders
16934,950.9300000000001,2,399,15.33758064516129,2011-10-16 12:25:00,2011-10-16 12:40:00,0,£500-1k,2 orders
16936,262.68,1,173,4.608421052631579,2011-11-14 11:04:00,2011-11-14 11:04:00,0,£100-500,1 order
16938,2736.38,4,2540,11.354273858921163,2011-02-04 09:34:00,2011-12-01 10:20:00,300,£1k-5k,3-4 orders
16940,3049.88,3,2169,9.99960655737705,2011-02-23 12:27:00,2011-10-18 13:15:00,237,£1k-5k,3-4 orders
16942,1920.59,9,811,6.834839857651246,2011-04-26 11:59:00,2011-11-27 12:40:00,215,£1k-5k,5-9 orders
16943,816.73,3,145,24.74939393939394,2011-01-25 14:00:00,2011-05-12 11:57:00,106,£500-1k,3-4 orders
16945,4345.5,19,2725,17.451807228915662,2010-12-16 17:49:00,2011-11-18 11:39:00,336,£1k-5k,10-19 orders
16947,406.48,1,312,19.356190476190477,2011-04-18 09:38:00,2011-04-18 09:38:00,0,£100-500,1 order
16948,435.02,3,1614,22.89578947368421,2011-01-18 10:58:00,2011-07-24 12:46:00,187,£100-500,3-4 orders
16949,1286.27,6,791,21.437833333333334,2011-01-27 12:11:00,2011-12-06 11:07:00,312,£1k-5k,5-9 orders
16950,1178.56,3,644,28.06095238095238,2010-12-07 15:20:00,2011-10-14 09:06:00,310,£1k-5k,3-4 orders
16951,1277.75,3,1318,14.857558139534884,2011-02-08 14:58:00,2011-07-28 12:05:00,169,£1k-5k,3-4 orders
16952,167.61,2,92,10.475625,2011-08-22 12:58:00,2011-08-22 13:03:00,0,£100-500,2 orders
16953,20.8,1,10,20.8,2011-11-09 15:54:00,2011-11-09 15:54:00,0,£0-100,1 order
16954,2085.08,9,1054,38.61259259259259,2010-12-15 10:41:00,2011-12-09 09:46:00,358,£1k-5k,5-9 orders
16955,518.67,4,266,20.746799999999997,2010-12-01 13:31:00,2011-06-08 10:36:00,188,£500-1k,3-4 orders
16956,308.74,1,114,19.29625,2011-11-22 08:56:00,2011-11-22 08:56:00,0,£100-500,1 order
16957,416.64,2,172,26.04,2011-03-03 09:25:00,2011-04-14 13:56:00,42,£100-500,2 orders
16959,117.35000000000001,1,49,16.764285714285716,2011-09-13 15:03:00,2011-09-13 15:03:00,0,£100-500,1 order
16960,507.05,3,304,5.02029702970297,2011-04-01 11:54:00,2011-11-01 11:35:00,213,£500-1k,3-4 orders
16961,234.17,1,125,16.72642857142857,2011-08-15 13:46:00,2011-08-15 13:46:00,0,£100-500,1 order
16963,110.55000000000001,1,35,15.792857142857144,2011-06-05 13:48:00,2011-06-05 13:48:00,0,£100-500,1 order
16965,201.19,1,291,7.738076923076923,2011-04-27 12:08:00,2011-04-27 12:08:00,0,£100-500,1 order
16966,2154.97,7,1981,76.96321428571427,2011-04-13 14:17:00,2011-12-01 13:40:00,231,£1k-5k,5-9 orders
16967,319.02,1,333,15.19142857142857,2011-06-03 14:24:00,2011-06-03 14:24:00,0,£100-500,1 order
16968,439.43,2,326,14.175161290322581,2011-08-24 10:51:00,2011-12-05 15:02:00,103,£100-500,2 orders
16969,650.41,3,816,15.48595238095238,2011-06-01 12:10:00,2011-10-31 13:12:00,152,£500-1k,3-4 orders
16971,357.21,1,72,8.712439024390243,2011-11-01 15:06:00,2011-11-01 15:06:00,0,£100-500,1 order
16976,251.51999999999998,1,88,125.75999999999999,2011-03-17 16:33:00,2011-03-17 16:33:00,0,£100-500,1 order
16978,344.33,1,166,8.828974358974358,2011-09-23 12:50:00,2011-09-23 12:50:00,0,£100-500,1 order
16979,1852.0,6,865,20.808988764044944,2011-02-15 09:20:00,2011-12-06 12:21:00,294,£1k-5k,5-9 orders
16980,1078.96,2,788,12.401839080459771,2011-02-21 12:58:00,2011-03-29 16:36:00,36,£1k-5k,2 orders
16982,384.06,1,182,17.457272727272727,2011-10-10 12:28:00,2011-10-10 12:28:00,0,£100-500,1 order
16983,1931.25,7,1379,13.048986486486486,2010-12-05 12:34:00,2011-11-27 12:10:00,356,£1k-5k,5-9 orders
16984,4481.35,2,2423,11.010687960687962,2011-08-01 17:37:00,2011-09-12 13:43:00,41,£1k-5k,2 orders
16985,5464.12,10,1832,45.53433333333333,2010-12-16 10:38:00,2011-11-22 13:33:00,341,£5k-10k,10-19 orders
16986,1873.2,2,1040,624.4,2011-11-09 15:52:00,2011-11-10 11:55:00,0,£1k-5k,2 orders
16987,1625.05,7,402,12.597286821705426,2011-05-18 15:55:00,2011-12-06 17:26:00,202,£1k-5k,5-9 orders
16988,126.12,1,43,18.017142857142858,2011-12-04 16:02:00,2011-12-04 16:02:00,0,£100-500,1 order
16989,1133.25,6,1233,94.4375,2011-07-12 09:11:00,2011-12-02 16:39:00,143,£1k-5k,5-9 orders
16990,179.0,1,100,179.0,2011-05-05 08:30:00,2011-05-05 08:30:00,0,£100-500,1 order
16992,1614.31,5,860,17.358172043010754,2011-02-28 10:37:00,2011-11-29 11:50:00,274,£1k-5k,5-9 orders
16996,1456.96,6,544,39.3772972972973,2010-12-21 13:22:00,2011-11-09 16:43:00,323,£1k-5k,5-9 orders
16997,702.0,3,360,58.5,2011-01-18 11:51:00,2011-02-24 17:28:00,37,£500-1k,3-4 orders
16998,295.0,4,76,73.75,2011-02-08 15:42:00,2011-07-13 09:44:00,154,£100-500,3-4 orders
16999,484.82,2,294,21.07913043478261,2011-09-26 15:43:00,2011-11-16 13:53:00,50,£100-500,2 orders
17001,3989.57,11,2164,23.606923076923078,2010-12-16 09:35:00,2011-12-09 09:38:00,358,£1k-5k,10-19 orders
17002,1493.73,3,679,30.484285714285715,2011-02-22 11:46:00,2011-09-15 12:40:00,205,£1k-5k,3-4 orders
17004,1412.94,2,819,32.11227272727273,2011-09-08 12:16:00,2011-10-24 14:25:00,46,£1k-5k,2 orders
17006,781.78,4,272,17.76772727272727,2011-09-25 12:15:00,2011-12-05 12:09:00,70,£500-1k,3-4 orders
17007,889.9300000000001,6,597,17.114038461538463,2010-12-17 13:57:00,2011-10-20 10:47:00,306,£500-1k,5-9 orders
17010,195.36,1,118,17.76,2011-11-21 14:49:00,2011-11-21 14:49:00,0,£100-500,1 order
17011,270.9,1,186,18.06,2011-11-09 13:30:00,2011-11-09 13:30:00,0,£100-500,1 order
17014,586.33,3,245,7.923378378378379,2011-10-04 11:36:00,2011-12-01 14:09:00,58,£500-1k,3-4 orders
17015,1842.56,3,1981,8.491059907834101,2011-06-07 13:19:00,2011-11-11 10:45:00,156,£1k-5k,3-4 orders
17017,8694.26,20,6673,34.50103174603175,2010-12-02 10:17:00,2011-12-07 09:32:00,369,£5k-10k,20+ orders
17018,920.1,2,176,57.50625,2011-01-18 08:46:00,2011-10-30 11:42:00,285,£500-1k,2 orders
17019,1272.61,4,827,5.4385042735042735,2010-12-06 12:55:00,2011-11-28 13:06:00,357,£1k-5k,3-4 orders
17022,71.0,1,108,10.142857142857142,2011-11-08 17:09:00,2011-11-08 17:09:00,0,£0-100,1 order
17024,95.85,3,69,31.95,2011-07-05 09:31:00,2011-10-25 13:47:00,112,£0-100,3-4 orders
17025,357.77,3,235,39.75222222222222,2010-12-01 15:45:00,2011-10-10 09:06:00,312,£100-500,3-4 orders
17026,154.82999999999998,2,97,38.707499999999996,2010-12-05 12:47:00,2011-06-07 14:28:00,184,£100-500,2 orders
17027,890.29,6,421,5.818888888888889,2011-01-26 14:19:00,2011-09-22 12:24:00,238,£500-1k,5-9 orders
17029,716.0,2,400,358.0,2011-04-17 10:57:00,2011-08-21 11:06:00,126,£500-1k,2 orders
17030,146.87,1,146,13.351818181818182,2011-10-07 08:49:00,2011-10-07 08:49:00,0,£100-500,1 order
17031,380.35,2,235,17.288636363636364,2011-07-08 09:38:00,2011-11-28 10:23:00,143,£100-500,2 orders
17033,1030.14,3,750,36.79071428571429,2010-12-15 13:21:00,2011-09-14 14:34:00,273,£1k-5k,3-4 orders
17034,745.52,3,410,24.850666666666665,2011-02-25 10:10:00,2011-11-23 15:14:00,271,£500-1k,3-4 orders
17035,433.53000000000003,2,229,15.483214285714286,2011-02-01 12:27:00,2011-04-08 11:23:00,65,£100-500,2 orders
17037,1267.32,1,656,16.8976,2011-09-13 12:49:00,2011-09-13 12:49:00,0,£1k-5k,1 order
17038,112.4,1,28,5.109090909090909,2011-11-09 13:50:00,2011-11-09 13:50:00,0,£100-500,1 order
17040,449.73,1,181,29.982000000000003,2011-07-25 10:19:00,2011-07-25 10:19:00,0,£100-500,1 order
17041,1081.57,3,951,15.450999999999999,2010-12-14 11:43:00,2011-11-13 11:21:00,333,£1k-5k,3-4 orders
17042,1044.3799999999999,5,994,10.656938775510202,2011-04-06 14:53:00,2011-12-07 12:26:00,244,£1k-5k,5-9 orders
17043,1735.18,4,998,17.01156862745098,2011-03-18 14:53:00,2011-11-07 15:33:00,234,£1k-5k,3-4 orders
17044,948.48,1,504,158.08,2011-11-14 14:28:00,2011-11-14 14:28:00,0,£500-1k,1 order
17045,339.44,3,106,15.42909090909091,2011-04-06 12:08:00,2011-08-18 17:09:00,134,£100-500,3-4 orders
17046,642.02,1,510,29.182727272727274,2011-07-05 14:24:00,2011-07-05 14:24:00,0,£500-1k,1 order
17047,1100.9,3,533,16.93692307692308,2011-05-18 16:50:00,2011-09-15 13:27:00,119,£1k-5k,3-4 orders
17048,925.35,3,485,21.519767441860466,2011-01-12 16:51:00,2011-08-14 11:49:00,213,£500-1k,3-4 orders
17049,5659.9800000000005,9,2676,17.79867924528302,2011-03-09 08:33:00,2011-12-07 10:48:00,273,£5k-10k,5-9 orders
17050,3228.84,6,1614,10.217848101265822,2011-02-13 12:41:00,2011-09-04 13:48:00,203,£1k-5k,5-9 orders
17051,247.14000000000001,1,184,5.747441860465116,2011-05-29 14:13:00,2011-05-29 14:13:00,0,£100-500,1 order
17052,413.75,1,261,4.497282608695652,2011-11-11 14:50:00,2011-11-11 14:50:00,0,£100-500,1 order
17053,498.48,1,122,38.34461538461539,2011-08-01 10:23:00,2011-08-01 10:23:00,0,£100-500,1 order
17054,1356.33,5,804,16.34132530120482,2011-04-08 13:14:00,2011-11-11 12:56:00,216,£1k-5k,5-9 orders
17058,1179.89,3,592,19.030483870967743,2011-04-14 09:18:00,2011-09-19 10:13:00,158,£1k-5k,3-4 orders
17059,3095.04,5,1855,5.9981395348837205,2010-12-05 12:35:00,2011-11-10 12:27:00,339,£1k-5k,5-9 orders
17060,234.24,1,216,46.848,2011-03-18 13:27:00,2011-03-18 13:27:00,0,£100-500,1 order
17061,5232.2300000000005,11,1526,52.850808080808086,2011-04-21 13:29:00,2011-09-27 11:24:00,158,£5k-10k,10-19 orders
17062,538.37,4,430,7.691,2010-12-05 11:59:00,2011-01-30 11:01:00,55,£500-1k,3-4 orders
17063,1461.14,7,770,18.732564102564105,2011-02-23 13:44:00,2011-11-18 16:19:00,268,£1k-5k,5-9 orders
17064,859.35,3,318,13.860483870967743,2011-01-16 16:10:00,2011-10-12 10:18:00,268,£500-1k,3-4 orders
17068,4552.14,21,2164,15.378851351351353,2010-12-06 13:58:00,2011-11-27 13:14:00,355,£1k-5k,20+ orders
17069,2709.7000000000003,9,1506,18.948951048951052,2010-12-01 16:49:00,2011-11-11 17:13:00,345,£1k-5k,5-9 orders
17070,312.14,1,133,4.8771875,2011-08-17 17:01:00,2011-08-17 17:01:00,0,£100-500,1 order
17071,2429.03,9,1197,17.350214285714287,2011-02-03 08:18:00,2011-11-11 16:31:00,281,£1k-5k,5-9 orders
17073,1446.09,4,759,8.310862068965516,2011-08-22 14:37:00,2011-11-22 11:47:00,91,£1k-5k,3-4 orders
17075,834.12,4,292,10.832727272727272,2011-01-26 13:20:00,2011-11-22 11:58:00,299,£500-1k,3-4 orders
17076,841.0799999999999,3,295,33.6432,2010-12-10 10:08:00,2011-11-03 17:53:00,328,£500-1k,3-4 orders
17078,378.2,2,788,13.507142857142856,2011-11-03 18:49:00,2011-11-03 19:17:00,0,£100-500,2 orders
17079,118.80000000000001,1,24,59.400000000000006,2011-09-22 15:34:00,2011-09-22 15:34:00,0,£100-500,1 order
17080,287.62,2,166,35.9525,2011-03-15 12:05:00,2011-11-17 12:59:00,247,£100-500,2 orders
17081,290.16,2,78,4.53375,2011-10-24 13:08:00,2011-11-14 12:56:00,20,£100-500,2 orders
17082,2003.85,2,1049,24.738888888888887,2011-01-25 14:36:00,2011-11-06 15:17:00,285,£1k-5k,2 orders
17083,1405.78,3,772,27.034230769230767,2011-02-09 11:38:00,2011-08-22 15:43:00,194,£1k-5k,3-4 orders
17084,2949.75,2,1816,18.208333333333332,2011-11-04 14:49:00,2011-11-04 14:54:00,0,£1k-5k,2 orders
17085,1566.65,5,786,8.377807486631017,2010-12-12 12:24:00,2011-08-08 14:15:00,239,£1k-5k,5-9 orders
17086,2050.08,6,1859,21.355,2011-10-07 11:22:00,2011-12-02 13:54:00,56,£1k-5k,5-9 orders
17088,1991.01,4,868,17.313130434782607,2011-03-31 09:48:00,2011-11-11 14:23:00,225,£1k-5k,3-4 orders
17090,2043.95,7,921,32.4436507936508,2010-12-20 13:52:00,2011-12-05 13:44:00,349,£1k-5k,5-9 orders
17091,3827.76,9,1746,19.629538461538463,2010-12-07 09:55:00,2011-12-07 10:43:00,365,£1k-5k,5-9 orders
17092,1777.78,4,1131,14.22224,2011-03-07 14:51:00,2011-10-20 19:51:00,227,£1k-5k,3-4 orders
17094,302.0,1,152,21.571428571428573,2011-01-21 13:09:00,2011-01-21 13:09:00,0,£100-500,1 order
17095,1324.16,3,618,17.894054054054056,2011-01-09 11:05:00,2011-11-17 12:21:00,312,£1k-5k,3-4 orders
17096,1022.13,4,339,21.294375,2011-03-23 12:05:00,2011-11-24 15:01:00,246,£1k-5k,3-4 orders
17097,954.42,8,459,4.523317535545024,2010-12-09 14:55:00,2011-12-07 17:05:00,363,£500-1k,5-9 orders
17100,971.74,2,800,14.949846153846154,2011-11-21 16:36:00,2011-11-21 16:36:00,0,£500-1k,2 orders
17101,1621.73,4,815,38.61261904761905,2011-06-14 14:49:00,2011-11-29 13:57:00,167,£1k-5k,3-4 orders
17102,25.5,1,2,25.5,2011-03-23 10:08:00,2011-03-23 10:08:00,0,£0-100,1 order
17105,665.78,2,693,7.397555555555555,2011-02-06 14:46:00,2011-07-03 15:53:00,147,£500-1k,2 orders
17107,10815.43,6,4837,25.874234449760767,2011-03-06 15:17:00,2011-11-06 14:14:00,244,£10k+,5-9 orders
17109,885.04,6,589,7.564444444444444,2011-04-21 15:46:00,2011-11-10 16:59:00,203,£500-1k,5-9 orders
17110,163.29999999999998,1,50,13.608333333333333,2011-06-27 12:58:00,2011-06-27 12:58:00,0,£100-500,1 order
17111,248.61,1,302,8.287,2011-10-23 15:59:00,2011-10-23 15:59:00,0,£100-500,1 order
17114,808.62,8,219,6.367086614173228,2011-01-09 11:39:00,2011-12-04 12:17:00,329,£500-1k,5-9 orders
17115,837.5,3,372,21.474358974358974,2011-04-20 14:46:00,2011-12-01 14:30:00,224,£500-1k,3-4 orders
17117,116.19999999999999,1,68,12.91111111111111,2011-02-24 13:54:00,2011-02-24 13:54:00,0,£100-500,1 order
17118,157.02,1,154,15.702000000000002,2011-01-26 12:19:00,2011-01-26 12:19:00,0,£100-500,1 order
17119,606.91,2,334,17.340285714285713,2011-10-11 11:03:00,2011-12-06 14:40:00,56,£500-1k,2 orders
17120,307.46,1,120,17.08111111111111,2011-04-20 15:21:00,2011-04-20 15:21:00,0,£100-500,1 order
17122,138.32,1,80,19.759999999999998,2011-08-12 14:33:00,2011-08-12 14:33:00,0,£100-500,1 order
17123,345.29999999999995,1,246,38.36666666666666,2011-07-01 10:47:00,2011-07-01 10:47:00,0,£100-500,1 order
17124,298.89,1,130,9.3403125,2011-06-07 14:02:00,2011-06-07 14:02:00,0,£100-500,1 order
17125,259.35,1,291,6.483750000000001,2011-10-20 14:41:00,2011-10-20 14:41:00,0,£100-500,1 order
17126,1004.75,5,792,3.8644230769230767,2010-12-12 11:26:00,2011-07-10 13:52:00,210,£1k-5k,5-9 orders
17128,157.09,1,76,11.220714285714285,2011-01-09 12:02:00,2011-01-09 12:02:00,0,£100-500,1 order
17131,2463.17,5,983,18.38186567164179,2011-09-25 12:42:00,2011-12-04 12:52:00,70,£1k-5k,5-9 orders
17133,4892.240000000001,7,2730,181.1940740740741,2011-03-18 13:47:00,2011-11-24 12:27:00,250,£1k-5k,5-9 orders
17134,425.0,2,102,17.708333333333332,2011-03-20 11:56:00,2011-08-25 09:53:00,157,£100-500,2 orders
17135,1139.73,7,1224,21.917884615384615,2010-12-03 09:31:00,2011-11-23 16:48:00,355,£1k-5k,5-9 orders
17138,380.5,1,126,15.854166666666666,2011-03-09 11:54:00,2011-03-09 11:54:00,0,£100-500,1 order
17139,10668.47,12,5182,22.31897489539749,2011-02-24 09:32:00,2011-11-24 10:12:00,273,£10k+,10-19 orders
17140,465.32,1,302,23.266,2011-04-06 13:33:00,2011-04-06 13:33:00,0,£100-500,1 order
17142,579.0,1,81,38.6,2011-04-14 18:22:00,2011-04-14 18:22:00,0,£500-1k,1 order
17144,984.57,2,483,20.511875,2011-09-16 12:50:00,2011-12-08 17:57:00,83,£500-1k,2 orders
17146,749.78,3,212,21.422285714285714,2010-12-16 12:20:00,2011-08-26 12:44:00,253,£500-1k,3-4 orders
17147,1714.59,4,882,21.167777777777776,2011-02-01 09:36:00,2011-11-17 12:32:00,289,£1k-5k,3-4 orders
17148,124.88,1,82,13.875555555555556,2011-10-19 09:59:00,2011-10-19 09:59:00,0,£100-500,1 order
17152,1689.5,3,517,120.67857142857143,2011-03-21 16:20:00,2011-05-29 12:19:00,68,£1k-5k,3-4 orders
17153,213.78,1,104,15.27,2011-11-15 13:42:00,2011-11-15 13:42:00,0,£100-500,1 order
17154,329.34,1,490,14.319130434782608,2011-09-25 13:42:00,2011-09-25 13:42:00,0,£100-500,1 order
17155,251.70000000000002,2,242,12.585,2011-06-15 10:22:00,2011-11-22 12:38:00,160,£100-500,2 orders
17157,319.0,2,172,24.53846153846154,2011-06-16 15:08:00,2011-12-02 09:10:00,168,£100-500,2 orders
17158,1266.97,3,778,18.91,2010-12-14 13:03:00,2011-11-07 15:15:00,328,£1k-5k,3-4 orders
17159,1538.88,3,1111,15.236435643564358,2011-06-21 09:49:00,2011-11-18 10:52:00,150,£1k-5k,3-4 orders
17160,3518.03,6,2856,15.362576419213974,2011-04-12 12:00:00,2011-11-08 14:05:00,210,£1k-5k,5-9 orders
17162,1715.46,10,1001,16.494807692307692,2011-02-07 12:27:00,2011-11-11 11:34:00,276,£1k-5k,10-19 orders
17163,293.1,2,66,58.620000000000005,2011-09-22 15:54:00,2011-11-18 08:57:00,56,£100-500,2 orders
17164,2467.35,7,1501,17.134375,2011-03-11 14:26:00,2011-11-07 09:14:00,240,£1k-5k,5-9 orders
17165,158.68,1,100,15.868,2011-02-28 16:39:00,2011-02-28 16:39:00,0,£100-500,1 order
17166,206.34,2,78,17.195,2011-05-20 08:18:00,2011-11-01 09:46:00,165,£100-500,2 orders
17169,835.78,2,526,15.477407407407407,2011-06-09 13:16:00,2011-10-13 10:25:00,125,£500-1k,2 orders
17171,224.91,1,185,14.056875,2011-02-23 16:37:00,2011-02-23 16:37:00,0,£100-500,1 order
17172,317.76,1,480,21.184,2011-09-22 09:36:00,2011-09-22 09:36:00,0,£100-500,1 order
17173,3766.6,8,1122,43.79767441860465,2011-07-31 15:26:00,2011-12-04 14:40:00,125,£1k-5k,5-9 orders
17174,59.9,1,41,14.975,2011-05-06 11:47:00,2011-05-06 11:47:00,0,£0-100,1 order
17175,1443.69,4,866,22.915714285714287,2011-02-16 14:56:00,2011-10-26 15:31:00,252,£1k-5k,3-4 orders
17176,306.13,1,170,20.408666666666665,2011-05-22 12:41:00,2011-05-22 12:41:00,0,£100-500,1 order
17179,711.79,3,290,8.897375,2010-12-13 14:24:00,2011-06-14 16:48:00,183,£500-1k,3-4 orders
17180,796.03,4,683,6.218984375,2011-01-27 18:05:00,2011-10-14 15:46:00,259,£500-1k,3-4 orders
17181,239.92000000000002,2,241,10.431304347826087,2010-12-01 12:38:00,2011-10-13 14:48:00,316,£100-500,2 orders
17183,3347.31,6,1296,45.85356164383562,2011-08-26 15:25:00,2011-12-02 10:07:00,97,£1k-5k,5-9 orders
17186,144.0,2,200,72.0,2011-10-10 12:52:00,2011-10-24 10:20:00,13,£100-500,2 orders
17187,203.95,1,144,20.395,2011-04-27 12:39:00,2011-04-27 12:39:00,0,£100-500,1 order
17188,2474.23,7,1328,29.455119047619046,2010-12-12 12:56:00,2011-11-28 13:53:00,351,£1k-5k,5-9 orders
17189,384.40000000000003,2,227,6.301639344262296,2010-12-15 17:28:00,2011-08-25 19:39:00,253,£100-500,2 orders
17190,444.74,2,161,23.40736842105263,2011-05-16 15:29:00,2011-10-12 11:33:00,148,£100-500,2 orders
17191,2095.13,7,1167,8.840210970464135,2010-12-06 14:36:00,2011-11-11 16:58:00,340,£1k-5k,5-9 orders
17193,1699.3000000000002,7,1254,53.103125000000006,2011-06-16 10:04:00,2011-11-04 12:47:00,141,£1k-5k,5-9 orders
17194,262.62,2,119,9.055862068965517,2010-12-14 12:06:00,2011-03-11 12:05:00,86,£100-500,2 orders
17197,1013.01,1,191,34.93137931034483,2011-11-10 10:32:00,2011-11-10 10:32:00,0,£1k-5k,1 order
17198,692.22,3,357,7.210625,2010-12-03 14:54:00,2011-11-16 10:39:00,347,£500-1k,3-4 orders
17201,342.63,1,268,8.56575,2011-10-17 11:55:00,2011-10-17 11:55:00,0,£100-500,1 order
17203,3563.85,6,2850,23.446381578947367,2011-10-10 14:37:00,2011-11-04 12:27:00,24,£1k-5k,5-9 orders
17204,1564.56,4,646,27.448421052631577,2011-03-21 12:42:00,2011-06-17 14:46:00,88,£1k-5k,3-4 orders
17205,384.08,1,884,29.544615384615383,2011-10-17 12:46:00,2011-10-17 12:46:00,0,£100-500,1 order
17206,204.24,1,76,29.177142857142858,2011-10-17 13:25:00,2011-10-17 13:25:00,0,£100-500,1 order
17211,2317.2200000000003,8,1323,10.982085308056874,2010-12-05 12:44:00,2011-11-13 12:03:00,342,£1k-5k,5-9 orders
17212,226.85,1,147,56.7125,2011-03-31 19:42:00,2011-03-31 19:42:00,0,£100-500,1 order
17213,2781.23,7,1176,17.71484076433121,2010-12-08 13:03:00,2011-10-30 14:53:00,326,£1k-5k,5-9 orders
17214,1069.1200000000001,6,276,10.37980582524272,2010-12-15 15:14:00,2011-10-10 13:17:00,298,£1k-5k,5-9 orders
17217,113.5,1,24,12.61111111111111,2011-04-19 17:19:00,2011-04-19 17:19:00,0,£100-500,1 order
17218,1960.72,10,958,7.155912408759124,2010-12-06 15:25:00,2011-12-05 13:52:00,363,£1k-5k,10-19 orders
17219,114.23,1,89,4.5692,2011-11-08 11:25:00,2011-11-08 11:25:00,0,£100-500,1 order
17220,3198.25,14,1905,6.775953389830509,2010-12-10 14:54:00,2011-11-15 13:47:00,339,£1k-5k,10-19 orders
17221,335.13,2,288,5.319523809523809,2011-11-03 17:39:00,2011-12-02 13:35:00,28,£100-500,2 orders
17222,354.15,1,128,12.648214285714285,2011-10-05 13:58:00,2011-10-05 13:58:00,0,£100-500,1 order
17223,426.79,2,112,8.71,2010-12-06 14:08:00,2011-02-02 15:57:00,58,£100-500,2 orders
17226,393.49,1,406,18.73761904761905,2011-02-04 11:52:00,2011-02-04 11:52:00,0,£100-500,1 order
17227,939.32,6,741,19.985531914893617,2010-12-06 11:16:00,2011-11-21 10:51:00,349,£500-1k,5-9 orders
17228,1906.09,8,1532,9.16389423076923,2010-12-02 16:00:00,2011-11-24 10:24:00,356,£1k-5k,5-9 orders
17229,318.76,2,185,6.782127659574468,2011-07-20 12:38:00,2011-09-04 13:56:00,46,£100-500,2 orders
17230,3638.41,8,1651,52.73057971014492,2010-12-15 11:22:00,2011-03-20 16:12:00,95,£1k-5k,5-9 orders
17231,3174.32,10,1742,5.867504621072089,2010-12-13 14:16:00,2011-11-27 15:18:00,349,£1k-5k,10-19 orders
17232,421.52,2,203,11.708888888888888,2011-11-25 12:24:00,2011-12-07 12:21:00,11,£100-500,2 orders
17233,190.88,1,131,7.6352,2011-11-04 14:06:00,2011-11-04 14:06:00,0,£100-500,1 order
17234,149.89000000000001,1,55,10.706428571428573,2011-06-10 11:20:00,2011-06-10 11:20:00,0,£100-500,1 order
17235,550.06,2,224,18.96758620689655,2010-12-02 13:38:00,2011-11-14 15:51:00,347,£500-1k,2 orders
17236,916.13,6,474,8.725047619047618,2010-12-12 11:49:00,2011-11-27 12:00:00,350,£500-1k,5-9 orders
17237,314.69,2,105,16.562631578947368,2011-11-17 12:55:00,2011-11-28 15:02:00,11,£100-500,2 orders
17238,3744.65,17,1822,6.615989399293286,2010-12-03 15:05:00,2011-12-07 11:35:00,368,£1k-5k,10-19 orders
17239,382.5,1,150,25.5,2011-01-31 09:41:00,2011-01-31 09:41:00,0,£100-500,1 order
17242,1135.04,2,611,28.375999999999998,2011-06-12 13:04:00,2011-08-23 14:55:00,72,£1k-5k,2 orders
17243,8676.85,26,3370,21.692125,2010-12-05 10:03:00,2011-12-08 13:26:00,368,£5k-10k,20+ orders
17244,954.9,1,616,30.80322580645161,2011-10-17 15:19:00,2011-10-17 15:19:00,0,£500-1k,1 order
17245,171.45,1,75,19.049999999999997,2011-05-19 10:43:00,2011-05-19 10:43:00,0,£100-500,1 order
17247,282.19,1,106,5.130727272727273,2011-11-24 15:21:00,2011-11-24 15:21:00,0,£100-500,1 order
17248,318.65,1,213,4.618115942028985,2011-08-11 13:34:00,2011-08-11 13:34:00,0,£100-500,1 order
17250,384.52,2,168,6.7459649122807015,2011-03-23 16:45:00,2011-12-06 12:15:00,257,£100-500,2 orders
17251,283.28000000000003,1,110,7.263589743589744,2010-12-12 11:06:00,2010-12-12 11:06:00,0,£100-500,1 order
17252,353.86,2,193,4.067356321839081,2011-06-06 16:41:00,2011-08-15 09:45:00,69,£100-500,2 orders
17253,178.26,1,43,9.903333333333332,2011-11-21 12:59:00,2011-11-21 12:59:00,0,£100-500,1 order
17254,272.44,2,252,2.4325,2011-11-24 14:09:00,2011-12-05 12:46:00,10,£100-500,2 orders
17255,298.41,2,232,3.825769230769231,2011-02-13 15:18:00,2011-10-30 12:18:00,258,£100-500,2 orders
17256,240.0,2,141,15.0,2011-01-31 14:53:00,2011-08-24 13:30:00,204,£100-500,2 orders
17259,603.37,2,410,4.865887096774194,2010-12-06 12:55:00,2011-07-14 15:01:00,220,£500-1k,2 orders
17262,1253.3600000000001,5,367,104.44666666666667,2010-12-08 13:30:00,2011-10-18 12:56:00,313,£1k-5k,5-9 orders
17263,63.440000000000005,1,36,2.7582608695652175,2011-05-15 14:32:00,2011-05-15 14:32:00,0,£0-100,1 order
17265,562.9,2,394,4.432283464566929,2011-06-12 12:00:00,2011-07-24 10:49:00,41,£500-1k,2 orders
17266,310.64,3,161,3.883,2011-07-15 11:57:00,2011-12-07 14:12:00,145,£100-500,3-4 orders
17267,317.62,2,159,8.358421052631579,2011-08-04 17:19:00,2011-08-04 17:22:00,0,£100-500,2 orders
17268,763.64,4,844,127.27333333333333,2011-04-08 13:20:00,2011-08-24 10:06:00,137,£500-1k,3-4 orders
17272,2148.63,4,1778,18.847631578947368,2011-03-22 12:05:00,2011-10-28 16:37:00,220,£1k-5k,3-4 orders
17274,111.97999999999999,1,79,4.147407407407407,2011-11-04 13:16:00,2011-11-04 13:16:00,0,£100-500,1 order
17277,1065.3500000000001,2,430,15.43985507246377,2011-01-21 12:37:00,2011-04-26 12:47:00,95,£1k-5k,2 orders
17278,246.04,1,179,16.402666666666665,2011-04-12 13:10:00,2011-04-12 13:10:00,0,£100-500,1 order
17279,187.82999999999998,1,48,20.869999999999997,2011-10-13 11:58:00,2011-10-13 11:58:00,0,£100-500,1 order
17282,1703.41,3,1877,18.121382978723407,2011-02-13 11:36:00,2011-08-01 14:29:00,169,£1k-5k,3-4 orders
17284,1652.58,6,1364,5.659520547945205,2011-01-07 14:31:00,2011-10-10 14:38:00,276,£1k-5k,5-9 orders
17286,153.92,1,118,3.420444444444444,2011-11-18 12:47:00,2011-11-18 12:47:00,0,£100-500,1 order
17287,1064.11,7,559,8.581532258064515,2010-12-02 12:22:00,2011-11-13 13:27:00,346,£1k-5k,5-9 orders
17288,1419.73,7,1203,9.998098591549295,2010-12-16 13:33:00,2011-11-30 16:09:00,349,£1k-5k,5-9 orders
17289,944.41,3,520,8.508198198198198,2011-06-12 13:51:00,2011-11-08 12:01:00,148,£500-1k,3-4 orders
17290,525.24,2,404,5.149411764705882,2011-11-23 15:53:00,2011-12-06 12:38:00,12,£500-1k,2 orders
17291,550.8000000000001,1,72,550.8000000000001,2011-02-04 13:04:00,2011-02-04 13:04:00,0,£500-1k,1 order
17293,1875.1100000000001,9,1140,13.889703703703704,2010-12-13 14:55:00,2011-12-01 14:37:00,352,£1k-5k,5-9 orders
17295,556.95,3,294,8.071739130434784,2011-10-06 12:22:00,2011-11-11 10:49:00,35,£500-1k,3-4 orders
17297,131.78,1,67,2.583921568627451,2011-11-22 14:43:00,2011-11-22 14:43:00,0,£100-500,1 order
17298,498.42,2,387,16.614,2011-08-07 12:21:00,2011-08-30 16:43:00,23,£100-500,2 orders
17299,669.11,4,678,11.738771929824562,2011-06-19 16:04:00,2011-11-28 12:01:00,161,£500-1k,3-4 orders
17301,197.63,1,149,2.994393939393939,2011-11-18 13:43:00,2011-11-18 13:43:00,0,£100-500,1 order
17302,1135.63,5,575,14.375063291139242,2011-02-07 10:14:00,2011-11-25 09:36:00,290,£1k-5k,5-9 orders
17303,250.04,1,144,4.717735849056604,2010-12-13 13:32:00,2010-12-13 13:32:00,0,£100-500,1 order
17306,8631.31,19,11491,130.77742424242425,2010-12-21 13:34:00,2011-11-29 12:14:00,342,£5k-10k,10-19 orders
17309,82.75,1,41,6.895833333333333,2011-09-05 15:20:00,2011-09-05 15:20:00,0,£0-100,1 order
17311,1384.85,2,1005,25.179090909090906,2011-01-27 10:56:00,2011-09-22 14:11:00,238,£1k-5k,2 orders
17312,644.3,3,372,46.021428571428565,2011-07-03 13:12:00,2011-07-24 11:52:00,20,£500-1k,3-4 orders
17313,2328.84,1,1402,97.03500000000001,2011-11-08 15:45:00,2011-11-08 15:45:00,0,£1k-5k,1 order
17314,2527.92,8,1896,19.297099236641223,2011-01-31 11:25:00,2011-11-15 09:41:00,287,£1k-5k,5-9 orders
17315,6292.26,38,3888,13.302875264270613,2010-12-17 12:24:00,2011-12-08 12:15:00,355,£5k-10k,20+ orders
17317,2600.34,3,1146,288.9266666666667,2011-09-11 12:45:00,2011-10-24 17:19:00,43,£1k-5k,3-4 orders
17320,1200.6200000000001,3,634,16.446849315068494,2010-12-06 15:38:00,2011-08-31 13:31:00,267,£1k-5k,3-4 orders
17321,700.86,2,373,6.550093457943925,2011-10-03 11:34:00,2011-12-01 13:41:00,59,£500-1k,2 orders
17323,921.07,7,776,4.6053500000000005,2011-02-20 14:38:00,2011-11-24 17:29:00,277,£500-1k,5-9 orders
17324,990.23,4,844,19.8046,2010-12-08 12:45:00,2011-11-22 10:34:00,348,£500-1k,3-4 orders
17325,96.8,1,60,16.133333333333333,2011-03-04 13:09:00,2011-03-04 13:09:00,0,£0-100,1 order
17329,523.11,2,142,15.851818181818182,2011-01-28 15:29:00,2011-11-25 14:24:00,300,£500-1k,2 orders
17330,363.9,2,120,60.65,2011-10-03 11:26:00,2011-11-17 08:56:00,44,£100-500,2 orders
17331,175.2,1,16,175.2,2011-08-08 11:55:00,2011-08-08 11:55:00,0,£100-500,1 order
17333,494.25,1,375,17.651785714285715,2011-09-15 10:11:00,2011-09-15 10:11:00,0,£100-500,1 order
17334,307.02,2,315,27.91090909090909,2011-02-04 09:03:00,2011-02-10 14:59:00,6,£100-500,2 orders
17337,2027.8700000000001,4,1269,3.7345672191528547,2011-02-02 17:06:00,2011-07-11 14:55:00,158,£1k-5k,3-4 orders
17338,6643.93,8,3128,8.8232802124834,2010-12-13 12:57:00,2011-11-22 14:23:00,344,£5k-10k,5-9 orders
17339,243.36,2,152,27.040000000000003,2010-12-09 14:44:00,2011-09-06 13:29:00,270,£100-500,2 orders
17340,12353.29,11,5967,30.352063882063884,2010-12-08 15:56:00,2011-11-10 10:45:00,336,£10k+,10-19 orders
17341,781.36,3,489,4.2697267759562845,2010-12-08 12:46:00,2011-07-06 12:33:00,209,£500-1k,3-4 orders
17343,193.64,1,56,11.390588235294118,2010-12-19 15:07:00,2010-12-19 15:07:00,0,£100-500,1 order
17344,160.57,1,66,5.0178125,2011-10-24 12:56:00,2011-10-24 12:56:00,0,£100-500,1 order
17345,537.74,4,346,6.180919540229885,2011-05-27 12:26:00,2011-11-24 15:03:00,181,£500-1k,3-4 orders
17346,2676.56,15,1657,5.35312,2010-12-01 14:34:00,2011-12-06 12:18:00,369,£1k-5k,10-19 orders
17347,228.96,1,216,228.96,2011-09-14 13:12:00,2011-09-14 13:12:00,0,£100-500,1 order
17348,1159.52,5,1401,5.393116279069767,2011-02-15 10:49:00,2011-11-25 11:25:00,283,£1k-5k,5-9 orders
17349,110.75,1,112,12.305555555555555,2011-06-13 14:29:00,2011-06-13 14:29:00,0,£100-500,1 order
17350,1286.07,4,795,18.113661971830986,2011-10-19 16:05:00,2011-12-01 15:47:00,42,£1k-5k,3-4 orders
17351,587.15,3,113,21.746296296296297,2011-03-11 16:05:00,2011-11-03 18:45:00,237,£500-1k,3-4 orders
17353,1740.0,2,1200,217.5,2011-07-08 16:17:00,2011-08-02 17:19:00,25,£1k-5k,2 orders
17354,1393.06,1,1006,87.06625,2011-10-20 10:34:00,2011-10-20 10:34:00,0,£1k-5k,1 order
17356,178.22,1,166,9.38,2011-02-01 11:07:00,2011-02-01 11:07:00,0,£100-500,1 order
17357,388.14,2,153,8.625333333333334,2011-11-15 16:29:00,2011-11-15 16:30:00,0,£100-500,2 orders
17358,365.85,2,202,6.200847457627119,2010-12-19 14:16:00,2011-02-09 16:57:00,52,£100-500,2 orders
17359,127.86,1,161,8.524,2011-11-28 14:37:00,2011-11-28 14:37:00,0,£100-500,1 order
17360,585.79,3,335,4.43780303030303,2011-06-08 17:09:00,2011-11-22 13:11:00,166,£500-1k,3-4 orders
17361,488.2,3,157,16.834482758620688,2011-02-21 09:55:00,2011-10-21 15:43:00,242,£100-500,3-4 orders
17362,312.23,2,191,8.920857142857143,2011-02-03 10:26:00,2011-04-14 14:43:00,70,£100-500,2 orders
17364,4481.18,11,2701,10.903114355231144,2011-01-12 16:57:00,2011-12-09 09:00:00,330,£1k-5k,10-19 orders
17365,4801.56,8,4777,10.259743589743591,2011-01-11 12:11:00,2011-11-27 12:13:00,320,£1k-5k,5-9 orders
17367,168.4,1,150,4.952941176470588,2011-04-15 14:21:00,2011-04-15 14:21:00,0,£100-500,1 order
17368,1912.67,8,1391,17.231261261261263,2011-01-06 11:57:00,2011-11-16 15:26:00,314,£1k-5k,5-9 orders
17370,446.18,4,540,13.520606060606061,2011-06-23 11:50:00,2011-09-28 10:14:00,96,£100-500,3-4 orders
17371,423.89,3,152,4.872298850574713,2010-12-13 15:20:00,2011-11-22 13:30:00,343,£100-500,3-4 orders
17372,1342.68,8,749,5.30703557312253,2010-12-12 12:00:00,2011-10-30 11:37:00,321,£1k-5k,5-9 orders
17373,646.92,4,408,11.349473684210526,2011-01-31 11:46:00,2011-10-30 15:28:00,272,£500-1k,3-4 orders
17374,495.77,2,85,17.706071428571427,2011-03-03 12:53:00,2011-05-05 09:05:00,62,£100-500,2 orders
17375,400.1,3,367,5.798550724637681,2010-12-13 15:16:00,2011-05-24 15:45:00,162,£100-500,3-4 orders
17376,203.2,2,86,8.466666666666667,2011-02-01 14:12:00,2011-09-30 12:36:00,240,£100-500,2 orders
17377,4100.92,20,2076,9.810813397129186,2010-12-01 12:35:00,2011-11-16 11:17:00,349,£1k-5k,20+ orders
17379,404.66,1,663,4.875421686746988,2011-11-28 13:56:00,2011-11-28 13:56:00,0,£100-500,1 order
17381,20275.61,29,25649,186.01477064220185,2010-12-02 12:58:00,2011-12-01 11:59:00,363,£10k+,20+ orders
17382,65.4,1,25,32.7,2011-10-05 13:05:00,2011-10-05 13:05:00,0,£0-100,1 order
17383,199.29,1,150,3.9076470588235295,2011-12-05 17:36:00,2011-12-05 17:36:00,0,£100-500,1 order
17384,336.4,2,88,22.426666666666666,2011-05-04 16:07:00,2011-11-20 15:48:00,199,£100-500,2 orders
17385,261.11,1,201,5.555531914893617,2011-11-25 11:02:00,2011-11-25 11:02:00,0,£100-500,1 order
17386,2686.42,6,1902,95.94357142857143,2011-06-27 12:11:00,2011-12-02 11:28:00,157,£1k-5k,5-9 orders
17387,784.11,2,542,10.052692307692308,2011-11-06 11:25:00,2011-11-20 11:00:00,13,£500-1k,2 orders
17388,1259.56,4,1068,83.97066666666666,2011-02-25 12:28:00,2011-09-23 10:31:00,209,£1k-5k,3-4 orders
17389,31833.68,34,7612,149.45389671361502,2011-01-12 15:48:00,2011-12-09 09:38:00,330,£10k+,20+ orders
17391,508.8,2,480,169.6,2011-06-28 12:21:00,2011-06-29 09:58:00,0,£500-1k,2 orders
17392,457.91,2,320,7.385645161290323,2010-12-16 19:04:00,2011-02-06 12:48:00,51,£100-500,2 orders
17394,203.86999999999998,1,241,50.967499999999994,2011-05-04 13:22:00,2011-05-04 13:22:00,0,£100-500,1 order
17396,7330.8,8,2005,271.5111111111111,2010-12-03 09:45:00,2011-10-31 14:12:00,332,£5k-10k,5-9 orders
17397,696.41,2,254,7.569673913043478,2011-11-17 13:58:00,2011-11-17 14:08:00,0,£500-1k,2 orders
17398,653.38,3,310,17.19421052631579,2011-03-29 13:04:00,2011-08-17 09:48:00,140,£500-1k,3-4 orders
17400,2129.96,5,1097,9.99981220657277,2010-12-21 17:16:00,2011-08-05 15:38:00,226,£1k-5k,5-9 orders
17402,2633.85,13,701,44.641525423728815,2010-12-05 13:53:00,2011-12-05 10:15:00,364,£1k-5k,10-19 orders
17403,281.62,1,117,8.533939393939393,2011-11-03 15:18:00,2011-11-03 15:18:00,0,£100-500,1 order
17404,31906.82,15,32748,161.14555555555555,2010-12-14 13:28:00,2011-12-05 16:26:00,356,£10k+,10-19 orders
17405,1031.41,3,726,12.578170731707319,2011-07-12 14:17:00,2011-12-08 17:12:00,149,£1k-5k,3-4 orders
17406,2200.42,3,787,19.47274336283186,2010-12-08 10:35:00,2011-01-10 15:07:00,33,£1k-5k,3-4 orders
17408,32.65,1,3,16.325,2011-06-29 12:53:00,2011-06-29 12:53:00,0,£0-100,1 order
17409,771.85,2,105,59.37307692307692,2011-04-05 16:42:00,2011-06-08 10:36:00,63,£500-1k,2 orders
17410,1214.72,5,616,18.98,2011-05-08 15:21:00,2011-11-23 15:46:00,199,£1k-5k,5-9 orders
17411,778.94,3,306,18.998536585365855,2011-03-23 13:44:00,2011-11-27 14:25:00,249,£500-1k,3-4 orders
17412,1258.06,7,738,19.061515151515152,2010-12-02 16:29:00,2011-12-07 11:36:00,369,£1k-5k,5-9 orders
17414,778.0,2,2100,129.66666666666666,2011-06-08 11:43:00,2011-10-27 12:13:00,141,£500-1k,2 orders
17415,507.84,1,114,36.27428571428571,2011-09-21 12:50:00,2011-09-21 12:50:00,0,£500-1k,1 order
17416,6893.42,7,4302,25.626096654275095,2011-03-03 13:45:00,2011-11-10 12:47:00,251,£5k-10k,5-9 orders
17418,463.46000000000004,2,289,15.448666666666668,2011-01-20 11:39:00,2011-10-28 13:00:00,281,£100-500,2 orders
17419,4226.57,12,1876,20.517330097087378,2010-12-07 15:03:00,2011-11-28 13:47:00,355,£1k-5k,10-19 orders
17420,598.83,3,265,19.961000000000002,2010-12-01 09:56:00,2011-10-20 14:52:00,323,£500-1k,3-4 orders
17422,1979.37,6,2253,16.917692307692306,2011-02-16 14:44:00,2011-11-23 13:27:00,279,£1k-5k,5-9 orders
17423,698.41,2,459,26.861923076923077,2011-05-06 09:14:00,2011-10-24 13:36:00,171,£500-1k,2 orders
17425,759.17,2,407,17.655116279069766,2011-10-10 11:37:00,2011-11-20 15:30:00,41,£500-1k,2 orders
17426,5037.26,6,3094,18.58767527675277,2011-03-02 16:34:00,2011-12-01 18:07:00,274,£5k-10k,5-9 orders
17427,100.8,1,34,50.4,2011-09-29 11:29:00,2011-09-29 11:29:00,0,£100-500,1 order
17428,17256.85,28,9474,52.61234756097561,2010-12-06 09:37:00,2011-12-09 09:45:00,368,£10k+,20+ orders
17429,524.9200000000001,3,624,13.459487179487182,2011-05-05 09:53:00,2011-08-03 13:22:00,90,£500-1k,3-4 orders
17430,265.76,2,190,18.982857142857142,2010-12-09 13:05:00,2011-11-07 09:24:00,332,£100-500,2 orders
17431,403.3,1,292,9.37906976744186,2011-01-30 14:36:00,2011-01-30 14:36:00,0,£100-500,1 order
17432,365.76,2,207,7.62,2011-11-02 17:30:00,2011-11-21 17:33:00,19,£100-500,2 orders
17433,303.15999999999997,1,185,5.6140740740740736,2011-09-12 14:24:00,2011-09-12 14:24:00,0,£100-500,1 order
17434,2373.82,7,1693,17.715074626865672,2011-09-15 13:54:00,2011-12-07 13:16:00,82,£1k-5k,5-9 orders
17436,216.29999999999998,2,90,24.03333333333333,2011-04-27 11:33:00,2011-12-08 12:30:00,225,£100-500,2 orders
17438,388.45000000000005,1,103,22.85,2011-03-31 10:26:00,2011-03-31 10:26:00,0,£100-500,1 order
17440,186.42000000000002,3,246,37.284000000000006,2011-04-06 12:05:00,2011-07-06 11:54:00,90,£100-500,3-4 orders
17442,2248.56,6,1496,16.656,2011-02-22 13:02:00,2011-11-03 09:17:00,253,£1k-5k,5-9 orders
17443,534.24,1,504,534.24,2011-05-04 10:47:00,2011-05-04 10:47:00,0,£500-1k,1 order
17444,2940.04,3,2119,21.778074074074073,2011-06-20 09:04:00,2011-07-15 12:05:00,25,£1k-5k,3-4 orders
17446,120.9,2,198,13.433333333333334,2011-02-02 14:40:00,2011-06-16 10:42:00,133,£100-500,2 orders
17447,541.53,2,443,15.042499999999999,2011-09-29 10:10:00,2011-10-30 14:18:00,31,£500-1k,2 orders
17449,2520.86,7,1122,9.10057761732852,2010-12-15 10:57:00,2011-12-07 16:56:00,357,£1k-5k,5-9 orders
17450,194550.79,46,69993,577.3020474777448,2010-12-07 09:23:00,2011-12-01 13:29:00,359,£10k+,20+ orders
17451,1721.4,7,1203,17.214000000000002,2011-08-26 11:54:00,2011-12-08 15:02:00,104,£1k-5k,5-9 orders
17453,486.71999999999997,2,219,25.616842105263157,2011-10-06 17:02:00,2011-11-22 09:42:00,46,£100-500,2 orders
17454,517.53,4,243,8.484098360655738,2010-12-15 10:54:00,2011-05-31 13:58:00,167,£500-1k,3-4 orders
17455,131.7,1,66,16.4625,2011-05-20 12:31:00,2011-05-20 12:31:00,0,£100-500,1 order
17456,249.86,1,222,14.69764705882353,2010-12-09 15:23:00,2010-12-09 15:23:00,0,£100-500,1 order
17457,1737.7,5,826,91.4578947368421,2011-01-04 14:33:00,2011-08-05 12:48:00,212,£1k-5k,5-9 orders
17458,316.5,1,170,5.861111111111111,2011-11-24 13:01:00,2011-11-24 13:01:00,0,£100-500,1 order
17459,657.3,2,537,5.921621621621621,2011-10-10 17:00:00,2011-10-27 13:25:00,16,£500-1k,2 orders
17460,622.4300000000001,6,236,21.463103448275863,2010-12-01 16:24:00,2011-09-06 15:04:00,278,£500-1k,5-9 orders
17461,757.46,3,799,6.823963963963965,2011-11-10 12:01:00,2011-11-17 10:21:00,6,£500-1k,3-4 orders
17462,675.69,2,227,25.025555555555556,2011-02-28 17:01:00,2011-10-10 13:56:00,223,£500-1k,2 orders
17463,1896.41,5,1095,8.820511627906978,2011-01-30 15:48:00,2011-11-23 13:40:00,296,£1k-5k,5-9 orders
17464,289.96000000000004,1,220,32.21777777777778,2011-07-04 13:19:00,2011-07-04 13:19:00,0,£100-500,1 order
17466,763.28,2,306,18.61658536585366,2011-09-22 09:16:00,2011-11-29 13:15:00,68,£500-1k,2 orders
17468,137.0,2,116,27.4,2011-11-25 12:52:00,2011-11-29 15:33:00,4,£100-500,2 orders
17469,1870.97,5,787,21.261022727272728,2011-05-19 08:55:00,2011-11-23 13:15:00,188,£1k-5k,5-9 orders
17470,1125.07,5,1675,14.423974358974359,2010-12-07 09:57:00,2011-10-26 12:42:00,323,£1k-5k,5-9 orders
17472,710.29,3,462,3.9242541436464085,2011-02-13 14:40:00,2011-06-01 14:57:00,108,£500-1k,3-4 orders
17475,194.37,1,178,13.883571428571429,2011-09-21 14:55:00,2011-09-21 14:55:00,0,£100-500,1 order
17480,511.82,1,338,17.64896551724138,2011-09-23 11:39:00,2011-09-23 11:39:00,0,£500-1k,1 order
17481,1255.59,4,1061,15.312073170731706,2011-09-07 09:57:00,2011-12-06 12:28:00,90,£1k-5k,3-4 orders
17483,414.04,3,191,19.716190476190476,2011-06-09 19:40:00,2011-10-05 13:10:00,117,£100-500,3-4 orders
17486,396.87,1,191,16.53625,2011-03-23 14:00:00,2011-03-23 14:00:00,0,£100-500,1 order
17489,376.64,2,428,12.987586206896552,2011-05-11 11:34:00,2011-10-12 08:56:00,153,£100-500,2 orders
17490,2092.32,7,1134,27.530526315789476,2011-06-16 09:15:00,2011-12-09 09:08:00,175,£1k-5k,5-9 orders
17491,3558.87,10,2013,32.65018348623853,2010-12-07 12:18:00,2011-12-08 16:18:00,366,£1k-5k,10-19 orders
17492,374.57,1,155,31.214166666666667,2011-04-05 15:21:00,2011-04-05 15:21:00,0,£100-500,1 order
17495,497.56,2,229,18.42814814814815,2011-11-01 12:06:00,2011-12-02 12:08:00,31,£100-500,2 orders
17496,271.05,1,79,27.105,2010-12-16 08:39:00,2010-12-16 08:39:00,0,£100-500,1 order
17498,272.22,1,394,16.01294117647059,2011-09-25 12:25:00,2011-09-25 12:25:00,0,£100-500,1 order
17499,622.88,1,711,15.572,2011-02-23 09:14:00,2011-02-23 09:14:00,0,£500-1k,1 order
17500,1138.0,3,17,227.6,2011-11-10 09:08:00,2011-11-22 14:25:00,12,£1k-5k,3-4 orders
17501,288.6,2,160,16.033333333333335,2011-05-03 09:46:00,2011-05-03 09:47:00,0,£100-500,2 orders
17502,689.1,4,376,24.610714285714288,2011-11-10 16:39:00,2011-11-30 13:13:00,19,£500-1k,3-4 orders
17503,558.96,2,486,14.709473684210527,2011-11-01 11:12:00,2011-12-07 09:18:00,35,£500-1k,2 orders
17504,2997.0299999999997,9,1664,23.598661417322834,2011-01-21 11:09:00,2011-05-17 12:59:00,116,£1k-5k,5-9 orders
17505,1145.84,2,556,22.035384615384615,2011-05-18 09:01:00,2011-07-01 12:50:00,44,£1k-5k,2 orders
17506,302.2,1,139,21.585714285714285,2011-09-25 11:39:00,2011-09-25 11:39:00,0,£100-500,1 order
17507,605.58,2,359,6.881590909090909,2011-02-03 18:08:00,2011-03-23 11:48:00,47,£500-1k,2 orders
17508,387.31,1,289,17.605,2011-03-04 08:10:00,2011-03-04 08:10:00,0,£100-500,1 order
17509,6115.14,8,3534,16.708032786885248,2011-10-07 13:14:00,2011-10-13 10:26:00,5,£5k-10k,5-9 orders
17510,308.48,1,214,15.424000000000001,2011-11-15 10:00:00,2011-11-15 10:00:00,0,£100-500,1 order
17511,91062.38,31,64549,94.5611422637591,2010-12-01 10:19:00,2011-12-07 10:12:00,370,£10k+,20+ orders
17512,2924.9900000000002,10,2753,27.85704761904762,2011-02-11 12:22:00,2011-11-11 12:11:00,272,£1k-5k,10-19 orders
17513,513.2,1,254,85.53333333333335,2011-09-28 16:42:00,2011-09-28 16:42:00,0,£500-1k,1 order
17514,208.65,1,135,5.2162500000000005,2011-08-03 15:45:00,2011-08-03 15:45:00,0,£100-500,1 order
17515,639.02,4,243,7.345057471264368,2011-01-25 14:33:00,2011-11-08 14:04:00,286,£500-1k,3-4 orders
17516,768.08,5,416,5.606423357664234,2011-02-27 12:41:00,2011-11-24 16:51:00,270,£500-1k,5-9 orders
17517,153.94,1,102,13.994545454545454,2011-02-04 11:48:00,2011-02-04 11:48:00,0,£100-500,1 order
17519,1844.02,6,1236,22.488048780487805,2010-12-06 15:18:00,2011-11-22 16:43:00,351,£1k-5k,5-9 orders
17520,546.81,1,365,18.226999999999997,2011-10-17 12:04:00,2011-10-17 12:04:00,0,£500-1k,1 order
17521,723.2099999999999,3,519,16.07133333333333,2011-05-24 15:14:00,2011-11-10 11:22:00,169,£500-1k,3-4 orders
17522,1070.71,5,1034,14.667260273972603,2011-05-05 16:31:00,2011-12-08 12:31:00,216,£1k-5k,5-9 orders
17523,652.74,4,872,19.78,2011-11-20 13:40:00,2011-11-28 13:20:00,7,£500-1k,3-4 orders
17524,145.0,1,90,24.166666666666668,2010-12-13 14:32:00,2010-12-13 14:32:00,0,£100-500,1 order
17525,422.70000000000005,1,82,46.96666666666667,2010-12-15 12:05:00,2010-12-15 12:05:00,0,£100-500,1 order
17526,1195.8999999999999,4,310,62.942105263157885,2010-12-09 12:20:00,2011-12-05 11:05:00,360,£1k-5k,3-4 orders
17527,939.37,4,488,19.98659574468085,2011-05-05 13:43:00,2011-10-17 12:32:00,164,£500-1k,3-4 orders
17528,3628.5,8,2138,14.34189723320158,2011-09-29 13:04:00,2011-12-08 13:27:00,70,£1k-5k,5-9 orders
17530,2385.0,10,1526,6.053299492385787,2010-12-09 20:01:00,2011-12-08 18:42:00,363,£1k-5k,10-19 orders
17531,296.7,1,136,21.192857142857143,2011-06-02 19:17:00,2011-06-02 19:17:00,0,£100-500,1 order
17534,223.36,1,103,24.817777777777778,2011-10-17 12:47:00,2011-10-17 12:47:00,0,£100-500,1 order
17535,164.4,1,136,12.646153846153847,2011-03-04 15:20:00,2011-03-04 15:20:00,0,£100-500,1 order
17536,76.5,1,6,25.5,2011-06-15 13:23:00,2011-06-15 13:23:00,0,£0-100,1 order
17537,897.62,2,700,11.968266666666667,2011-02-09 13:37:00,2011-11-10 10:56:00,273,£500-1k,2 orders
17538,98.42,1,134,10.935555555555556,2011-11-14 12:12:00,2011-11-14 12:12:00,0,£0-100,1 order
17540,578.9,2,194,23.156,2011-01-27 14:35:00,2011-11-15 11:56:00,291,£500-1k,2 orders
17542,170.75,1,134,6.83,2011-03-15 11:45:00,2011-03-15 11:45:00,0,£100-500,1 order
17545,645.96,3,341,4.454896551724138,2011-10-27 13:48:00,2011-10-27 14:04:00,0,£500-1k,3-4 orders
17548,103.3,1,58,20.66,2011-04-20 12:01:00,2011-04-20 12:01:00,0,£100-500,1 order
17549,148.86,2,210,24.810000000000002,2011-10-19 10:05:00,2011-11-16 09:59:00,27,£100-500,2 orders
17550,267.16,3,86,6.360952380952382,2011-04-10 15:19:00,2011-05-26 14:09:00,45,£100-500,3-4 orders
17551,306.84,1,150,7.1358139534883716,2010-12-15 14:12:00,2010-12-15 14:12:00,0,£100-500,1 order
17552,930.41,4,719,18.987959183673468,2010-12-02 18:45:00,2011-10-10 17:00:00,311,£500-1k,3-4 orders
17553,1487.6,1,1048,743.8,2011-08-02 10:00:00,2011-08-02 10:00:00,0,£1k-5k,1 order
17554,1952.45,5,1763,22.18693181818182,2011-07-14 20:01:00,2011-12-08 14:15:00,146,£1k-5k,5-9 orders
17555,483.26,2,349,4.559056603773585,2011-01-09 12:31:00,2011-11-20 12:22:00,314,£100-500,2 orders
17556,157.9,1,101,26.316666666666666,2011-05-18 10:48:00,2011-05-18 10:48:00,0,£100-500,1 order
17557,541.46,3,306,15.92529411764706,2011-09-19 14:23:00,2011-11-25 12:57:00,66,£500-1k,3-4 orders
17560,854.95,4,635,32.88269230769231,2011-02-02 11:14:00,2011-09-06 09:18:00,215,£500-1k,3-4 orders
17561,167.62,1,146,3.643913043478261,2011-11-20 12:53:00,2011-11-20 12:53:00,0,£100-500,1 order
17562,1122.38,7,817,17.81555555555556,2011-06-19 13:06:00,2011-11-25 14:21:00,159,£1k-5k,5-9 orders
17564,454.01,3,146,9.265510204081632,2011-09-20 14:00:00,2011-11-15 13:27:00,55,£100-500,3-4 orders
17566,901.21,2,518,5.929013157894737,2011-11-14 13:42:00,2011-12-01 19:54:00,17,£500-1k,2 orders
17567,4331.48,8,2632,26.251393939393935,2010-12-02 15:18:00,2011-12-02 15:48:00,365,£1k-5k,5-9 orders
17569,344.14,1,159,11.866896551724137,2011-01-11 14:15:00,2011-01-11 14:15:00,0,£100-500,1 order
17571,1498.51,4,905,5.0117391304347825,2011-02-14 15:15:00,2011-10-20 15:57:00,248,£1k-5k,3-4 orders
17572,226.75000000000003,4,95,18.895833333333336,2010-12-01 12:51:00,2011-09-29 17:53:00,302,£100-500,3-4 orders
17573,380.6,3,308,15.224,2011-09-07 10:36:00,2011-11-10 13:01:00,64,£100-500,3-4 orders
17574,185.65,1,77,23.20625,2011-04-11 09:47:00,2011-04-11 09:47:00,0,£100-500,1 order
17576,3622.68,19,1994,8.814306569343065,2010-12-09 16:57:00,2011-12-01 17:56:00,357,£1k-5k,10-19 orders
17578,143.45999999999998,1,138,28.691999999999997,2011-05-05 18:38:00,2011-05-05 18:38:00,0,£100-500,1 order
17579,448.90000000000003,3,258,8.978000000000002,2011-06-13 14:12:00,2011-12-05 12:28:00,174,£100-500,3-4 orders
17580,215.72,3,88,4.793777777777778,2010-12-16 15:27:00,2011-04-01 12:41:00,105,£100-500,3-4 orders
17581,11045.04,25,5927,25.102363636363638,2010-12-02 14:47:00,2011-12-09 12:21:00,371,£10k+,20+ orders
17582,175.27,1,123,6.043793103448277,2011-04-17 13:18:00,2011-04-17 13:18:00,0,£100-500,1 order
17584,1242.3,2,458,35.494285714285716,2011-08-04 14:12:00,2011-12-02 17:12:00,120,£1k-5k,2 orders
17585,1133.07,4,1671,5.294719626168224,2011-01-05 15:09:00,2011-08-22 13:30:00,228,£1k-5k,3-4 orders
17588,1240.2,3,676,53.92173913043479,2011-04-21 10:31:00,2011-08-31 13:37:00,132,£1k-5k,3-4 orders
17589,2404.17,4,1631,9.502648221343874,2011-04-13 13:47:00,2011-10-10 16:58:00,180,£1k-5k,3-4 orders
17590,1479.22,3,828,7.359303482587065,2011-10-30 14:05:00,2011-12-07 12:55:00,37,£1k-5k,3-4 orders
17591,2225.9700000000003,7,1009,13.409457831325303,2010-12-07 15:39:00,2011-09-27 13:42:00,293,£1k-5k,5-9 orders
17593,3927.34,5,3101,18.438215962441316,2010-12-22 10:29:00,2011-12-06 10:30:00,349,£1k-5k,5-9 orders
17594,993.18,2,550,19.863599999999998,2011-03-30 10:32:00,2011-09-15 16:34:00,169,£500-1k,2 orders
17595,388.79,2,229,4.68421686746988,2011-11-02 16:19:00,2011-11-27 16:08:00,24,£100-500,2 orders
17596,2827.93,7,4400,10.473814814814814,2010-12-06 12:34:00,2011-11-16 14:11:00,345,£1k-5k,5-9 orders
17597,2044.3700000000001,1,1176,37.17036363636364,2011-05-10 11:54:00,2011-05-10 11:54:00,0,£1k-5k,1 order
17600,161.67000000000002,1,144,12.436153846153847,2011-11-22 09:43:00,2011-11-22 09:43:00,0,£100-500,1 order
17601,116.00999999999999,1,103,12.889999999999999,2011-04-14 18:02:00,2011-04-14 18:02:00,0,£100-500,1 order
17602,5102.97,6,4151,9.11244642857143,2011-01-19 16:18:00,2011-12-07 13:53:00,321,£5k-10k,5-9 orders
17603,394.72,1,74,35.88363636363636,2011-09-22 14:18:00,2011-09-22 14:18:00,0,£100-500,1 order
17604,309.36,2,169,4.91047619047619,2011-01-31 15:09:00,2011-05-06 13:43:00,94,£100-500,2 orders
17608,193.42,2,232,3.2783050847457624,2011-11-06 13:00:00,2011-11-06 13:06:00,0,£100-500,2 orders
17609,1112.22,5,723,4.692911392405064,2011-01-16 16:23:00,2011-10-30 12:28:00,286,£1k-5k,5-9 orders
17611,3984.22,15,2560,6.9170486111111105,2010-12-13 13:52:00,2011-12-02 13:29:00,353,£1k-5k,10-19 orders
17612,2048.45,6,1808,15.173703703703703,2011-02-15 10:40:00,2011-10-17 14:59:00,244,£1k-5k,5-9 orders
17613,4559.150000000001,14,2496,14.612660256410258,2011-02-07 11:20:00,2011-11-17 10:51:00,282,£1k-5k,10-19 orders
17614,390.07,1,238,3.9007,2011-10-13 16:01:00,2011-10-13 16:01:00,0,£100-500,1 order
17615,329.6,3,140,23.542857142857144,2011-05-01 15:33:00,2011-08-01 14:06:00,91,£100-500,3-4 orders
17616,571.1999999999999,3,224,190.39999999999998,2010-12-07 10:04:00,2011-06-19 10:11:00,194,£500-1k,3-4 orders
17618,971.58,3,331,12.456153846153846,2010-12-12 16:05:00,2011-12-04 11:50:00,356,£500-1k,3-4 orders
17619,218.52,1,127,2.837922077922078,2011-01-31 14:18:00,2011-01-31 14:18:00,0,£100-500,1 order
17620,81.44,1,60,20.36,2011-10-11 12:08:00,2011-10-11 12:08:00,0,£0-100,1 order
17621,1379.9,3,514,53.073076923076925,2010-12-20 13:31:00,2011-11-18 17:11:00,333,£1k-5k,3-4 orders
17623,527.0500000000001,1,265,15.971212121212123,2011-11-07 11:32:00,2011-11-07 11:32:00,0,£500-1k,1 order
17624,843.48,2,554,16.869600000000002,2011-05-05 17:59:00,2011-11-25 10:52:00,203,£500-1k,2 orders
17625,2047.0,4,1198,6.498412698412698,2011-03-27 12:21:00,2011-11-21 13:36:00,239,£1k-5k,3-4 orders
17628,75.75,1,79,15.15,2011-09-19 15:21:00,2011-09-19 15:21:00,0,£0-100,1 order
17629,1814.12,8,1629,14.748943089430893,2010-12-15 09:58:00,2011-12-04 10:56:00,354,£1k-5k,5-9 orders
17630,503.59999999999997,2,158,19.369230769230768,2011-04-21 14:03:00,2011-06-23 11:58:00,62,£500-1k,2 orders
17631,528.33,3,334,13.546923076923077,2011-04-21 13:22:00,2011-12-08 09:47:00,230,£500-1k,3-4 orders
17633,1324.84,4,644,18.92628571428571,2011-08-11 15:43:00,2011-11-08 13:25:00,88,£1k-5k,3-4 orders
17634,2361.9700000000003,9,840,7.952760942760944,2011-01-06 12:45:00,2011-11-03 13:09:00,301,£1k-5k,5-9 orders
17636,285.56,1,182,14.278,2011-11-20 14:40:00,2011-11-20 14:40:00,0,£100-500,1 order
17637,547.0600000000001,2,280,15.630285714285716,2011-08-16 13:25:00,2011-11-08 12:51:00,83,£500-1k,2 orders
17639,108.5,1,49,15.5,2011-03-08 15:22:00,2011-03-08 15:22:00,0,£100-500,1 order
17640,621.66,1,250,124.332,2011-09-14 09:13:00,2011-09-14 09:13:00,0,£500-1k,1 order
17642,712.29,2,474,17.80725,2011-06-16 12:55:00,2011-08-12 09:11:00,56,£500-1k,2 orders
17643,101.55,1,71,12.69375,2010-12-01 14:38:00,2010-12-01 14:38:00,0,£100-500,1 order
17644,2895.64,11,1793,18.443566878980892,2011-03-24 09:44:00,2011-12-08 13:43:00,259,£1k-5k,10-19 orders
17646,1008.39,3,323,19.77235294117647,2010-12-09 14:28:00,2011-05-04 13:17:00,145,£1k-5k,3-4 orders
17647,133.06,1,30,19.00857142857143,2011-10-05 15:38:00,2011-10-05 15:38:00,0,£100-500,1 order
17648,1797.5,4,487,19.752747252747252,2011-04-04 10:29:00,2011-10-10 09:41:00,188,£1k-5k,3-4 orders
17649,868.49,1,399,16.70173076923077,2011-07-24 15:53:00,2011-07-24 15:53:00,0,£500-1k,1 order
17650,166.08,1,150,20.76,2011-11-18 14:52:00,2011-11-18 14:52:00,0,£100-500,1 order
17651,3945.0,10,3112,17.004310344827587,2011-06-15 15:57:00,2011-11-28 10:29:00,165,£1k-5k,10-19 orders
17652,4867.72,12,2509,18.794285714285714,2011-03-03 14:05:00,2011-11-14 12:55:00,255,£1k-5k,10-19 orders
17653,1207.56,4,1409,27.44454545454545,2011-08-11 15:24:00,2011-11-03 12:46:00,83,£1k-5k,3-4 orders
17654,117.55,1,41,5.343181818181818,2011-03-07 13:17:00,2011-03-07 13:17:00,0,£100-500,1 order
17655,2638.94,7,1116,28.99934065934066,2010-12-08 16:45:00,2011-11-29 11:34:00,355,£1k-5k,5-9 orders
17656,1674.69,5,1399,20.423048780487804,2011-08-03 10:45:00,2011-09-27 13:04:00,55,£1k-5k,5-9 orders
17658,595.42,2,616,31.337894736842102,2011-05-12 15:23:00,2011-11-14 12:07:00,185,£500-1k,2 orders
17659,2999.46,12,1525,18.98392405063291,2010-12-02 16:46:00,2011-11-22 13:29:00,354,£1k-5k,10-19 orders
17660,196.0,1,130,4.355555555555555,2011-07-21 13:37:00,2011-07-21 13:37:00,0,£100-500,1 order
17663,1802.91,7,797,20.96406976744186,2011-02-25 14:11:00,2011-11-14 08:56:00,261,£1k-5k,5-9 orders
17664,604.64,2,604,14.061395348837209,2011-05-11 14:17:00,2011-11-21 11:29:00,193,£500-1k,2 orders
17666,728.16,2,596,40.45333333333333,2011-10-05 11:06:00,2011-12-06 09:06:00,61,£500-1k,2 orders
17667,2055.51,5,1033,17.71991379310345,2011-02-14 09:24:00,2011-10-04 14:32:00,232,£1k-5k,5-9 orders
17668,347.75,2,93,23.183333333333334,2011-11-01 14:45:00,2011-12-08 13:25:00,36,£100-500,2 orders
17669,3406.7200000000003,7,1916,50.09882352941177,2011-04-04 10:11:00,2011-10-28 08:53:00,206,£1k-5k,5-9 orders
17670,205.7,1,110,18.7,2011-04-26 09:12:00,2011-04-26 09:12:00,0,£100-500,1 order
17671,1572.71,4,772,29.67377358490566,2010-12-09 14:27:00,2011-11-24 12:21:00,349,£1k-5k,3-4 orders
17672,3178.17,2,1690,28.892454545454545,2011-02-03 13:29:00,2011-10-20 14:18:00,259,£1k-5k,2 orders
17673,1629.12,6,1487,7.176740088105727,2011-01-23 15:16:00,2011-12-08 12:50:00,318,£1k-5k,5-9 orders
17674,551.04,2,672,20.40888888888889,2010-12-06 10:20:00,2011-09-26 13:35:00,294,£500-1k,2 orders
17675,20374.28,31,8360,28.89968794326241,2010-12-07 13:22:00,2011-12-08 18:03:00,366,£10k+,20+ orders
17676,1387.68,6,932,17.790769230769232,2010-12-08 13:49:00,2011-12-05 15:16:00,362,£1k-5k,5-9 orders
17677,16363.23,30,9775,53.82641447368421,2010-12-06 08:42:00,2011-12-08 09:56:00,367,£10k+,20+ orders
17678,298.11,1,207,18.631875,2011-03-21 11:52:00,2011-03-21 11:52:00,0,£100-500,1 order
17679,1992.1100000000001,2,729,66.40366666666667,2011-09-15 10:35:00,2011-10-18 07:43:00,32,£1k-5k,2 orders
17680,184.4,1,96,16.763636363636365,2011-11-16 12:42:00,2011-11-16 12:42:00,0,£100-500,1 order
17682,2474.33,6,1367,20.968898305084746,2010-12-06 13:35:00,2011-11-29 15:59:00,358,£1k-5k,5-9 orders
17684,239.41,1,145,15.960666666666667,2011-10-27 11:10:00,2011-10-27 11:10:00,0,£100-500,1 order
17685,3191.53,7,1956,24.550230769230772,2010-12-02 14:42:00,2011-11-23 11:36:00,355,£1k-5k,5-9 orders
17686,5739.46,7,2478,20.06804195804196,2011-02-10 10:18:00,2011-12-02 15:39:00,295,£5k-10k,5-9 orders
17690,4757.95,15,1773,18.5857421875,2010-12-01 16:15:00,2011-11-09 15:17:00,342,£1k-5k,10-19 orders
17691,290.40000000000003,2,134,15.28421052631579,2010-12-06 11:10:00,2010-12-16 17:20:00,10,£100-500,2 orders
17692,740.9399999999999,4,672,16.107391304347825,2010-12-15 13:37:00,2011-08-04 14:01:00,232,£500-1k,3-4 orders
17693,200.47,1,231,12.529375,2011-07-25 15:48:00,2011-07-25 15:48:00,0,£100-500,1 order
17694,283.12,1,184,18.874666666666666,2011-07-21 12:00:00,2011-07-21 12:00:00,0,£100-500,1 order
17695,765.34,2,779,21.866857142857143,2011-06-21 12:35:00,2011-07-31 10:40:00,39,£500-1k,2 orders
17696,2285.71,8,1756,19.875739130434784,2010-12-10 09:51:00,2011-11-01 13:43:00,326,£1k-5k,5-9 orders
17697,338.95,1,93,17.839473684210525,2011-04-17 15:40:00,2011-04-17 15:40:00,0,£100-500,1 order
17698,154.95,1,93,19.36875,2011-03-24 11:34:00,2011-03-24 11:34:00,0,£100-500,1 order
17700,2534.64,4,1266,17.84957746478873,2011-03-03 16:34:00,2011-11-23 11:51:00,264,£1k-5k,3-4 orders
17701,417.95,1,109,17.414583333333333,2011-04-01 12:25:00,2011-04-01 12:25:00,0,£100-500,1 order
17702,1824.37,4,1353,24.653648648648648,2011-05-17 16:23:00,2011-11-09 16:03:00,175,£1k-5k,3-4 orders
17703,798.74,3,590,14.522545454545455,2011-07-24 13:30:00,2011-11-04 15:51:00,103,£500-1k,3-4 orders
17704,885.19,2,343,28.554516129032258,2011-04-14 09:28:00,2011-06-24 09:40:00,71,£500-1k,2 orders
17705,1823.52,9,963,17.70407766990291,2011-02-11 10:57:00,2011-12-06 13:45:00,298,£1k-5k,5-9 orders
17706,10504.49,17,3899,27.498664921465966,2010-12-08 11:02:00,2011-12-05 13:34:00,362,£10k+,10-19 orders
17707,152.4,2,144,30.48,2011-01-07 13:30:00,2011-06-07 15:03:00,151,£100-500,2 orders
17708,267.08,2,91,7.630857142857143,2011-01-19 10:09:00,2011-06-05 10:12:00,137,£100-500,2 orders
17709,137.45,1,17,19.635714285714283,2011-06-23 11:55:00,2011-06-23 11:55:00,0,£100-500,1 order
17711,385.1,2,246,16.743478260869566,2011-02-23 11:32:00,2011-11-29 11:40:00,279,£100-500,2 orders
17712,522.91,1,215,18.031379310344825,2011-10-26 12:28:00,2011-10-26 12:28:00,0,£500-1k,1 order
17714,153.0,1,92,15.3,2011-01-23 10:32:00,2011-01-23 10:32:00,0,£100-500,1 order
17715,326.4,1,384,326.4,2011-05-23 12:32:00,2011-05-23 12:32:00,0,£100-500,1 order
17716,5655.99,11,3072,23.085673469387753,2011-03-17 10:38:00,2011-11-17 12:00:00,245,£5k-10k,10-19 orders
17718,139.35,1,83,23.224999999999998,2011-04-21 13:39:00,2011-04-21 13:39:00,0,£100-500,1 order
17719,5396.04,15,2466,19.693576642335767,2011-03-29 11:29:00,2011-11-02 10:36:00,217,£5k-10k,10-19 orders
17720,1195.94,4,576,23.9188,2010-12-07 10:43:00,2011-11-13 15:04:00,341,£1k-5k,3-4 orders
17722,2424.04,4,1595,21.078608695652175,2010-12-08 12:41:00,2011-09-04 15:22:00,270,£1k-5k,3-4 orders
17723,3276.4000000000005,6,792,327.64000000000004,2011-05-09 14:44:00,2011-08-04 18:37:00,87,£1k-5k,5-9 orders
17724,1033.0,3,300,25.825,2011-07-24 13:26:00,2011-09-29 15:26:00,67,£1k-5k,3-4 orders
17725,3439.08,11,2162,17.911875,2011-03-17 19:47:00,2011-11-23 16:34:00,250,£1k-5k,10-19 orders
17727,1060.25,1,645,16.064393939393938,2011-11-24 17:06:00,2011-11-24 17:06:00,0,£1k-5k,1 order
17728,2876.01,3,1469,17.430363636363637,2011-09-14 11:39:00,2011-12-06 08:52:00,82,£1k-5k,3-4 orders
17730,5298.4800000000005,13,3576,24.304954128440368,2011-01-17 14:49:00,2011-12-06 15:43:00,323,£5k-10k,10-19 orders
17731,1240.11,4,493,18.509104477611938,2011-06-09 14:18:00,2011-09-21 15:02:00,104,£1k-5k,3-4 orders
17732,303.97,1,93,16.887222222222224,2010-12-02 09:29:00,2010-12-02 09:29:00,0,£100-500,1 order
17733,692.19,2,463,19.776857142857143,2011-03-23 09:54:00,2011-11-01 08:16:00,222,£500-1k,2 orders
17734,700.63,3,422,16.293720930232556,2011-04-20 10:04:00,2011-10-17 12:33:00,180,£500-1k,3-4 orders
17735,13110.02,19,8439,19.000028985507246,2010-12-07 10:32:00,2011-12-07 16:47:00,365,£10k+,10-19 orders
17736,377.44,3,238,15.0976,2011-08-18 14:33:00,2011-11-30 15:36:00,104,£100-500,3-4 orders
17737,168.24,2,108,16.824,2011-10-12 14:42:00,2011-11-30 15:16:00,49,£100-500,2 orders
17738,1879.05,4,1029,19.371649484536082,2011-03-02 16:26:00,2011-11-20 15:05:00,262,£1k-5k,3-4 orders
17739,2791.35,7,861,59.39042553191489,2010-12-14 14:26:00,2011-11-28 09:12:00,348,£1k-5k,5-9 orders
17742,355.11,2,89,23.674,2011-01-11 10:04:00,2011-08-18 15:28:00,219,£100-500,2 orders
17744,2322.4,6,3412,17.076470588235296,2010-12-16 14:17:00,2011-12-06 12:11:00,354,£1k-5k,5-9 orders
17746,110.25,1,29,18.375,2011-04-13 14:31:00,2011-04-13 14:31:00,0,£100-500,1 order
17747,71.4,1,12,71.4,2011-08-19 08:13:00,2011-08-19 08:13:00,0,£0-100,1 order
17749,674.52,2,320,19.272,2011-03-28 13:39:00,2011-06-14 15:45:00,78,£500-1k,2 orders
17750,1797.57,9,3957,9.313834196891191,2011-06-28 15:44:00,2011-12-04 14:09:00,158,£1k-5k,5-9 orders
17752,80.64,1,192,80.64,2010-12-15 16:19:00,2010-12-15 16:19:00,0,£0-100,1 order
17754,1772.26,5,1869,19.26369565217391,2011-03-24 13:54:00,2011-12-09 11:20:00,259,£1k-5k,5-9 orders
17757,5605.29,30,3320,7.564493927125506,2010-12-02 17:17:00,2011-12-08 15:31:00,370,£5k-10k,20+ orders
17758,3456.7000000000003,8,2091,8.390048543689321,2011-04-03 15:22:00,2011-11-20 14:45:00,230,£1k-5k,5-9 orders
17759,834.99,3,708,8.789368421052632,2011-06-23 13:35:00,2011-11-22 16:02:00,152,£500-1k,3-4 orders
17760,287.59,2,239,11.503599999999999,2010-12-01 15:08:00,2011-11-18 10:56:00,351,£100-500,2 orders
17761,712.78,1,398,37.514736842105265,2011-11-07 10:23:00,2011-11-07 10:23:00,0,£500-1k,1 order
17763,15.0,1,12,15.0,2011-03-21 14:25:00,2011-03-21 14:25:00,0,£0-100,1 order
17764,818.8199999999999,2,395,10.917599999999998,2011-05-12 16:11:00,2011-10-20 11:03:00,160,£500-1k,2 orders
17765,371.88,3,144,6.524210526315789,2011-03-28 11:58:00,2011-07-04 12:41:00,98,£100-500,3-4 orders
17767,271.2,1,128,12.914285714285715,2011-11-24 14:42:00,2011-11-24 14:42:00,0,£100-500,1 order
17768,2273.1800000000003,3,1186,21.649333333333335,2011-06-26 13:46:00,2011-12-01 13:22:00,157,£1k-5k,3-4 orders
17769,3997.98,10,1862,12.896709677419356,2011-01-23 11:15:00,2011-11-27 11:18:00,308,£1k-5k,10-19 orders
17770,1143.27,5,365,30.086052631578948,2011-03-02 13:35:00,2011-05-25 12:34:00,83,£1k-5k,5-9 orders
17771,245.81,2,287,4.552037037037037,2011-01-20 14:13:00,2011-10-14 11:43:00,266,£100-500,2 orders
17772,182.77,2,58,3.448490566037736,2011-11-29 10:57:00,2011-11-29 11:05:00,0,£100-500,2 orders
17774,1225.41,4,512,7.855192307692308,2011-02-07 13:13:00,2011-09-04 12:49:00,208,£1k-5k,3-4 orders
17775,56.4,1,72,18.8,2011-03-30 10:50:00,2011-03-30 10:50:00,0,£0-100,1 order
17777,665.86,3,507,3.4322680412371134,2011-08-31 14:35:00,2011-11-15 12:02:00,75,£500-1k,3-4 orders
17779,658.57,3,397,8.031341463414634,2011-07-19 12:19:00,2011-11-18 14:15:00,122,£500-1k,3-4 orders
17781,188.02,2,34,15.668333333333335,2011-03-31 19:54:00,2011-07-03 16:00:00,93,£100-500,2 orders
17783,283.47,2,354,4.23089552238806,2011-04-06 10:07:00,2011-09-28 16:07:00,175,£100-500,2 orders
17785,131.94,1,67,10.149230769230769,2011-10-17 13:43:00,2011-10-17 13:43:00,0,£100-500,1 order
17786,278.74,2,200,3.871388888888889,2011-01-26 14:35:00,2011-09-15 12:51:00,231,£100-500,2 orders
17787,1865.19,4,910,13.919328358208956,2010-12-03 13:43:00,2011-07-10 11:24:00,218,£1k-5k,3-4 orders
17788,1117.9,2,211,223.58,2011-08-02 10:38:00,2011-09-27 10:09:00,55,£1k-5k,2 orders
17789,225.9,1,74,16.135714285714286,2011-03-03 13:14:00,2011-03-03 13:14:00,0,£100-500,1 order
17790,1965.55,14,836,10.345,2010-12-10 10:47:00,2011-11-13 11:30:00,338,£1k-5k,10-19 orders
17791,106.1,1,46,10.61,2011-11-10 12:09:00,2011-11-10 12:09:00,0,£100-500,1 order
17793,323.04,1,232,5.5696551724137935,2011-11-14 14:24:00,2011-11-14 14:24:00,0,£100-500,1 order
17795,350.39,2,341,7.617173913043478,2011-03-20 12:02:00,2011-06-13 12:36:00,85,£100-500,2 orders
17796,697.9,4,178,8.510975609756096,2010-12-05 12:23:00,2011-10-30 15:38:00,329,£500-1k,3-4 orders
17797,780.43,3,498,7.0309009009009005,2011-06-10 11:29:00,2011-11-17 13:21:00,160,£500-1k,3-4 orders
17799,3055.93,10,1758,7.490024509803921,2010-12-13 13:10:00,2011-11-17 15:16:00,339,£1k-5k,10-19 orders
17800,1199.01,9,736,11.528942307692308,2011-01-09 13:50:00,2011-11-02 12:57:00,296,£1k-5k,5-9 orders
17802,1285.04,3,752,9.178857142857142,2010-12-02 13:44:00,2011-09-18 14:56:00,290,£1k-5k,3-4 orders
17805,512.31,1,478,51.230999999999995,2011-09-27 11:49:00,2011-09-27 11:49:00,0,£500-1k,1 order
17806,546.04,1,727,12.698604651162789,2011-11-28 14:12:00,2011-11-28 14:12:00,0,£500-1k,1 order
17809,5411.91,12,2057,88.71983606557377,2010-12-01 09:41:00,2011-11-23 12:59:00,357,£5k-10k,10-19 orders
17811,7837.7300000000005,39,4177,9.210023501762633,2011-01-10 10:58:00,2011-12-05 13:46:00,329,£5k-10k,20+ orders
17812,732.16,4,350,5.192624113475177,2010-12-06 15:27:00,2011-11-27 11:47:00,355,£500-1k,3-4 orders
17813,1770.8799999999999,5,790,4.773261455525606,2011-09-29 15:57:00,2011-11-25 16:13:00,57,£1k-5k,5-9 orders
17816,36.56,4,30,2.150588235294118,2010-12-09 14:10:00,2011-11-03 11:34:00,328,£0-100,3-4 orders
17817,387.68,3,67,11.747878787878788,2011-03-07 17:30:00,2011-12-05 14:39:00,272,£100-500,3-4 orders
17819,3704.87,7,1031,77.18479166666667,2010-12-03 14:26:00,2011-09-29 10:52:00,299,£1k-5k,5-9 orders
17824,298.4,1,408,22.95384615384615,2011-10-19 14:14:00,2011-10-19 14:14:00,0,£100-500,1 order
17827,1995.46,5,1247,9.070272727272727,2010-12-10 10:18:00,2011-12-04 15:00:00,359,£1k-5k,5-9 orders
17828,1820.09,4,667,27.1655223880597,2011-06-08 08:31:00,2011-11-17 08:41:00,162,£1k-5k,3-4 orders
17829,889.24,1,496,29.641333333333332,2011-02-14 12:46:00,2011-02-14 12:46:00,0,£500-1k,1 order
17830,398.7,3,92,17.33478260869565,2011-02-24 10:15:00,2011-12-08 12:28:00,287,£100-500,3-4 orders
17831,35.400000000000006,1,12,17.700000000000003,2011-11-06 15:09:00,2011-11-06 15:09:00,0,£0-100,1 order
17832,155.37,1,208,2.547049180327869,2011-10-21 11:43:00,2011-10-21 11:43:00,0,£100-500,1 order
17835,350.64,3,348,5.7481967213114755,2011-11-16 16:30:00,2011-12-07 11:48:00,20,£100-500,3-4 orders
17836,110.21000000000001,1,88,4.592083333333334,2011-10-23 16:13:00,2011-10-23 16:13:00,0,£100-500,1 order
17837,1593.38,8,518,9.42828402366864,2011-06-29 16:44:00,2011-10-28 16:13:00,120,£1k-5k,5-9 orders
17838,2779.3,5,1879,22.969421487603306,2010-12-02 15:55:00,2011-11-13 11:20:00,345,£1k-5k,5-9 orders
17839,338.8,1,285,6.05,2011-10-28 17:27:00,2011-10-28 17:27:00,0,£100-500,1 order
17841,40991.57,124,23071,5.223852427679368,2010-12-01 14:41:00,2011-12-08 12:07:00,371,£10k+,20+ orders
17843,205.48,1,113,5.553513513513513,2011-02-09 15:33:00,2011-02-09 15:33:00,0,£100-500,1 order
17844,51.559999999999995,1,52,10.312,2011-08-25 11:27:00,2011-08-25 11:27:00,0,£0-100,1 order
17846,2033.1,1,1,2033.1,2011-09-15 15:20:00,2011-09-15 15:20:00,0,£1k-5k,1 order
17848,901.1999999999999,9,398,17.670588235294115,2010-12-16 18:38:00,2011-09-19 16:49:00,276,£500-1k,5-9 orders
17849,605.8000000000001,4,114,23.300000000000004,2011-01-10 11:59:00,2011-05-05 13:46:00,115,£500-1k,3-4 orders
17850,5391.21,34,1733,18.15222222222222,2010-12-01 08:26:00,2010-12-02 15:27:00,1,£5k-10k,20+ orders
17852,114.34,2,53,4.764166666666667,2011-11-28 12:31:00,2011-11-28 12:36:00,0,£100-500,2 orders
17854,311.26,2,84,20.750666666666667,2011-04-26 16:53:00,2011-06-07 16:21:00,41,£100-500,2 orders
17855,208.97,1,197,12.292352941176471,2010-12-02 09:44:00,2010-12-02 09:44:00,0,£100-500,1 order
17856,1418.03,4,842,94.53533333333333,2011-03-03 11:40:00,2011-12-08 09:40:00,279,£1k-5k,3-4 orders
17857,26879.04,23,19256,497.76,2010-12-09 11:35:00,2011-12-05 13:13:00,361,£10k+,20+ orders
17858,5155.66,12,2706,25.9078391959799,2010-12-05 13:08:00,2011-12-04 11:56:00,363,£5k-10k,10-19 orders
17859,148.21,1,127,5.9284,2011-02-08 10:32:00,2011-02-08 10:32:00,0,£100-500,1 order
17860,252.8,1,104,4.358620689655172,2010-12-06 12:41:00,2010-12-06 12:41:00,0,£100-500,1 order
17861,2100.8,8,1988,9.463063063063064,2011-01-24 11:34:00,2011-12-06 16:21:00,316,£1k-5k,5-9 orders
17862,330.9,1,100,30.08181818181818,2011-01-20 12:23:00,2011-01-20 12:23:00,0,£100-500,1 order
17863,3160.0,6,2638,21.35135135135135,2010-12-05 13:21:00,2011-10-11 13:45:00,310,£1k-5k,5-9 orders
17864,597.5,3,810,5.857843137254902,2011-03-09 11:44:00,2011-11-27 11:15:00,262,£500-1k,3-4 orders
17865,10526.32,20,5757,28.449513513513512,2010-12-10 14:53:00,2011-11-09 12:08:00,333,£10k+,20+ orders
17866,329.65,1,174,36.62777777777777,2011-07-20 11:07:00,2011-07-20 11:07:00,0,£100-500,1 order
17867,1197.1000000000001,6,542,15.153164556962027,2011-02-24 12:25:00,2011-11-09 14:15:00,258,£1k-5k,5-9 orders
17869,428.18,5,111,10.7045,2010-12-06 17:16:00,2011-08-24 16:16:00,260,£100-500,5-9 orders
17870,1894.35,12,1401,6.7897849462365585,2010-12-08 08:12:00,2011-12-07 15:07:00,364,£1k-5k,10-19 orders
17871,155.9,1,182,15.59,2011-05-19 11:32:00,2011-05-19 11:32:00,0,£100-500,1 order
17873,1859.16,5,1047,42.25363636363637,2010-12-01 14:54:00,2011-09-20 16:41:00,293,£1k-5k,5-9 orders
17874,683.46,6,221,14.857826086956523,2011-03-29 11:25:00,2011-06-07 12:54:00,70,£500-1k,5-9 orders
17877,237.61,1,98,19.800833333333333,2011-06-22 13:00:00,2011-06-22 13:00:00,0,£100-500,1 order
17878,379.45,1,401,14.59423076923077,2011-10-27 11:24:00,2011-10-27 11:24:00,0,£100-500,1 order
17879,178.51999999999998,1,45,29.75333333333333,2011-06-19 12:36:00,2011-06-19 12:36:00,0,£100-500,1 order
17880,458.92,1,314,17.65076923076923,2010-12-10 10:21:00,2010-12-10 10:21:00,0,£100-500,1 order
17881,133.35000000000002,1,32,16.668750000000003,2011-02-08 17:16:00,2011-02-08 17:16:00,0,£100-500,1 order
17883,671.77,4,379,4.632896551724138,2011-04-07 19:16:00,2011-12-06 17:49:00,242,£500-1k,3-4 orders
17884,717.45,4,854,6.1320512820512825,2010-12-03 12:11:00,2011-12-06 11:33:00,367,£500-1k,3-4 orders
17885,190.19,1,167,2.97171875,2011-11-27 14:40:00,2011-11-27 14:40:00,0,£100-500,1 order
17886,899.61,3,481,8.253302752293578,2011-04-04 12:34:00,2011-11-08 10:09:00,217,£500-1k,3-4 orders
17887,111.35,1,30,11.135,2011-08-02 17:29:00,2011-08-02 17:29:00,0,£100-500,1 order
17888,726.05,8,980,10.836567164179105,2010-12-17 13:56:00,2011-11-18 13:45:00,335,£500-1k,5-9 orders
17889,203.87,2,79,9.708095238095238,2011-01-21 17:14:00,2011-05-11 16:26:00,109,£100-500,2 orders
17890,602.09,2,416,6.405212765957447,2010-12-13 15:12:00,2011-01-21 11:19:00,38,£500-1k,2 orders
17891,203.85999999999999,1,393,5.995882352941176,2011-06-30 20:08:00,2011-06-30 20:08:00,0,£100-500,1 order
17892,244.1,3,109,8.717857142857143,2011-07-07 12:56:00,2011-10-14 16:49:00,99,£100-500,3-4 orders
17893,112.25,1,161,7.015625,2011-04-28 13:50:00,2011-04-28 13:50:00,0,£100-500,1 order
17894,1119.81,8,405,5.802124352331606,2010-12-08 14:50:00,2011-09-29 09:23:00,294,£1k-5k,5-9 orders
17895,98.0,1,130,6.125,2011-10-26 17:00:00,2011-10-26 17:00:00,0,£0-100,1 order
17896,256.32,1,288,128.16,2011-11-16 13:59:00,2011-11-16 13:59:00,0,£100-500,1 order
17897,566.6,3,229,4.970175438596492,2010-12-01 12:31:00,2011-06-20 11:23:00,200,£500-1k,3-4 orders
17898,152.06,2,190,5.430714285714286,2011-05-16 17:13:00,2011-09-15 14:56:00,121,£100-500,2 orders
17899,155.8,1,171,4.86875,2011-07-03 14:58:00,2011-07-03 14:58:00,0,£100-500,1 order
17900,112.19999999999999,2,73,18.7,2011-06-02 14:28:00,2011-06-02 14:38:00,0,£100-500,2 orders
17901,110.38,1,24,5.809473684210526,2011-11-10 17:29:00,2011-11-10 17:29:00,0,£100-500,1 order
17904,191.67,1,63,5.043947368421052,2011-11-18 12:57:00,2011-11-18 12:57:00,0,£100-500,1 order
17905,800.24,4,407,23.536470588235293,2010-12-01 13:21:00,2011-09-29 17:33:00,302,£500-1k,3-4 orders
17906,72.9,1,26,6.075,2011-04-06 17:25:00,2011-04-06 17:25:00,0,£0-100,1 order
17908,243.28,1,173,4.19448275862069,2010-12-01 11:45:00,2010-12-01 11:45:00,0,£100-500,1 order
17911,366.23,1,223,9.390512820512821,2011-11-30 14:52:00,2011-11-30 14:52:00,0,£100-500,1 order
17912,311.01,5,185,8.184473684210525,2010-12-10 11:11:00,2011-02-02 14:25:00,54,£100-500,5-9 orders
17913,411.6,2,289,6.976271186440679,2010-12-19 11:35:00,2011-10-12 10:45:00,296,£100-500,2 orders
17914,336.43,1,473,4.205375,2011-12-06 11:58:00,2011-12-06 11:58:00,0,£100-500,1 order
17917,341.28,3,187,3.63063829787234,2010-12-12 12:08:00,2011-10-25 13:20:00,317,£100-500,3-4 orders
17919,1304.04,1,756,56.697391304347825,2011-09-12 13:41:00,2011-09-12 13:41:00,0,£1k-5k,1 order
17920,4204.1,17,2516,6.040373563218392,2010-12-01 11:49:00,2011-12-05 14:29:00,369,£1k-5k,10-19 orders
17921,826.52,4,430,5.700137931034483,2011-03-18 13:19:00,2011-10-06 18:56:00,202,£500-1k,3-4 orders
17923,207.50000000000003,1,50,207.50000000000003,2011-03-02 15:15:00,2011-03-02 15:15:00,0,£100-500,1 order
17924,2962.5,7,1160,95.56451612903226,2010-12-01 10:51:00,2011-11-28 09:11:00,361,£1k-5k,5-9 orders
17925,244.08,1,72,244.08,2010-12-02 10:10:00,2010-12-02 10:10:00,0,£100-500,1 order
17926,397.29,2,306,18.91857142857143,2011-05-20 09:24:00,2011-07-29 14:39:00,70,£100-500,2 orders
17928,212.54,2,140,9.240869565217391,2011-04-07 18:03:00,2011-10-25 13:52:00,200,£100-500,2 orders
17929,843.0,4,108,168.6,2011-02-04 11:40:00,2011-11-28 16:01:00,297,£500-1k,3-4 orders
17930,1740.48,5,1594,44.62769230769231,2011-04-14 15:46:00,2011-11-04 10:23:00,203,£1k-5k,5-9 orders
17931,408.36,2,249,6.282461538461539,2011-03-29 12:31:00,2011-07-28 18:33:00,121,£100-500,2 orders
17932,1331.57,3,789,14.795222222222222,2011-05-12 13:58:00,2011-11-10 19:49:00,182,£1k-5k,3-4 orders
17934,704.25,2,478,33.535714285714285,2011-10-12 10:50:00,2011-10-19 11:16:00,7,£500-1k,2 orders
17935,145.79,2,82,5.027241379310345,2011-07-21 11:23:00,2011-07-24 13:18:00,3,£100-500,2 orders
17936,389.84,1,262,5.062857142857142,2011-12-04 13:32:00,2011-12-04 13:32:00,0,£100-500,1 order
17937,4301.22,7,1754,100.02837209302326,2010-12-12 14:43:00,2011-12-01 11:45:00,353,£1k-5k,5-9 orders
17939,99.14,1,40,8.261666666666667,2011-07-03 12:27:00,2011-07-03 12:27:00,0,£0-100,1 order
17940,4106.4400000000005,10,9755,216.1284210526316,2011-02-10 09:29:00,2011-10-21 13:27:00,253,£1k-5k,10-19 orders
17941,304.56,1,252,152.28,2011-08-01 08:30:00,2011-08-01 08:30:00,0,£100-500,1 order
17942,77.50000000000001,1,38,38.75000000000001,2011-12-02 10:45:00,2011-12-02 10:45:00,0,£0-100,1 order
17946,149.57999999999998,2,75,7.478999999999999,2011-03-25 14:34:00,2011-04-20 17:00:00,26,£100-500,2 orders
17947,176.68,1,168,19.63111111111111,2011-11-02 13:05:00,2011-11-02 13:05:00,0,£100-500,1 order
17948,358.56000000000006,1,144,358.56000000000006,2011-07-15 12:58:00,2011-07-15 12:58:00,0,£100-500,1 order
17949,58510.48,45,30546,835.864,2010-12-03 13:12:00,2011-12-08 18:46:00,370,£10k+,20+ orders
17950,482.2,3,366,6.791549295774648,2010-12-09 15:16:00,2011-09-28 15:18:00,293,£100-500,3-4 orders
17951,1008.5400000000001,3,616,50.42700000000001,2010-12-01 12:40:00,2011-10-31 12:30:00,333,£1k-5k,3-4 orders
17954,2332.72,12,2234,4.809731958762886,2010-12-03 14:18:00,2011-12-04 14:15:00,365,£1k-5k,10-19 orders
17955,557.3,4,273,29.331578947368417,2011-05-04 12:29:00,2011-05-25 12:00:00,20,£500-1k,3-4 orders
17956,12.75,1,1,12.75,2011-04-04 13:47:00,2011-04-04 13:47:00,0,£0-100,1 order
17957,111.68,1,287,3.6025806451612907,2011-10-04 14:58:00,2011-10-04 14:58:00,0,£100-500,1 order
17958,508.4599999999999,1,84,72.63714285714285,2011-08-15 12:19:00,2011-08-15 12:19:00,0,£500-1k,1 order
17960,73.78,1,41,2.8376923076923077,2011-06-21 14:15:00,2011-06-21 14:15:00,0,£0-100,1 order
17961,1296.44,39,560,5.206586345381527,2010-12-02 19:18:00,2011-11-18 16:55:00,350,£1k-5k,20+ orders
17962,102.83,1,128,2.938,2011-07-20 14:16:00,2011-07-20 14:16:00,0,£100-500,1 order
17964,471.7,2,301,4.535576923076923,2010-12-02 13:32:00,2011-11-08 10:44:00,340,£100-500,2 orders
17965,2622.57,14,1556,7.971337386018238,2010-12-05 15:54:00,2011-11-02 09:31:00,331,£1k-5k,10-19 orders
17966,1098.43,5,2571,16.15338235294118,2011-03-23 17:25:00,2011-11-02 10:26:00,223,£1k-5k,5-9 orders
17967,123.07,1,80,2.5639583333333333,2010-12-03 11:19:00,2010-12-03 11:19:00,0,£100-500,1 order
17968,277.35,1,160,3.2629411764705885,2010-12-01 12:23:00,2010-12-01 12:23:00,0,£100-500,1 order
17969,228.2,2,152,16.3,2010-12-13 15:34:00,2011-06-26 13:00:00,194,£100-500,2 orders
17970,582.59,1,525,18.793225806451613,2011-05-12 20:03:00,2011-05-12 20:03:00,0,£500-1k,1 order
17972,136.04,1,37,4.388387096774193,2011-04-12 12:16:00,2011-04-12 12:16:00,0,£100-500,1 order
17973,337.04,1,176,22.469333333333335,2011-10-19 10:34:00,2011-10-19 10:34:00,0,£100-500,1 order
17974,740.79,3,519,4.138491620111732,2011-05-04 11:50:00,2011-11-15 11:37:00,194,£500-1k,3-4 orders
17975,4488.81,13,1568,15.16489864864865,2010-12-08 11:38:00,2011-11-24 13:27:00,351,£1k-5k,10-19 orders
17976,353.19,1,106,5.433692307692308,2010-12-02 13:49:00,2010-12-02 13:49:00,0,£100-500,1 order
17977,288.14,1,342,13.72095238095238,2011-11-10 13:28:00,2011-11-10 13:28:00,0,£100-500,1 order
17978,300.91999999999996,1,499,25.076666666666664,2010-12-09 14:05:00,2010-12-09 14:05:00,0,£100-500,1 order
17979,757.71,4,397,5.189794520547945,2011-03-25 11:34:00,2011-11-04 12:05:00,224,£500-1k,3-4 orders
17980,811.45,3,682,27.048333333333336,2010-12-15 15:50:00,2011-06-27 12:01:00,193,£500-1k,3-4 orders
17984,152.68,1,98,3.1808333333333336,2011-07-17 15:59:00,2011-07-17 15:59:00,0,£100-500,1 order
17985,634.95,1,183,27.606521739130436,2011-11-17 14:24:00,2011-11-17 14:24:00,0,£500-1k,1 order
17986,20.8,1,10,20.8,2011-10-14 14:22:00,2011-10-14 14:22:00,0,£0-100,1 order
17987,198.57,1,261,15.274615384615384,2011-06-07 14:22:00,2011-06-07 14:22:00,0,£100-500,1 order
17988,201.12,7,43,5.292631578947368,2011-01-17 11:59:00,2011-11-28 11:00:00,314,£100-500,5-9 orders
17990,630.84,3,414,21.753103448275862,2010-12-13 12:10:00,2011-04-17 11:44:00,124,£500-1k,3-4 orders
17991,93.35,2,25,18.669999999999998,2011-04-27 16:39:00,2011-04-28 15:58:00,0,£0-100,2 orders
17994,678.49,4,497,8.37641975308642,2011-02-22 11:02:00,2011-08-10 11:41:00,169,£500-1k,3-4 orders
17995,76.1,1,133,38.05,2011-03-03 12:30:00,2011-03-03 12:30:00,0,£0-100,1 order
17997,1970.6699999999998,8,2298,11.871506024096385,2011-06-28 17:28:00,2011-09-26 16:13:00,89,£1k-5k,5-9 orders
17999,382.06,2,221,4.108172043010753,2010-12-08 15:17:00,2011-11-02 15:56:00,329,£100-500,2 orders
18001,417.23,2,363,7.193620689655173,2011-09-14 11:21:00,2011-11-27 16:02:00,74,£100-500,2 orders
18004,169.47,1,78,4.23675,2010-12-12 13:47:00,2010-12-12 13:47:00,0,£100-500,1 order
18005,249.72,2,93,4.162,2011-10-23 14:40:00,2011-12-06 11:51:00,43,£100-500,2 orders
18006,444.68,1,220,20.212727272727275,2011-11-16 16:52:00,2011-11-16 16:52:00,0,£100-500,1 order
18008,2116.19,9,1581,70.53966666666666,2011-01-25 12:26:00,2011-09-30 15:17:00,248,£1k-5k,5-9 orders
18009,257.34,1,126,8.041875,2011-04-18 13:36:00,2011-04-18 13:36:00,0,£100-500,1 order
18010,174.8,1,60,12.485714285714286,2011-03-28 12:27:00,2011-03-28 12:27:00,0,£100-500,1 order
18011,102.78999999999999,1,71,3.671071428571428,2010-12-01 17:35:00,2010-12-01 17:35:00,0,£100-500,1 order
18013,187.29,2,285,6.041612903225806,2011-07-07 14:08:00,2011-07-07 14:11:00,0,£100-500,2 orders
18014,166.42,1,68,5.200625,2011-11-11 15:28:00,2011-11-11 15:28:00,0,£100-500,1 order
18015,120.03,1,157,2.6093478260869567,2011-12-05 14:49:00,2011-12-05 14:49:00,0,£100-500,1 order
18016,1483.56,5,1029,12.061463414634146,2010-12-10 17:14:00,2011-11-07 13:25:00,331,£1k-5k,5-9 orders
18017,523.0,3,300,174.33333333333334,2011-02-02 13:57:00,2011-09-19 16:15:00,229,£500-1k,3-4 orders
18018,122.14,2,55,4.211724137931035,2011-05-24 13:22:00,2011-08-23 17:37:00,91,£100-500,2 orders
18019,38.45,1,7,7.69,2011-10-19 12:10:00,2011-10-19 12:10:00,0,£0-100,1 order
18022,668.11,1,736,3.497958115183246,2011-11-04 12:45:00,2011-11-04 12:45:00,0,£500-1k,1 order
18024,389.78,2,184,18.56095238095238,2011-07-10 12:28:00,2011-07-10 12:40:00,0,£100-500,2 orders
18027,115.31,1,78,5.490952380952381,2011-09-02 10:38:00,2011-09-02 10:38:00,0,£100-500,1 order
18030,230.64999999999998,2,67,25.627777777777776,2011-10-28 13:55:00,2011-12-05 16:37:00,38,£100-500,2 orders
18032,73.5,1,42,14.7,2011-01-09 15:32:00,2011-01-09 15:32:00,0,£0-100,1 order
18033,97.97,1,253,2.881470588235294,2011-10-05 17:28:00,2011-10-05 17:28:00,0,£0-100,1 order
18034,422.88,2,561,3.775714285714286,2011-11-18 12:08:00,2011-11-18 12:22:00,0,£100-500,2 orders
18035,730.4,3,611,13.781132075471698,2011-10-27 17:48:00,2011-11-04 12:39:00,7,£500-1k,3-4 orders
18036,405.62,3,234,4.225208333333334,2011-04-08 11:26:00,2011-11-07 14:40:00,213,£100-500,3-4 orders
18037,70.02,6,20,3.685263157894737,2010-12-12 16:20:00,2011-07-08 13:39:00,207,£0-100,5-9 orders
18040,357.20000000000005,2,148,18.8,2011-04-08 08:27:00,2011-11-20 14:20:00,226,£100-500,2 orders
18041,4183.39,21,3819,8.863114406779662,2010-12-02 11:21:00,2011-11-28 11:39:00,361,£1k-5k,20+ orders
18042,165.04999999999998,1,33,23.578571428571426,2011-10-17 11:49:00,2011-10-17 11:49:00,0,£100-500,1 order
18043,559.51,3,282,4.624049586776859,2010-12-08 12:35:00,2011-11-15 12:48:00,342,£500-1k,3-4 orders
18044,2088.6,10,1033,16.445669291338582,2010-12-14 12:25:00,2011-12-05 14:26:00,356,£1k-5k,10-19 orders
18045,189.4,1,142,4.029787234042553,2011-10-25 13:07:00,2011-10-25 13:07:00,0,£100-500,1 order
18048,172.29000000000002,2,127,24.612857142857145,2011-05-20 14:54:00,2011-05-20 14:58:00,0,£100-500,2 orders
18050,74.4,1,40,14.88,2010-12-15 14:25:00,2010-12-15 14:25:00,0,£0-100,1 order
18053,300.02,1,302,15.001,2011-09-30 09:05:00,2011-09-30 09:05:00,0,£100-500,1 order
18055,6784.1900000000005,10,2455,18.844972222222225,2010-12-05 10:52:00,2011-12-02 14:25:00,362,£5k-10k,10-19 orders
18056,363.65,1,211,19.139473684210525,2011-02-24 14:27:00,2011-02-24 14:27:00,0,£100-500,1 order
18058,170.16,1,88,56.72,2011-11-30 08:38:00,2011-11-30 08:38:00,0,£100-500,1 order
18059,306.46,3,258,17.025555555555556,2011-10-03 09:30:00,2011-11-16 16:49:00,44,£100-500,3-4 orders
18061,2119.41,10,955,46.0741304347826,2010-12-08 13:03:00,2011-11-18 11:20:00,344,£1k-5k,10-19 orders
18062,720.52,3,396,26.685925925925925,2011-01-06 10:03:00,2011-06-19 14:47:00,164,£500-1k,3-4 orders
18064,814.0,2,384,116.28571428571429,2011-04-18 15:08:00,2011-07-29 16:39:00,102,£500-1k,2 orders
18065,2392.83,14,1027,17.465912408759124,2010-12-10 12:44:00,2011-12-04 10:30:00,358,£1k-5k,10-19 orders
18066,318.0,1,108,31.8,2011-09-25 15:30:00,2011-09-25 15:30:00,0,£100-500,1 order
18067,396.33,1,189,10.711621621621621,2011-10-30 15:58:00,2011-10-30 15:58:00,0,£100-500,1 order
18068,101.69999999999999,1,6,101.69999999999999,2011-02-23 14:50:00,2011-02-23 14:50:00,0,£100-500,1 order
18069,2036.67,5,1311,4.333340425531915,2011-01-16 15:50:00,2011-11-13 16:03:00,301,£1k-5k,5-9 orders
18071,453.0,2,260,18.12,2010-12-09 10:33:00,2011-03-27 11:59:00,108,£100-500,2 orders
18072,247.44,1,288,13.746666666666666,2011-06-07 10:44:00,2011-06-07 10:44:00,0,£100-500,1 order
18073,3877.5200000000004,12,3108,53.11671232876713,2011-05-26 19:38:00,2011-08-17 14:02:00,82,£1k-5k,10-19 orders
18074,489.6,1,190,37.66153846153846,2010-12-01 09:53:00,2010-12-01 09:53:00,0,£100-500,1 order
18075,2611.75,10,1464,18.392605633802816,2010-12-14 10:48:00,2011-11-16 15:21:00,337,£1k-5k,10-19 orders
18077,2633.0099999999998,11,1878,11.599162995594712,2010-12-08 10:21:00,2011-12-01 13:32:00,358,£1k-5k,10-19 orders
18078,336.13,2,145,11.590689655172413,2011-03-25 15:08:00,2011-05-06 14:32:00,41,£100-500,2 orders
18079,3651.97,4,7432,28.75566929133858,2011-04-15 12:14:00,2011-10-25 15:27:00,193,£1k-5k,3-4 orders
18080,1231.5,2,642,615.75,2011-04-11 10:10:00,2011-11-21 08:02:00,223,£1k-5k,2 orders
18081,343.45,3,195,20.20294117647059,2011-07-29 11:56:00,2011-11-03 16:30:00,97,£100-500,3-4 orders
18082,703.37,1,621,9.635205479452054,2011-11-14 12:45:00,2011-11-14 12:45:00,0,£500-1k,1 order
18084,90.47999999999999,1,312,90.47999999999999,2011-11-23 13:57:00,2011-11-23 13:57:00,0,£0-100,1 order
18085,689.95,2,265,23.79137931034483,2010-12-01 12:08:00,2011-01-13 15:17:00,43,£500-1k,2 orders
18086,101.34,1,106,14.477142857142857,2011-03-10 13:34:00,2011-03-10 13:34:00,0,£100-500,1 order
18087,4055.7199999999993,2,3907,2027.8599999999997,2011-02-22 10:43:00,2011-09-02 15:12:00,192,£1k-5k,2 orders
18088,167.67000000000002,1,109,4.299230769230769,2011-10-09 13:41:00,2011-10-09 13:41:00,0,£100-500,1 order
18092,9068.26,11,4252,101.89056179775281,2010-12-09 10:00:00,2011-12-07 13:14:00,363,£5k-10k,10-19 orders
18093,2106.52,4,1392,58.51444444444444,2011-02-10 12:15:00,2011-09-07 15:43:00,209,£1k-5k,3-4 orders
18094,3017.3,7,2518,43.104285714285716,2011-02-21 08:50:00,2011-09-19 09:28:00,210,£1k-5k,5-9 orders
18095,580.0500000000001,2,419,27.621428571428574,2011-01-11 12:37:00,2011-01-31 12:50:00,20,£500-1k,2 orders
18096,911.15,3,825,4.277699530516432,2011-10-07 11:55:00,2011-11-28 12:44:00,52,£500-1k,3-4 orders
18097,2697.8,6,1686,24.97962962962963,2010-12-20 14:49:00,2011-12-02 11:16:00,346,£1k-5k,5-9 orders
18099,168.31,1,149,8.858421052631579,2011-08-04 15:52:00,2011-08-04 15:52:00,0,£100-500,1 order
18101,223.65,2,88,5.454878048780488,2011-07-19 13:05:00,2011-11-28 13:37:00,132,£100-500,2 orders
18102,259657.3,60,64124,602.45313225058,2010-12-07 16:42:00,2011-12-09 11:50:00,366,£10k+,20+ orders
18104,754.64,1,362,19.858947368421052,2011-11-02 14:07:00,2011-11-02 14:07:00,0,£500-1k,1 order
18105,113.48000000000002,1,46,6.304444444444446,2011-11-02 12:04:00,2011-11-02 12:04:00,0,£100-500,1 order
18106,430.7,1,128,11.043589743589743,2011-01-14 12:23:00,2011-01-14 12:23:00,0,£100-500,1 order
18108,271.0,1,84,15.941176470588236,2011-03-30 13:56:00,2011-03-30 13:56:00,0,£100-500,1 order
18109,8052.97,26,4237,18.13731981981982,2010-12-05 10:58:00,2011-12-08 11:36:00,368,£5k-10k,20+ orders
18110,236.3,1,86,5.136956521739131,2011-11-20 12:34:00,2011-11-20 12:34:00,0,£100-500,1 order
18112,352.69,2,255,13.565,2011-06-26 13:56:00,2011-11-27 14:43:00,154,£100-500,2 orders
18113,76.32000000000001,1,72,76.32000000000001,2010-12-06 12:31:00,2010-12-06 12:31:00,0,£0-100,1 order
18114,220.1,1,55,7.860714285714286,2011-02-22 13:20:00,2011-02-22 13:20:00,0,£100-500,1 order
18116,1418.03,8,848,3.7514021164021165,2010-12-10 12:14:00,2011-10-03 11:00:00,296,£1k-5k,5-9 orders
18117,320.72,1,618,4.334054054054055,2011-11-14 12:47:00,2011-11-14 12:47:00,0,£100-500,1 order
18118,5653.82,26,2882,4.420500390930414,2010-12-05 12:13:00,2011-11-29 11:32:00,358,£5k-10k,20+ orders
18119,181.12,1,125,6.037333333333334,2010-12-07 11:59:00,2010-12-07 11:59:00,0,£100-500,1 order
18120,111.15,1,31,6.538235294117648,2011-05-09 13:45:00,2011-05-09 13:45:00,0,£100-500,1 order
18121,673.1,2,450,21.034375,2011-07-08 12:14:00,2011-07-13 12:53:00,5,£500-1k,2 orders
18122,1826.21,6,1234,5.0170604395604395,2011-07-12 11:37:00,2011-12-01 13:08:00,142,£1k-5k,5-9 orders
18123,589.4399999999999,2,594,16.37333333333333,2011-11-08 13:31:00,2011-11-15 14:23:00,7,£500-1k,2 orders
18125,1142.99,4,804,5.831581632653061,2011-01-27 15:02:00,2011-11-10 12:29:00,286,£1k-5k,3-4 orders
18126,206.82999999999998,1,144,3.693392857142857,2011-10-10 12:19:00,2011-10-10 12:19:00,0,£100-500,1 order
18127,348.73,3,188,7.419787234042554,2011-07-29 10:06:00,2011-11-20 14:05:00,114,£100-500,3-4 orders
18129,112.55000000000001,1,48,8.039285714285715,2011-04-10 14:16:00,2011-04-10 14:16:00,0,£100-500,1 order
18130,1059.39,3,824,15.134142857142859,2011-10-13 15:58:00,2011-11-24 14:40:00,41,£1k-5k,3-4 orders
18133,931.4999999999999,1,1350,931.4999999999999,2011-05-11 14:14:00,2011-05-11 14:14:00,0,£500-1k,1 order
18135,681.9100000000001,5,349,34.0955,2011-06-02 14:04:00,2011-11-10 19:32:00,161,£500-1k,5-9 orders
18136,784.33,3,379,20.640263157894736,2011-01-24 12:08:00,2011-10-07 15:40:00,256,£500-1k,3-4 orders
18138,152.65,1,38,19.08125,2011-02-17 14:51:00,2011-02-17 14:51:00,0,£100-500,1 order
18139,8438.34,6,5557,53.07132075471698,2011-11-21 14:06:00,2011-11-22 10:44:00,0,£5k-10k,5-9 orders
18142,1019.52,2,1276,67.968,2011-05-08 12:31:00,2011-07-05 13:19:00,58,£1k-5k,2 orders
18143,1000.16,2,570,16.396065573770493,2011-07-21 10:44:00,2011-08-15 12:07:00,25,£1k-5k,2 orders
18144,2888.75,12,1343,67.18023255813954,2010-12-01 13:45:00,2011-12-02 12:46:00,365,£1k-5k,10-19 orders
18145,2861.55,4,2625,12.94819004524887,2011-01-31 12:10:00,2011-11-27 11:22:00,299,£1k-5k,3-4 orders
18146,160.35000000000002,2,153,16.035000000000004,2011-05-03 16:35:00,2011-07-22 12:08:00,79,£100-500,2 orders
18147,179.33999999999997,2,203,25.619999999999997,2011-08-23 12:22:00,2011-10-25 11:46:00,62,£100-500,2 orders
18149,612.0799999999999,3,310,38.254999999999995,2011-03-11 12:44:00,2011-10-20 12:04:00,222,£500-1k,3-4 orders
18150,566.58,3,332,15.312972972972974,2011-05-22 10:47:00,2011-11-07 16:49:00,169,£500-1k,3-4 orders
18151,653.35,2,355,17.193421052631578,2011-02-23 08:29:00,2011-07-28 11:35:00,155,£500-1k,2 orders
18154,399.19,2,255,19.009047619047617,2011-10-27 10:40:00,2011-12-06 16:41:00,40,£100-500,2 orders
18155,371.62,3,266,14.8648,2011-02-21 10:36:00,2011-09-25 13:32:00,216,£100-500,3-4 orders
18156,734.94,2,301,5.2495714285714286,2010-12-05 12:29:00,2011-11-27 12:24:00,356,£500-1k,2 orders
18158,453.4,2,354,13.335294117647058,2011-09-12 09:03:00,2011-11-30 16:19:00,79,£100-500,2 orders
18159,530.15,1,139,23.05,2011-02-11 14:26:00,2011-02-11 14:26:00,0,£500-1k,1 order
18160,638.0600000000001,2,294,16.36051282051282,2011-05-23 13:41:00,2011-10-13 15:50:00,143,£500-1k,2 orders
18161,1618.69,5,812,20.233625,2011-01-24 11:56:00,2011-11-24 16:40:00,304,£1k-5k,5-9 orders
18164,399.65000000000003,1,184,16.652083333333334,2011-11-02 12:56:00,2011-11-02 12:56:00,0,£100-500,1 order
18165,302.46000000000004,1,254,30.246000000000002,2011-06-15 13:23:00,2011-06-15 13:23:00,0,£100-500,1 order
18167,1384.8600000000001,3,382,37.428648648648654,2011-08-26 11:40:00,2011-11-16 15:56:00,82,£1k-5k,3-4 orders
18168,1169.94,6,594,8.93083969465649,2010-12-02 18:08:00,2011-06-16 19:21:00,196,£1k-5k,5-9 orders
18169,202.65,1,61,22.516666666666666,2011-10-10 12:18:00,2011-10-10 12:18:00,0,£100-500,1 order
18170,980.31,3,409,25.797631578947367,2011-05-06 15:13:00,2011-11-06 14:35:00,183,£500-1k,3-4 orders
18171,1231.31,5,481,22.802037037037035,2011-01-10 09:55:00,2011-10-12 09:13:00,274,£1k-5k,5-9 orders
18172,7561.68,20,3184,40.00888888888889,2011-02-23 10:44:00,2011-11-25 11:12:00,275,£5k-10k,20+ orders
18173,2106.84,4,1220,67.9625806451613,2011-03-10 11:56:00,2011-09-14 11:26:00,187,£1k-5k,3-4 orders
18174,104.0,1,50,104.0,2011-12-02 16:56:00,2011-12-02 16:56:00,0,£100-500,1 order
18176,476.35,1,283,15.878333333333334,2010-12-16 15:45:00,2010-12-16 15:45:00,0,£100-500,1 order
18177,1341.42,6,710,18.127297297297297,2011-03-29 08:46:00,2011-11-08 14:44:00,224,£1k-5k,5-9 orders
18178,1590.81,4,983,16.400103092783503,2010-12-10 12:42:00,2011-08-03 09:30:00,235,£1k-5k,3-4 orders
18179,1793.17,6,1360,19.924111111111113,2011-01-07 14:22:00,2011-11-30 16:23:00,327,£1k-5k,5-9 orders
18180,1843.75,6,1721,15.493697478991596,2011-07-20 08:59:00,2011-12-05 08:39:00,137,£1k-5k,5-9 orders
18181,382.8,1,146,8.700000000000001,2011-11-15 15:08:00,2011-11-15 15:08:00,0,£100-500,1 order
18183,632.07,2,371,17.082972972972975,2011-03-10 10:08:00,2011-04-26 15:26:00,47,£500-1k,2 orders
18184,49.8,1,60,49.8,2011-11-24 15:28:00,2011-11-24 15:28:00,0,£0-100,1 order
18185,304.25,1,183,17.897058823529413,2011-04-04 13:42:00,2011-04-04 13:42:00,0,£100-500,1 order
18188,2001.04,3,1168,28.183661971830986,2011-02-22 14:43:00,2011-11-24 16:46:00,275,£1k-5k,3-4 orders
18189,1090.24,2,566,16.032941176470587,2011-03-17 09:49:00,2011-09-23 12:40:00,190,£1k-5k,2 orders
18190,284.46000000000004,2,140,18.964000000000002,2011-01-13 10:35:00,2011-05-31 14:48:00,138,£100-500,2 orders
18191,207.79999999999998,1,140,29.685714285714283,2011-03-23 12:08:00,2011-03-23 12:08:00,0,£100-500,1 order
18192,957.97,1,339,21.288222222222224,2011-09-29 09:53:00,2011-09-29 09:53:00,0,£500-1k,1 order
18193,243.76,1,124,15.235,2011-06-27 13:58:00,2011-06-27 13:58:00,0,£100-500,1 order
18194,973.8399999999999,1,632,139.11999999999998,2011-09-18 13:29:00,2011-09-18 13:29:00,0,£500-1k,1 order
18196,689.13,2,433,4.887446808510639,2011-02-22 16:13:00,2011-09-05 16:22:00,195,£500-1k,2 orders
18198,5425.56,17,4074,34.12301886792453,2011-01-07 13:39:00,2011-12-05 14:49:00,332,£5k-10k,10-19 orders
18200,163.8,1,111,5.11875,2011-08-25 18:45:00,2011-08-25 18:45:00,0,£100-500,1 order
18202,1396.99,3,581,20.543970588235293,2011-02-01 13:36:00,2011-05-24 12:12:00,111,£1k-5k,3-4 orders
18203,160.42000000000002,1,43,8.443157894736842,2011-07-05 13:07:00,2011-07-05 13:07:00,0,£100-500,1 order
18204,1993.7,3,1200,9.9685,2011-05-31 15:26:00,2011-09-29 16:44:00,121,£1k-5k,3-4 orders
18205,517.36,2,192,16.1675,2011-09-26 12:02:00,2011-11-03 13:22:00,38,£500-1k,2 orders
18209,139.10000000000002,1,58,17.387500000000003,2011-11-11 12:07:00,2011-11-11 12:07:00,0,£100-500,1 order
18210,2621.38,6,1398,19.562537313432838,2011-03-17 16:58:00,2011-12-08 11:02:00,265,£1k-5k,5-9 orders
18211,600.07,5,359,14.287380952380953,2011-03-06 12:09:00,2011-11-14 08:10:00,252,£500-1k,5-9 orders
18212,248.42,1,101,5.7772093023255815,2011-01-17 16:14:00,2011-01-17 16:14:00,0,£100-500,1 order
18213,232.48000000000002,1,232,15.498666666666669,2011-04-17 10:21:00,2011-04-17 10:21:00,0,£100-500,1 order
18215,299.34000000000003,1,118,23.02615384615385,2011-09-11 16:05:00,2011-09-11 16:05:00,0,£100-500,1 order
18216,481.75,1,200,18.528846153846153,2011-11-08 16:55:00,2011-11-08 16:55:00,0,£100-500,1 order
18217,621.75,2,491,20.056451612903224,2011-09-30 10:44:00,2011-11-10 13:18:00,41,£500-1k,2 orders
18218,662.08,2,584,31.527619047619048,2011-03-03 12:24:00,2011-05-12 12:53:00,70,£500-1k,2 orders
18219,2069.77,10,885,18.155877192982455,2010-12-06 10:05:00,2011-12-07 11:43:00,366,£1k-5k,10-19 orders
18220,305.28000000000003,1,288,152.64000000000001,2011-04-27 09:03:00,2011-04-27 09:03:00,0,£100-500,1 order
18221,1041.61,5,791,16.27515625,2011-05-12 14:13:00,2011-11-17 14:40:00,189,£1k-5k,5-9 orders
18222,443.0,1,335,23.31578947368421,2011-09-08 10:45:00,2011-09-08 10:45:00,0,£100-500,1 order
18223,6484.54,14,2948,23.840220588235294,2010-12-16 16:42:00,2011-12-05 09:11:00,353,£5k-10k,10-19 orders
18224,158.95000000000002,1,69,15.895000000000001,2011-03-21 10:30:00,2011-03-21 10:30:00,0,£100-500,1 order
18225,5509.12,12,3244,20.328856088560887,2010-12-09 15:46:00,2011-12-06 13:27:00,361,£5k-10k,10-19 orders
18226,5228.05,11,3466,21.603512396694217,2011-01-06 09:00:00,2011-10-26 13:36:00,293,£5k-10k,10-19 orders
18227,93.75,1,21,18.75,2011-05-06 12:23:00,2011-05-06 12:23:00,0,£0-100,1 order
18228,779.9,2,238,25.996666666666666,2011-09-21 10:48:00,2011-10-14 09:21:00,22,£500-1k,2 orders
18229,7276.900000000001,20,2488,44.37134146341464,2010-12-01 16:25:00,2011-11-28 09:48:00,361,£5k-10k,20+ orders
18230,2810.2000000000003,7,1316,32.67674418604651,2011-02-10 13:06:00,2011-11-30 13:22:00,293,£1k-5k,5-9 orders
18231,2083.27,5,821,16.800564516129032,2011-02-24 09:08:00,2011-05-31 14:18:00,96,£1k-5k,5-9 orders
18232,592.97,4,302,16.026216216216216,2011-05-26 16:30:00,2011-09-19 11:49:00,115,£500-1k,3-4 orders
18233,440.0,1,4,440.0,2011-01-18 08:44:00,2011-01-18 08:44:00,0,£100-500,1 order
18235,1796.48,3,1578,17.273846153846154,2011-05-06 13:35:00,2011-09-29 08:27:00,145,£1k-5k,3-4 orders
18236,882.24,6,403,18.004897959183673,2011-04-13 09:52:00,2011-11-10 08:06:00,210,£500-1k,5-9 orders
18237,987.1,5,622,16.181967213114753,2011-07-28 13:05:00,2011-12-07 12:49:00,131,£500-1k,5-9 orders
18239,1561.6100000000001,5,795,17.745568181818182,2010-12-02 17:48:00,2011-05-05 12:38:00,153,£1k-5k,5-9 orders
18240,422.58,1,126,70.42999999999999,2011-10-24 13:06:00,2011-10-24 13:06:00,0,£100-500,1 order
18241,2073.09,17,1051,19.933557692307694,2011-05-06 09:22:00,2011-11-30 12:10:00,208,£1k-5k,10-19 orders
18242,2232.4900000000002,4,1017,28.62166666666667,2011-05-10 11:20:00,2011-09-28 13:43:00,141,£1k-5k,3-4 orders
18245,2567.06,7,1788,14.668914285714285,2010-12-19 14:58:00,2011-12-02 14:48:00,347,£1k-5k,5-9 orders
18246,596.1,2,166,149.025,2011-04-20 13:55:00,2011-11-16 11:49:00,209,£500-1k,2 orders
18248,804.02,2,511,17.1068085106383,2011-06-06 13:18:00,2011-08-09 10:19:00,63,£500-1k,2 orders
18249,95.34,1,128,11.9175,2011-11-22 15:07:00,2011-11-22 15:07:00,0,£0-100,1 order
18250,349.27,1,199,16.63190476190476,2011-02-02 13:16:00,2011-02-02 13:16:00,0,£100-500,1 order
18251,4314.72,1,7824,269.67,2011-09-13 15:03:00,2011-09-13 15:03:00,0,£1k-5k,1 order
18252,526.67,2,239,5.374183673469387,2011-06-21 11:47:00,2011-10-20 12:43:00,121,£500-1k,2 orders
18255,103.3,1,74,17.216666666666665,2011-09-11 13:16:00,2011-09-11 13:16:00,0,£100-500,1 order
18257,2337.63,8,1041,19.81042372881356,2011-02-16 15:13:00,2011-10-31 14:48:00,256,£1k-5k,5-9 orders
18259,2338.6000000000004,3,714,55.68095238095239,2010-12-08 13:38:00,2011-11-15 12:34:00,341,£1k-5k,3-4 orders
18260,2643.2000000000003,6,1478,19.72537313432836,2010-12-16 18:23:00,2011-06-20 12:37:00,185,£1k-5k,5-9 orders
18261,324.24,2,146,15.440000000000001,2011-09-05 09:34:00,2011-10-27 15:36:00,52,£100-500,2 orders
18262,149.48,1,182,11.498461538461537,2011-07-22 16:04:00,2011-07-22 16:04:00,0,£100-500,1 order
18263,1213.1599999999999,3,1468,19.887868852459015,2011-04-01 11:48:00,2011-11-14 09:00:00,226,£1k-5k,3-4 orders
18265,801.51,2,311,17.424130434782608,2011-07-04 15:26:00,2011-09-28 14:10:00,85,£500-1k,2 orders
18268,25.5,1,2,25.5,2011-07-28 19:13:00,2011-07-28 19:13:00,0,£0-100,1 order
18269,168.6,1,76,24.085714285714285,2010-12-08 13:53:00,2010-12-08 13:53:00,0,£100-500,1 order
18270,283.15,2,101,25.74090909090909,2011-03-18 12:41:00,2011-11-01 13:57:00,228,£100-500,2 orders
18272,3078.58,6,2050,18.54566265060241,2011-04-07 09:35:00,2011-12-07 12:43:00,244,£1k-5k,5-9 orders
18273,204.0,3,80,68.0,2011-03-27 11:22:00,2011-12-07 13:16:00,255,£100-500,3-4 orders
18274,175.92,1,88,15.992727272727272,2011-11-09 17:03:00,2011-11-09 17:03:00,0,£100-500,1 order
18276,335.86,1,186,23.990000000000002,2011-10-27 10:54:00,2011-10-27 10:54:00,0,£100-500,1 order
18277,110.38,1,68,13.7975,2011-10-12 15:22:00,2011-10-12 15:22:00,0,£100-500,1 order
18278,173.9,1,66,19.322222222222223,2011-09-27 11:58:00,2011-09-27 11:58:00,0,£100-500,1 order
18280,180.60000000000002,1,45,18.060000000000002,2011-03-07 09:52:00,2011-03-07 09:52:00,0,£100-500,1 order
18281,80.82,1,54,11.545714285714284,2011-06-12 10:53:00,2011-06-12 10:53:00,0,£0-100,1 order
18282,178.05,2,103,14.8375,2011-08-05 13:35:00,2011-12-02 11:43:00,118,£100-500,2 orders
18283,2094.88,16,1397,2.771005291005291,2011-01-06 14:14:00,2011-12-06 12:02:00,333,£1k-5k,10-19 orders
18287,1837.28,3,1586,26.24685714285714,2011-05-22 10:39:00,2011-10-28 09:29:00,158,£1k-5k,3-4 orders
